ISO-10303-21;
HEADER;
FILE_DESCRIPTION (( 'STEP AP203' ),
    '1' );
FILE_NAME ('Caster Wheel.STEP',
    '2026-08-22T19:12:16',
    ( '' ),
    ( '' ),
    'SwSTEP 2.0',
    'SolidWorks 2026',
    '' );
FILE_SCHEMA (( 'CONFIG_CONTROL_DESIGN' ));
ENDSEC;

DATA;
#1 = CYLINDRICAL_SURFACE ( 'NONE', #1218, 5.445311511337321164 ) ;
#2 = ORIENTED_EDGE ( 'NONE', *, *, #792, .T. ) ;
#3 = DIRECTION ( 'NONE',  ( 0.000000000000000000, 0.000000000000000000, -1.000000000000000000 ) ) ;
#4 = ORIENTED_EDGE ( 'NONE', *, *, #852, .F. ) ;
#5 = DIRECTION ( 'NONE',  ( 0.001978832218500489216, 0.000000000000000000, -0.9999980421096089644 ) ) ;
#6 = SECURITY_CLASSIFICATION ( '', '', #1161 ) ;
#7 = PERSON_AND_ORGANIZATION ( #536, #685 ) ;
#8 = VERTEX_POINT ( 'NONE', #841 ) ;
#9 = DIRECTION ( 'NONE',  ( -3.682617904393160126E-16, 1.000000000000000000, 0.000000000000000000 ) ) ;
#10 = AXIS2_PLACEMENT_3D ( 'NONE', #1107, #564, #557 ) ;
#11 = ORIENTED_EDGE ( 'NONE', *, *, #428, .F. ) ;
#12 = DIRECTION ( 'NONE',  ( 1.000000000000000000, 3.097720492815726673E-16, 0.000000000000000000 ) ) ;
#13 = FACE_OUTER_BOUND ( 'NONE', #1235, .T. ) ;
#14 = AXIS2_PLACEMENT_3D ( 'NONE', #165, #628, #874 ) ;
#15 = CARTESIAN_POINT ( 'NONE',  ( 11.90385699040326095, -2.516464076326277777, -3.911670991258526341E-15 ) ) ;
#16 = CARTESIAN_POINT ( 'NONE',  ( 10.14628493101889894, -3.716464076326281507, -5.141401059554924657 ) ) ;
#17 = ORIENTED_EDGE ( 'NONE', *, *, #749, .F. ) ;
#18 = DIRECTION ( 'NONE',  ( -0.7747650967598240790, -2.853163817026629621E-16, -0.6322491952092469392 ) ) ;
#19 = ORIENTED_EDGE ( 'NONE', *, *, #1042, .T. ) ;
#20 = CIRCLE ( 'NONE', #944, 1.400000000000000133 ) ;
#21 = ORIENTED_EDGE ( 'NONE', *, *, #1068, .F. ) ;
#22 = ORIENTED_EDGE ( 'NONE', *, *, #168, .T. ) ;
#23 = CYLINDRICAL_SURFACE ( 'NONE', #799, 0.1000000000000000333 ) ;
#24 = ORIENTED_EDGE ( 'NONE', *, *, #376, .F. ) ;
#25 = CIRCLE ( 'NONE', #1004, 7.845311511337318855 ) ;
#26 = CARTESIAN_POINT ( 'NONE',  ( 10.95150160530874039, -2.616464076326276977, 4.355230390746835489 ) ) ;
#27 = VERTEX_POINT ( 'NONE', #42 ) ;
#28 = ADVANCED_FACE ( 'NONE', ( #33 ), #377, .T. ) ;
#29 = AXIS2_PLACEMENT_3D ( 'NONE', #548, #1379, #1466 ) ;
#30 = ADVANCED_FACE ( 'NONE', ( #253 ), #913, .T. ) ;
#31 = ORIENTED_EDGE ( 'NONE', *, *, #1245, .T. ) ;
#32 = CARTESIAN_POINT ( 'NONE',  ( -0.002596173510223207664, 10.28335427152003945, -3.911670991258526341E-15 ) ) ;
#33 = FACE_OUTER_BOUND ( 'NONE', #597, .T. ) ;
#34 = TOROIDAL_SURFACE ( 'NONE', #179, 10.30000000000000071, 0.1000000000000000056 ) ;
#35 = DIRECTION ( 'NONE',  ( -0.7772612544013220992, 4.052314039881820584E-15, 0.6291779894485209912 ) ) ;
#36 = ORIENTED_EDGE ( 'NONE', *, *, #1505, .T. ) ;
#37 = CARTESIAN_POINT ( 'NONE',  ( -0.002596173510223429275, 10.28335427152002879, -3.800648688796010687E-15 ) ) ;
#38 = CIRCLE ( 'NONE', #230, 0.09999999999999982514 ) ;
#39 = EDGE_LOOP ( 'NONE', ( #1015, #622 ) ) ;
#40 = DIRECTION ( 'NONE',  ( 0.001978832218500489216, 0.000000000000000000, -0.9999980421096089644 ) ) ;
#41 = CARTESIAN_POINT ( 'NONE',  ( -2.075447837582868438, -2.616464076326280974, -11.70238102834512439 ) ) ;
#42 = CARTESIAN_POINT ( 'NONE',  ( 6.572795456665940783, -2.616464076326276977, -8.057557006302165092 ) ) ;
#43 = DIRECTION ( 'NONE',  ( -4.440892098500630106E-16, 1.000000000000000000, 2.240551683467965209E-31 ) ) ;
#44 = ORIENTED_EDGE ( 'NONE', *, *, #267, .T. ) ;
#45 = DIRECTION ( 'NONE',  ( 1.000000000000000000, 0.000000000000000000, 0.000000000000000000 ) ) ;
#46 = EDGE_CURVE ( 'NONE', #231, #938, #961, .T. ) ;
#47 = DIRECTION ( 'NONE',  ( 1.000000000000000000, 0.000000000000000000, 0.000000000000000000 ) ) ;
#48 = CARTESIAN_POINT ( 'NONE',  ( -0.002596173510218902514, 6.973978459147759601, -8.467187294840083922 ) ) ;
#49 = VECTOR ( 'NONE', #1198, 1000.000000000000000 ) ;
#50 = CARTESIAN_POINT ( 'NONE',  ( 13.39740382648978034, -2.516464076326273780, -3.911670991258526341E-15 ) ) ;
#51 = FACE_BOUND ( 'NONE', #1085, .T. ) ;
#52 = CIRCLE ( 'NONE', #1444, 8.800000000000000711 ) ;
#53 = VERTEX_POINT ( 'NONE', #826 ) ;
#54 = VECTOR ( 'NONE', #990, 1000.000000000000000 ) ;
#55 = CARTESIAN_POINT ( 'NONE',  ( 6.509570537145019209, -2.616464076326276977, 7.980080496626197117 ) ) ;
#56 = VERTEX_POINT ( 'NONE', #1296 ) ;
#57 = PLANE ( 'NONE',  #829 ) ;
#58 = CARTESIAN_POINT ( 'NONE',  ( -4.269325084228180245, 7.892956375594759599, -3.911670991258526341E-15 ) ) ;
#59 = CIRCLE ( 'NONE', #1037, 0.1000000000000007550 ) ;
#60 = LINE ( 'NONE', #410, #54 ) ;
#61 = LINE ( 'NONE', #522, #265 ) ;
#62 = AXIS2_PLACEMENT_3D ( 'NONE', #170, #1437, #1097 ) ;
#63 = VERTEX_POINT ( 'NONE', #245 ) ;
#64 = EDGE_CURVE ( 'NONE', #551, #1058, #715, .T. ) ;
#65 = CARTESIAN_POINT ( 'NONE',  ( 2.787150462492330671, 10.25976145298295883, -2.789746636002556457 ) ) ;
#66 = ADVANCED_FACE ( 'NONE', ( #878 ), #520, .F. ) ;
#67 = AXIS2_PLACEMENT_3D ( 'NONE', #226, #1024, #426 ) ;
#68 = FACE_BOUND ( 'NONE', #347, .T. ) ;
#69 = DIRECTION ( 'NONE',  ( 0.7772612544013342006, 0.000000000000000000, -0.6291779894485061142 ) ) ;
#70 = DIRECTION ( 'NONE',  ( 0.000000000000000000, 1.000000000000000000, 0.000000000000000000 ) ) ;
#71 = ADVANCED_FACE ( 'NONE', ( #775, #514 ), #634, .T. ) ;
#72 = ORIENTED_EDGE ( 'NONE', *, *, #1520, .F. ) ;
#73 = DIRECTION ( 'NONE',  ( 1.000000000000000000, 0.000000000000000000, 0.000000000000000000 ) ) ;
#74 = CARTESIAN_POINT ( 'NONE',  ( -6.527619067121267271, -2.545753398207603269, -8.060751590707690539 ) ) ;
#75 =( LENGTH_UNIT ( ) NAMED_UNIT ( * ) SI_UNIT ( .MILLI., .METRE. ) );
#76 = DIRECTION ( 'NONE',  ( -3.682617904393160126E-16, 1.000000000000000000, 0.000000000000000000 ) ) ;
#77 = AXIS2_PLACEMENT_3D ( 'NONE', #1143, #1128, #678 ) ;
#78 = ORIENTED_EDGE ( 'NONE', *, *, #487, .T. ) ;
#79 = DIRECTION ( 'NONE',  ( -3.682617904393160126E-16, 1.000000000000000000, 0.000000000000000000 ) ) ;
#80 = VECTOR ( 'NONE', #789, 1000.000000000000000 ) ;
#81 = ADVANCED_FACE ( 'NONE', ( #658 ), #1475, .T. ) ;
#82 = VERTEX_POINT ( 'NONE', #1346 ) ;
#83 = CARTESIAN_POINT ( 'NONE',  ( -13.60530296192517774, -2.616464076326285415, -2.240528885167011985 ) ) ;
#84 = CARTESIAN_POINT ( 'NONE',  ( -6.546047263774861236, -3.716464076326281507, 8.083517045773715992 ) ) ;
#85 =( GEOMETRIC_REPRESENTATION_CONTEXT ( 3 ) GLOBAL_UNCERTAINTY_ASSIGNED_CONTEXT ( ( #1462 ) ) GLOBAL_UNIT_ASSIGNED_CONTEXT ( ( #75, #671, #664 ) ) REPRESENTATION_CONTEXT ( 'NONE', 'WORKASPACE' ) );
#86 = ORIENTED_EDGE ( 'NONE', *, *, #1363, .T. ) ;
#87 = ORIENTED_EDGE ( 'NONE', *, *, #1405, .T. ) ;
#88 = CARTESIAN_POINT ( 'NONE',  ( 11.90385699040326095, -3.716464076326281507, -3.911670991258526341E-15 ) ) ;
#89 = ORIENTED_EDGE ( 'NONE', *, *, #638, .F. ) ;
#90 = DIRECTION ( 'NONE',  ( -0.6322491952092481604, -3.019899232630858776E-16, 0.7747650967598231908 ) ) ;
#91 = AXIS2_PLACEMENT_3D ( 'NONE', #1202, #618, #40 ) ;
#92 = LINE ( 'NONE', #84, #1124 ) ;
#93 = EDGE_LOOP ( 'NONE', ( #887, #260, #613, #1257 ) ) ;
#94 = DIRECTION ( 'NONE',  ( 1.000000000000000000, 0.000000000000000000, 0.000000000000000000 ) ) ;
#95 = CARTESIAN_POINT ( 'NONE',  ( -0.002596173510219939445, 7.892956375594759599, 5.445311511337316723 ) ) ;
#96 = EDGE_CURVE ( 'NONE', #1058, #56, #765, .T. ) ;
#97 = DIRECTION ( 'NONE',  ( -4.440892098500625176E-16, 1.000000000000000000, 0.000000000000000000 ) ) ;
#98 = AXIS2_PLACEMENT_3D ( 'NONE', #146, #870, #1314 ) ;
#99 = ORIENTED_EDGE ( 'NONE', *, *, #900, .F. ) ;
#100 = DIRECTION ( 'NONE',  ( 0.000000000000000000, 1.000000000000000000, 0.000000000000000000 ) ) ;
#101 = DIRECTION ( 'NONE',  ( 0.000000000000000000, 0.000000000000000000, 1.000000000000000000 ) ) ;
#102 = DIRECTION ( 'NONE',  ( 1.000000000000000000, 0.000000000000000000, 0.000000000000000000 ) ) ;
#103 = AXIS2_PLACEMENT_3D ( 'NONE', #594, #1397, #102 ) ;
#104 = ADVANCED_FACE ( 'NONE', ( #1127 ), #197, .T. ) ;
#105 = PERSON_AND_ORGANIZATION_ROLE ( 'classification_officer' ) ;
#106 = CARTESIAN_POINT ( 'NONE',  ( -0.002596173510223318687, 10.28335427152003945, -3.911670991258526341E-15 ) ) ;
#107 = ORIENTED_EDGE ( 'NONE', *, *, #456, .T. ) ;
#108 = CIRCLE ( 'NONE', #1403, 5.445311511337321164 ) ;
#109 = CYLINDRICAL_SURFACE ( 'NONE', #820, 1.400000000000000133 ) ;
#110 = EDGE_CURVE ( 'NONE', #1007, #1133, #1511, .T. ) ;
#111 = CARTESIAN_POINT ( 'NONE',  ( -0.002596173510218693480, -2.516464076326281774, -3.911670991258526341E-15 ) ) ;
#112 = EDGE_CURVE ( 'NONE', #327, #1369, #137, .T. ) ;
#113 = AXIS2_PLACEMENT_3D ( 'NONE', #621, #626, #614 ) ;
#114 = APPROVAL_STATUS ( 'not_yet_approved' ) ;
#115 = DIRECTION ( 'NONE',  ( 1.000000000000000000, 0.000000000000000000, 0.000000000000000000 ) ) ;
#116 = ORIENTED_EDGE ( 'NONE', *, *, #314, .F. ) ;
#117 = AXIS2_PLACEMENT_3D ( 'NONE', #1315, #499, #972 ) ;
#118 = DIRECTION ( 'NONE',  ( 4.440892098500635036E-16, -1.000000000000000000, 0.000000000000000000 ) ) ;
#119 = EDGE_CURVE ( 'NONE', #957, #63, #1371, .T. ) ;
#120 = PLANE ( 'NONE',  #1223 ) ;
#121 = APPROVAL_ROLE ( '' ) ;
#122 = EDGE_LOOP ( 'NONE', ( #738, #763, #1381, #277 ) ) ;
#123 = ORIENTED_EDGE ( 'NONE', *, *, #588, .T. ) ;
#124 = DIRECTION ( 'NONE',  ( 0.6322491952092447187, 4.336808689942080056E-15, -0.7747650967598259664 ) ) ;
#125 = PERSON_AND_ORGANIZATION ( #536, #685 ) ;
#126 = CIRCLE ( 'NONE', #293, 6.245311511337320098 ) ;
#127 = ORIENTED_EDGE ( 'NONE', *, *, #916, .T. ) ;
#128 = CARTESIAN_POINT ( 'NONE',  ( -0.002596173510219939445, 7.592956375594758889, -3.911670991258526341E-15 ) ) ;
#129 = ORIENTED_EDGE ( 'NONE', *, *, #112, .T. ) ;
#130 = DIRECTION ( 'NONE',  ( 3.682617904393160126E-16, -1.000000000000000000, 0.000000000000000000 ) ) ;
#131 = ORIENTED_EDGE ( 'NONE', *, *, #264, .F. ) ;
#132 = CARTESIAN_POINT ( 'NONE',  ( 6.572795456665940783, -3.716464076326281507, 8.057557006302156211 ) ) ;
#133 = DIRECTION ( 'NONE',  ( 0.7747650967598240790, 2.853163817026629621E-16, 0.6322491952092469392 ) ) ;
#134 = ORIENTED_EDGE ( 'NONE', *, *, #1118, .T. ) ;
#135 = DIRECTION ( 'NONE',  ( 0.000000000000000000, 1.000000000000000000, 0.000000000000000000 ) ) ;
#136 = ORIENTED_EDGE ( 'NONE', *, *, #1458, .F. ) ;
#137 = CIRCLE ( 'NONE', #331, 10.40000000000000036 ) ;
#138 = CC_DESIGN_DATE_AND_TIME_ASSIGNMENT ( #1411, #219, ( #837 ) ) ;
#139 = CARTESIAN_POINT ( 'NONE',  ( -12.00259617351022001, -3.716464076326281507, -3.911670991258526341E-15 ) ) ;
#140 = ORIENTED_EDGE ( 'NONE', *, *, #588, .F. ) ;
#141 = CARTESIAN_POINT ( 'NONE',  ( 11.99740382648977999, -2.516464076326274224, -3.911670991258526341E-15 ) ) ;
#142 = EDGE_LOOP ( 'NONE', ( #36, #307 ) ) ;
#143 = ADVANCED_FACE ( 'NONE', ( #1485 ), #1424, .T. ) ;
#144 = AXIS2_PLACEMENT_3D ( 'NONE', #1380, #321, #550 ) ;
#145 = ORIENTED_EDGE ( 'NONE', *, *, #1520, .T. ) ;
#146 = CARTESIAN_POINT ( 'NONE',  ( 13.65654948585090267, -2.616464076326276977, 2.147768603131708254 ) ) ;
#147 = EDGE_LOOP ( 'NONE', ( #794, #475, #236, #1040 ) ) ;
#148 = AXIS2_PLACEMENT_3D ( 'NONE', #1440, #1319, #987 ) ;
#149 = DIRECTION ( 'NONE',  ( 0.000000000000000000, 1.000000000000000000, 0.000000000000000000 ) ) ;
#150 = ORIENTED_EDGE ( 'NONE', *, *, #712, .F. ) ;
#151 = AXIS2_PLACEMENT_3D ( 'NONE', #1354, #320, #90 ) ;
#152 = CYLINDRICAL_SURFACE ( 'NONE', #1283, 8.467187294840080369 ) ;
#153 = LINE ( 'NONE', #402, #1154 ) ;
#154 = ORIENTED_EDGE ( 'NONE', *, *, #1034, .T. ) ;
#155 = CIRCLE ( 'NONE', #1028, 7.045311511337319921 ) ;
#156 = CARTESIAN_POINT ( 'NONE',  ( 11.01472652482966019, -2.616464076326276977, 4.432706900422836327 ) ) ;
#157 = EDGE_LOOP ( 'NONE', ( #199, #605 ) ) ;
#158 = DIRECTION ( 'NONE',  ( 0.7747650967598133098, 0.000000000000000000, -0.6322491952092603729 ) ) ;
#159 = AXIS2_PLACEMENT_3D ( 'NONE', #1300, #1147, #101 ) ;
#160 = DIRECTION ( 'NONE',  ( 0.000000000000000000, 1.000000000000000000, 0.000000000000000000 ) ) ;
#161 = CARTESIAN_POINT ( 'NONE',  ( -0.002596173510223310013, 10.25976145298295350, 2.789746636002549351 ) ) ;
#162 = ORIENTED_EDGE ( 'NONE', *, *, #1026, .F. ) ;
#163 = LINE ( 'NONE', #156, #760 ) ;
#164 = VERTEX_POINT ( 'NONE', #50 ) ;
#165 = CARTESIAN_POINT ( 'NONE',  ( 13.65654948585090267, -2.616464076326276977, -2.147768603131719800 ) ) ;
#166 = CARTESIAN_POINT ( 'NONE',  ( -0.002596173510218978409, 7.147064359006319201, -7.845311511337322408 ) ) ;
#167 = DIRECTION ( 'NONE',  ( 0.6322491952092509360, 0.000000000000000000, 0.7747650967598208593 ) ) ;
#168 = EDGE_CURVE ( 'NONE', #261, #719, #1200, .T. ) ;
#169 = CARTESIAN_POINT ( 'NONE',  ( 13.71977440537182247, -3.716464076326281507, 2.225245112807692216 ) ) ;
#170 = CARTESIAN_POINT ( 'NONE',  ( -0.002596173510219939445, 7.792956375594759066, -3.911670991258526341E-15 ) ) ;
#171 = AXIS2_PLACEMENT_3D ( 'NONE', #932, #1299, #1516 ) ;
#172 = EDGE_LOOP ( 'NONE', ( #955, #890 ) ) ;
#173 = CIRCLE ( 'NONE', #1030, 1.400000000000000133 ) ;
#174 = CARTESIAN_POINT ( 'NONE',  ( -0.002596173510223318687, 10.28335427152003945, -3.800648688796010687E-15 ) ) ;
#175 = EDGE_CURVE ( 'NONE', #341, #1318, #1459, .T. ) ;
#176 = FACE_OUTER_BOUND ( 'NONE', #464, .T. ) ;
#177 = DIRECTION ( 'NONE',  ( 3.391650262818020451E-16, -1.000000000000000000, 0.000000000000000000 ) ) ;
#178 = DIRECTION ( 'NONE',  ( 0.7772612544013342006, 0.000000000000000000, -0.6291779894485061142 ) ) ;
#179 = AXIS2_PLACEMENT_3D ( 'NONE', #963, #1091, #1324 ) ;
#180 = VERTEX_POINT ( 'NONE', #1104 ) ;
#181 = CARTESIAN_POINT ( 'NONE',  ( -0.002596173510223429709, 10.28335427152003945, -3.911670991258526341E-15 ) ) ;
#182 = VECTOR ( 'NONE', #177, 1000.000000000000000 ) ;
#183 = DIRECTION ( 'NONE',  ( 3.682617904393160126E-16, -1.000000000000000000, 0.000000000000000000 ) ) ;
#184 = CARTESIAN_POINT ( 'NONE',  ( -0.002596173510218168293, -3.716464076326281507, -3.911670991258526341E-15 ) ) ;
#185 = CARTESIAN_POINT ( 'NONE',  ( 13.39740382648978034, 40.42325628722720410, -3.911670991258526341E-15 ) ) ;
#186 = EDGE_LOOP ( 'NONE', ( #89, #1395, #429, #1079 ) ) ;
#187 = PLANE ( 'NONE',  #1016 ) ;
#188 = EDGE_CURVE ( 'NONE', #936, #251, #642, .T. ) ;
#189 = DIRECTION ( 'NONE',  ( -0.6291779894485076685, 0.000000000000000000, -0.7772612544013329794 ) ) ;
#190 = CYLINDRICAL_SURFACE ( 'NONE', #144, 7.845311511337318855 ) ;
#191 = CIRCLE ( 'NONE', #1321, 10.40000000000000036 ) ;
#192 = ORIENTED_EDGE ( 'NONE', *, *, #538, .T. ) ;
#193 = DIRECTION ( 'NONE',  ( 1.000000000000000000, 3.019899232630857297E-16, 1.546188407107000222E-16 ) ) ;
#194 = AXIS2_PLACEMENT_3D ( 'NONE', #141, #130, #12 ) ;
#195 = ORIENTED_EDGE ( 'NONE', *, *, #248, .T. ) ;
#196 = FACE_OUTER_BOUND ( 'NONE', #205, .T. ) ;
#197 = CYLINDRICAL_SURFACE ( 'NONE', #992, 0.09999999999999979738 ) ;
#198 = DIRECTION ( 'NONE',  ( 0.000000000000000000, 0.000000000000000000, 1.000000000000000000 ) ) ;
#199 = ORIENTED_EDGE ( 'NONE', *, *, #373, .T. ) ;
#200 = ORIENTED_EDGE ( 'NONE', *, *, #314, .T. ) ;
#201 = CARTESIAN_POINT ( 'NONE',  ( -5.573616787185580179, -2.616464076326280974, 8.742023885321714260 ) ) ;
#202 = EDGE_CURVE ( 'NONE', #779, #53, #60, .T. ) ;
#203 = EDGE_LOOP ( 'NONE', ( #1011, #974, #129, #1434, #434, #946, #1325, #1122 ) ) ;
#204 = CARTESIAN_POINT ( 'NONE',  ( -13.66822076087002102, -3.716464076326281507, 2.318255010607136235 ) ) ;
#205 = EDGE_LOOP ( 'NONE', ( #554, #811, #730, #1416 ) ) ;
#206 = ORIENTED_EDGE ( 'NONE', *, *, #1145, .T. ) ;
#207 = DIRECTION ( 'NONE',  ( 1.000000000000000000, 3.097720492815726673E-16, 0.000000000000000000 ) ) ;
#208 = DIRECTION ( 'NONE',  ( 3.682617904393160126E-16, -1.000000000000000000, 0.000000000000000000 ) ) ;
#209 = ORIENTED_EDGE ( 'NONE', *, *, #328, .F. ) ;
#210 = CARTESIAN_POINT ( 'NONE',  ( 6.572795456665940783, -3.716464076326281507, 8.057557006302156211 ) ) ;
#211 = EDGE_CURVE ( 'NONE', #425, #8, #726, .T. ) ;
#212 = CARTESIAN_POINT ( 'NONE',  ( -11.79163805673633902, -3.716464076326281507, -3.911670991258526341E-15 ) ) ;
#213 = AXIS2_PLACEMENT_3D ( 'NONE', #235, #832, #1305 ) ;
#214 = VERTEX_POINT ( 'NONE', #996 ) ;
#215 = EDGE_CURVE ( 'NONE', #1032, #901, #1356, .T. ) ;
#216 = DIRECTION ( 'NONE',  ( 1.000000000000000000, 0.000000000000000000, 0.000000000000000000 ) ) ;
#217 = DIRECTION ( 'NONE',  ( -4.440892098500630106E-16, 1.000000000000000000, 0.000000000000000000 ) ) ;
#218 = AXIS2_PLACEMENT_3D ( 'NONE', #469, #208, #1166 ) ;
#219 = DATE_TIME_ROLE ( 'creation_date' ) ;
#220 = EDGE_CURVE ( 'NONE', #926, #425, #650, .T. ) ;
#221 = AXIS2_PLACEMENT_3D ( 'NONE', #1374, #438, #570 ) ;
#222 = EDGE_CURVE ( 'NONE', #214, #1129, #1298, .T. ) ;
#223 = FACE_BOUND ( 'NONE', #952, .T. ) ;
#224 = EDGE_LOOP ( 'NONE', ( #896, #654, #556, #24 ) ) ;
#225 = CC_DESIGN_APPROVAL ( #470, ( #837 ) ) ;
#226 = CARTESIAN_POINT ( 'NONE',  ( -0.002596173510218656617, -2.616464076326280974, 10.29999999999999716 ) ) ;
#227 = FACE_BOUND ( 'NONE', #723, .T. ) ;
#228 = APPROVAL_STATUS ( 'not_yet_approved' ) ;
#229 = CARTESIAN_POINT ( 'NONE',  ( -6.546047263774861236, -3.716464076326281507, -8.083517045773724874 ) ) ;
#230 = AXIS2_PLACEMENT_3D ( 'NONE', #55, #158, #517 ) ;
#231 = VERTEX_POINT ( 'NONE', #1410 ) ;
#232 = CARTESIAN_POINT ( 'NONE',  ( 14.58821599918262280, -2.616464076326276977, -1.516550953675600111 ) ) ;
#233 = CARTESIAN_POINT ( 'NONE',  ( -0.002596173510220298967, 2.083535923673722756, -3.911670991258526341E-15 ) ) ;
#234 = DATE_AND_TIME ( #1303, #1081 ) ;
#235 = CARTESIAN_POINT ( 'NONE',  ( -0.002596173510219939445, 7.642956375594759599, -3.911670991258526341E-15 ) ) ;
#236 = ORIENTED_EDGE ( 'NONE', *, *, #258, .F. ) ;
#237 = CARTESIAN_POINT ( 'NONE',  ( -6.546047263774861236, -3.716464076326281507, -8.083517045773724874 ) ) ;
#238 = VERTEX_POINT ( 'NONE', #697 ) ;
#239 = CARTESIAN_POINT ( 'NONE',  ( 6.554277306478294207, -2.545753398207541540, -8.034864662000824609 ) ) ;
#240 = DATE_TIME_ROLE ( 'classification_date' ) ;
#241 = CIRCLE ( 'NONE', #1100, 5.445311511337321164 ) ;
#242 = VECTOR ( 'NONE', #1119, 1000.000000000000000 ) ;
#243 = ORIENTED_EDGE ( 'NONE', *, *, #1304, .F. ) ;
#244 = CARTESIAN_POINT ( 'NONE',  ( -13.40259617351022037, -3.716464076326281507, -3.740220439377894609E-15 ) ) ;
#245 = CARTESIAN_POINT ( 'NONE',  ( 8.797403826489782475, -2.516464076326274668, -3.911670991258526341E-15 ) ) ;
#246 = DIRECTION ( 'NONE',  ( 0.7772612544013197677, 2.862356211849390345E-16, 0.6291779894485238778 ) ) ;
#247 = ORIENTED_EDGE ( 'NONE', *, *, #792, .F. ) ;
#248 = EDGE_CURVE ( 'NONE', #371, #1032, #25, .T. ) ;
#249 = CIRCLE ( 'NONE', #1038, 10.40000000000000036 ) ;
#250 = EDGE_LOOP ( 'NONE', ( #452, #998, #206, #1183, #1096, #931 ) ) ;
#251 = VERTEX_POINT ( 'NONE', #1153 ) ;
#252 = DIRECTION ( 'NONE',  ( -4.440892098500630106E-16, 1.000000000000000000, 0.000000000000000000 ) ) ;
#253 = FACE_OUTER_BOUND ( 'NONE', #250, .T. ) ;
#254 = EDGE_CURVE ( 'NONE', #1445, #238, #1077, .T. ) ;
#255 = FACE_OUTER_BOUND ( 'NONE', #1066, .T. ) ;
#256 = EDGE_LOOP ( 'NONE', ( #116, #609, #134, #136 ) ) ;
#257 = AXIS2_PLACEMENT_3D ( 'NONE', #1450, #871, #1252 ) ;
#258 = EDGE_CURVE ( 'NONE', #341, #1423, #703, .T. ) ;
#259 = VERTEX_POINT ( 'NONE', #239 ) ;
#260 = ORIENTED_EDGE ( 'NONE', *, *, #383, .T. ) ;
#261 = VERTEX_POINT ( 'NONE', #675 ) ;
#262 = LINE ( 'NONE', #722, #49 ) ;
#263 = ORIENTED_EDGE ( 'NONE', *, *, #855, .T. ) ;
#264 = EDGE_CURVE ( 'NONE', #534, #541, #366, .T. ) ;
#265 = VECTOR ( 'NONE', #991, 1000.000000000000000 ) ;
#266 = FACE_OUTER_BOUND ( 'NONE', #224, .T. ) ;
#267 = EDGE_CURVE ( 'NONE', #1359, #968, #950, .T. ) ;
#268 = CARTESIAN_POINT ( 'NONE',  ( 4.264132737207739332, 7.892956375594759599, -3.911670991258526341E-15 ) ) ;
#269 = ORIENTED_EDGE ( 'NONE', *, *, #376, .T. ) ;
#270 = EDGE_CURVE ( 'NONE', #1129, #56, #1277, .T. ) ;
#271 = VECTOR ( 'NONE', #356, 1000.000000000000227 ) ;
#272 = DIRECTION ( 'NONE',  ( 0.7747650967598240790, 2.853163817026629621E-16, -0.6322491952092469392 ) ) ;
#273 = VERTEX_POINT ( 'NONE', #942 ) ;
#274 = CARTESIAN_POINT ( 'NONE',  ( -0.002596173510219939445, 7.692956375594759422, 6.245311511337316546 ) ) ;
#275 = APPROVAL_PERSON_ORGANIZATION ( #923, #1447, #929 ) ;
#276 = CARTESIAN_POINT ( 'NONE',  ( 2.787150462492330671, 10.25976145298295883, -2.789746636002556457 ) ) ;
#277 = ORIENTED_EDGE ( 'NONE', *, *, #1463, .F. ) ;
#278 = DIRECTION ( 'NONE',  ( 1.000000000000000000, 0.000000000000000000, 0.000000000000000000 ) ) ;
#279 = ORIENTED_EDGE ( 'NONE', *, *, #1224, .T. ) ;
#280 = CARTESIAN_POINT ( 'NONE',  ( -0.002596173510223429275, 10.28335427152002879, -4.022693293721041995E-15 ) ) ;
#281 = AXIS2_PLACEMENT_3D ( 'NONE', #766, #326, #1481 ) ;
#282 = CARTESIAN_POINT ( 'NONE',  ( 4.264132737207742885, 7.892956375594759599, -4.266728910717965562 ) ) ;
#283 = CARTESIAN_POINT ( 'NONE',  ( 10.99620837464196121, -2.545753398207622809, 4.410014556121388374 ) ) ;
#284 = CARTESIAN_POINT ( 'NONE',  ( -6.546047263774861236, -2.616464076326285415, 8.083517045773715992 ) ) ;
#285 = ORIENTED_EDGE ( 'NONE', *, *, #1076, .F. ) ;
#286 = DIRECTION ( 'NONE',  ( 0.000000000000000000, 1.000000000000000000, 0.000000000000000000 ) ) ;
#287 = AXIS2_PLACEMENT_3D ( 'NONE', #810, #1071, #115 ) ;
#288 = DIRECTION ( 'NONE',  ( -3.682617904393160126E-16, 1.000000000000000000, 0.000000000000000000 ) ) ;
#289 = LINE ( 'NONE', #41, #1477 ) ;
#290 = CARTESIAN_POINT ( 'NONE',  ( -13.60530296192517774, -2.616464076326289856, 2.240528885167000439 ) ) ;
#291 = DIRECTION ( 'NONE',  ( 0.7772612544013179914, 2.775557561562890168E-15, 0.6291779894485259872 ) ) ;
#292 = VERTEX_POINT ( 'NONE', #1417 ) ;
#293 = AXIS2_PLACEMENT_3D ( 'NONE', #741, #1210, #47 ) ;
#294 = CARTESIAN_POINT ( 'NONE',  ( -2.792342809512776025, 10.25976145298295883, 2.789746636002548907 ) ) ;
#295 = DIRECTION ( 'NONE',  ( -0.4448960229123692378, 0.7071067811865455743, -0.5496067037407380562 ) ) ;
#296 = AXIS2_PLACEMENT_3D ( 'NONE', #1242, #310, #891 ) ;
#297 = CYLINDRICAL_SURFACE ( 'NONE', #323, 0.1000000000000001443 ) ;
#298 = DIRECTION ( 'NONE',  ( 3.982792074571835191E-16, -1.000000000000000000, 3.708231310768734988E-17 ) ) ;
#299 = CARTESIAN_POINT ( 'NONE',  ( -13.64979256421644394, -2.545753398207566409, -2.295489555541124105 ) ) ;
#300 = ADVANCED_FACE ( 'NONE', ( #586 ), #683, .F. ) ;
#301 = CIRCLE ( 'NONE', #1234, 8.467187294840080369 ) ;
#302 = ORIENTED_EDGE ( 'NONE', *, *, #1118, .F. ) ;
#303 = DIRECTION ( 'NONE',  ( -0.7747650967598240790, -2.853163817026629621E-16, 0.6322491952092469392 ) ) ;
#304 = CARTESIAN_POINT ( 'NONE',  ( 6.509570537145019209, -2.616464076326276977, -7.980080496626204223 ) ) ;
#305 = DIRECTION ( 'NONE',  ( 1.000000000000000000, 0.000000000000000000, 0.000000000000000000 ) ) ;
#306 = CYLINDRICAL_SURFACE ( 'NONE', #1248, 0.1000000000000000333 ) ;
#307 = ORIENTED_EDGE ( 'NONE', *, *, #328, .T. ) ;
#308 = DIRECTION ( 'NONE',  ( -0.6322491952092481604, -3.019899232630858776E-16, 0.7747650967598231908 ) ) ;
#309 = ORIENTED_EDGE ( 'NONE', *, *, #867, .T. ) ;
#310 = DIRECTION ( 'NONE',  ( 3.391650262818020451E-16, -1.000000000000000000, 0.000000000000000000 ) ) ;
#311 = CARTESIAN_POINT ( 'NONE',  ( 8.797403826489780698, 2.083535923673725865, -3.911670991258526341E-15 ) ) ;
#312 = CARTESIAN_POINT ( 'NONE',  ( -0.002596173510219939445, 7.892956375594759599, -3.911670991258526341E-15 ) ) ;
#313 = AXIS2_PLACEMENT_3D ( 'NONE', #212, #1135, #332 ) ;
#314 = EDGE_CURVE ( 'NONE', #569, #1376, #1054, .T. ) ;
#315 = ORIENTED_EDGE ( 'NONE', *, *, #330, .F. ) ;
#316 = FACE_OUTER_BOUND ( 'NONE', #599, .T. ) ;
#317 = AXIS2_PLACEMENT_3D ( 'NONE', #1309, #1164, #708 ) ;
#318 = VECTOR ( 'NONE', #1468, 1000.000000000000000 ) ;
#319 = ORIENTED_EDGE ( 'NONE', *, *, #46, .F. ) ;
#320 = DIRECTION ( 'NONE',  ( 3.985729706474579762E-16, -1.000000000000000000, -3.714365260535164655E-17 ) ) ;
#321 = DIRECTION ( 'NONE',  ( 0.000000000000000000, 1.000000000000000000, 0.000000000000000000 ) ) ;
#322 = EDGE_CURVE ( 'NONE', #1430, #933, #565, .T. ) ;
#323 = AXIS2_PLACEMENT_3D ( 'NONE', #1126, #422, #883 ) ;
#324 = VERTEX_POINT ( 'NONE', #580 ) ;
#325 = DIRECTION ( 'NONE',  ( 3.682617904393160126E-16, -1.000000000000000000, 0.000000000000000000 ) ) ;
#326 = DIRECTION ( 'NONE',  ( 3.682617904393160126E-16, -1.000000000000000000, 1.041007886991625862E-33 ) ) ;
#327 = VERTEX_POINT ( 'NONE', #1043 ) ;
#328 = EDGE_CURVE ( 'NONE', #53, #63, #1351, .T. ) ;
#329 = CARTESIAN_POINT ( 'NONE',  ( -0.002596173510218605009, -2.516464076326277777, -3.911670991258526341E-15 ) ) ;
#330 = EDGE_CURVE ( 'NONE', #620, #551, #566, .T. ) ;
#331 = AXIS2_PLACEMENT_3D ( 'NONE', #184, #298, #539 ) ;
#332 = DIRECTION ( 'NONE',  ( 0.6291779894485240998, 2.908078142412877662E-16, -0.7772612544013197677 ) ) ;
#333 = VERTEX_POINT ( 'NONE', #335 ) ;
#334 = DIRECTION ( 'NONE',  ( 0.000000000000000000, 1.000000000000000000, 0.000000000000000000 ) ) ;
#335 = CARTESIAN_POINT ( 'NONE',  ( -0.002596173510219174432, 7.692956375594759422, -6.245311511337324539 ) ) ;
#336 = ADVANCED_FACE ( 'NONE', ( #349 ), #1284, .T. ) ;
#337 = EDGE_CURVE ( 'NONE', #983, #1445, #1513, .T. ) ;
#338 = PERSON_AND_ORGANIZATION ( #536, #685 ) ;
#339 = DIRECTION ( 'NONE',  ( 3.682617904393160126E-16, -1.000000000000000000, 0.000000000000000000 ) ) ;
#340 = AXIS2_PLACEMENT_3D ( 'NONE', #128, #714, #589 ) ;
#341 = VERTEX_POINT ( 'NONE', #573 ) ;
#342 = CARTESIAN_POINT ( 'NONE',  ( -0.002596173510219939445, 7.147064359006319201, -3.911670991258526341E-15 ) ) ;
#343 = DIRECTION ( 'NONE',  ( 1.000000000000000000, 0.000000000000000000, 0.000000000000000000 ) ) ;
#344 = AXIS2_PLACEMENT_3D ( 'NONE', #111, #1262, #5 ) ;
#345 = CALENDAR_DATE ( 2026, 23, 8 ) ;
#346 = CARTESIAN_POINT ( 'NONE',  ( -0.002596173510223318687, 10.28335427152003945, -3.911670991258526341E-15 ) ) ;
#347 = EDGE_LOOP ( 'NONE', ( #667, #1019 ) ) ;
#348 = DIRECTION ( 'NONE',  ( -4.440892098500630106E-16, 1.000000000000000000, 0.000000000000000000 ) ) ;
#349 = FACE_OUTER_BOUND ( 'NONE', #1281, .T. ) ;
#350 =( BOUNDED_SURFACE ( )  B_SPLINE_SURFACE ( 2, 2, ( 
 ( #421, #390, #1241, #1446, #174, #37, #181, #280, #1340 ),
 ( #1333, #294, #399, #1454, #881, #65, #739, #646, #1360 ),
 ( #406, #535, #414, #764, #502, #965, #1215, #866, #1439 ) ),
 .UNSPECIFIED., .F., .T., .T. ) 
 B_SPLINE_SURFACE_WITH_KNOTS ( ( 3, 3 ),
 ( 3, 2, 2, 2, 3 ),
 ( -1.562339553050450025, -0.5579090557073309586 ),
 ( -3.141592653589790007, -1.570796326794899889, 0.000000000000000000, 1.570796326794899889, 3.141592653589790007 ),
 .UNSPECIFIED. ) 
 GEOMETRIC_REPRESENTATION_ITEM ( )  RATIONAL_B_SPLINE_SURFACE ( (
 ( 1.000000000000000000, 0.7071067811865480168, 1.000000000000000000, 0.7071067811865480168, 1.000000000000000000, 0.7071067811865480168, 1.000000000000000000, 0.7071067811865480168, 1.000000000000000000),
 ( 0.8765183626802279804, 0.6197920780857190115, 0.8765183626802279804, 0.6197920780857190115, 0.8765183626802279804, 0.6197920780857190115, 0.8765183626802279804, 0.6197920780857190115, 0.8765183626802279804),
 ( 1.000000000000000000, 0.7071067811865480168, 1.000000000000000000, 0.7071067811865480168, 1.000000000000000000, 0.7071067811865480168, 1.000000000000000000, 0.7071067811865480168, 1.000000000000000000) ) ) 
 REPRESENTATION_ITEM ( '' )  SURFACE ( )  );
#351 = APPROVAL_ROLE ( '' ) ;
#352 = CARTESIAN_POINT ( 'NONE',  ( -0.002596173510219272444, 7.892956375594759599, -5.445311511337325605 ) ) ;
#353 = ORIENTED_EDGE ( 'NONE', *, *, #638, .T. ) ;
#354 = CARTESIAN_POINT ( 'NONE',  ( -0.002596173510219939445, 7.147064359006319201, -3.911670991258526341E-15 ) ) ;
#355 = VERTEX_POINT ( 'NONE', #921 ) ;
#356 = DIRECTION ( 'NONE',  ( -0.7747650967598240790, -2.853163817026629621E-16, 0.6322491952092469392 ) ) ;
#357 = PERSON_AND_ORGANIZATION_ROLE ( 'design_owner' ) ;
#358 = ORIENTED_EDGE ( 'NONE', *, *, #1159, .T. ) ;
#359 = CARTESIAN_POINT ( 'NONE',  ( 13.71977440537182247, -2.616464076326276977, 2.225245112807692216 ) ) ;
#360 = ORIENTED_EDGE ( 'NONE', *, *, #211, .F. ) ;
#361 = LINE ( 'NONE', #232, #1495 ) ;
#362 = CIRCLE ( 'NONE', #559, 1.400000000000000133 ) ;
#363 = ADVANCED_FACE ( 'NONE', ( #227, #806 ), #120, .T. ) ;
#364 = EDGE_LOOP ( 'NONE', ( #1061, #78, #1092 ) ) ;
#365 = COORDINATED_UNIVERSAL_TIME_OFFSET ( 5, 30, .AHEAD. ) ;
#366 = CIRCLE ( 'NONE', #103, 8.467187294840080369 ) ;
#367 = DIRECTION ( 'NONE',  ( -0.7747650967598191940, 7.854827899222982523E-15, -0.6322491952092530454 ) ) ;
#368 = VERTEX_POINT ( 'NONE', #1464 ) ;
#369 = EDGE_CURVE ( 'NONE', #333, #563, #126, .T. ) ;
#370 = CARTESIAN_POINT ( 'NONE',  ( -0.002596173510219939445, 6.800892559289159145, -3.911670991258526341E-15 ) ) ;
#371 = VERTEX_POINT ( 'NONE', #166 ) ;
#372 = VECTOR ( 'NONE', #980, 1000.000000000000000 ) ;
#373 = EDGE_CURVE ( 'NONE', #164, #569, #1271, .T. ) ;
#374 = ORIENTED_EDGE ( 'NONE', *, *, #1358, .F. ) ;
#375 = DIRECTION ( 'NONE',  ( 0.001978832218499989616, 2.893524555870246371E-34, -0.9999980421096088534 ) ) ;
#376 = EDGE_CURVE ( 'NONE', #541, #1174, #1236, .T. ) ;
#377 = CYLINDRICAL_SURFACE ( 'NONE', #117, 2.982594330387353221 ) ;
#378 = DIRECTION ( 'NONE',  ( 1.000000000000000000, 0.000000000000000000, 0.000000000000000000 ) ) ;
#379 = EDGE_LOOP ( 'NONE', ( #1470, #818, #360, #1387 ) ) ;
#380 = AXIS2_PLACEMENT_3D ( 'NONE', #707, #743, #549 ) ;
#381 = EDGE_CURVE ( 'NONE', #27, #501, #1172, .T. ) ;
#382 = ADVANCED_FACE ( 'NONE', ( #1226 ), #1216, .T. ) ;
#383 = EDGE_CURVE ( 'NONE', #772, #1339, #1102, .T. ) ;
#384 = ORIENTED_EDGE ( 'NONE', *, *, #1418, .F. ) ;
#385 = DIRECTION ( 'NONE',  ( 1.000000000000000000, 3.097720492815726673E-16, 0.000000000000000000 ) ) ;
#386 = DIRECTION ( 'NONE',  ( 3.682617904393160126E-16, -1.000000000000000000, 0.000000000000000000 ) ) ;
#387 = ORIENTED_EDGE ( 'NONE', *, *, #966, .F. ) ;
#388 = CARTESIAN_POINT ( 'NONE',  ( -2.057019640929256710, -2.545753398207626805, -11.67961557327907940 ) ) ;
#389 = EDGE_LOOP ( 'NONE', ( #918, #1199, #468, #192 ) ) ;
#390 = CARTESIAN_POINT ( 'NONE',  ( -0.002596173510223207231, 10.28335427152002879, -4.022693293721041995E-15 ) ) ;
#391 = AXIS2_PLACEMENT_3D ( 'NONE', #1121, #1006, #893 ) ;
#392 = EDGE_LOOP ( 'NONE', ( #509, #195, #583, #243 ) ) ;
#393 = DIRECTION ( 'NONE',  ( 0.000000000000000000, 1.000000000000000000, 0.000000000000000000 ) ) ;
#394 = CARTESIAN_POINT ( 'NONE',  ( -2.792342809512776025, 10.25976145298295883, 2.789746636002548907 ) ) ;
#395 = AXIS2_PLACEMENT_3D ( 'NONE', #493, #956, #3 ) ;
#396 = EDGE_LOOP ( 'NONE', ( #736, #846, #611, #1348, #21 ) ) ;
#397 = CARTESIAN_POINT ( 'NONE',  ( -5.573616787185580179, -2.616464076326280974, 8.742023885321714260 ) ) ;
#398 = EDGE_LOOP ( 'NONE', ( #72, #1087, #1098, #458 ) ) ;
#399 = CARTESIAN_POINT ( 'NONE',  ( -2.792342809512778246, 10.25976145298295350, -3.911670991258524763E-15 ) ) ;
#400 = CIRCLE ( 'NONE', #1010, 8.800000000000000711 ) ;
#401 = CARTESIAN_POINT ( 'NONE',  ( -0.002596173510219939445, 7.592956375594758889, 7.045311511337315480 ) ) ;
#402 = CARTESIAN_POINT ( 'NONE',  ( 14.52499107966170122, -2.516464076326274224, -1.439074443999615927 ) ) ;
#403 = CARTESIAN_POINT ( 'NONE',  ( -0.002596173510221943051, 7.892956375594759599, -3.911670991258526341E-15 ) ) ;
#404 = CARTESIAN_POINT ( 'NONE',  ( 8.797403826489780698, 6.800892559289159145, -3.911670991258526341E-15 ) ) ;
#405 = ORIENTED_EDGE ( 'NONE', *, *, #545, .T. ) ;
#406 = CARTESIAN_POINT ( 'NONE',  ( -0.002596173510222438748, 7.892956375594759599, 4.266728910717955792 ) ) ;
#407 = DIRECTION ( 'NONE',  ( 1.000000000000000000, 0.000000000000000000, 0.000000000000000000 ) ) ;
#408 = CARTESIAN_POINT ( 'NONE',  ( -0.002596173510222438748, 7.892956375594759599, 4.266728910717955792 ) ) ;
#409 = AXIS2_PLACEMENT_3D ( 'NONE', #661, #79, #207 ) ;
#410 = CARTESIAN_POINT ( 'NONE',  ( -8.802596173510220723, 2.083535923673719648, -2.833981808008855144E-15 ) ) ;
#411 = DIRECTION ( 'NONE',  ( 0.6291779894485239888, 2.919005848999435090E-16, 0.7772612544013198788 ) ) ;
#412 = CC_DESIGN_PERSON_AND_ORGANIZATION_ASSIGNMENT ( #1285, #691, ( #591 ) ) ;
#413 = ORIENTED_EDGE ( 'NONE', *, *, #96, .F. ) ;
#414 = CARTESIAN_POINT ( 'NONE',  ( -4.269325084228180245, 7.892956375594759599, -3.911670991258526341E-15 ) ) ;
#415 = DIRECTION ( 'NONE',  ( 0.000000000000000000, 1.000000000000000000, 0.000000000000000000 ) ) ;
#416 = ADVANCED_FACE ( 'NONE', ( #68, #979 ), #57, .T. ) ;
#417 = DIRECTION ( 'NONE',  ( 0.7747650967598181948, -8.965050923848143797E-15, -0.6322491952092541556 ) ) ;
#418 = CARTESIAN_POINT ( 'NONE',  ( 6.509570537145019209, -2.616464076326276977, 7.980080496626197117 ) ) ;
#419 = VERTEX_POINT ( 'NONE', #74 ) ;
#420 = AXIS2_PLACEMENT_3D ( 'NONE', #928, #822, #124 ) ;
#421 = CARTESIAN_POINT ( 'NONE',  ( -0.002596173510223318687, 10.28335427152003945, -4.022693293721041995E-15 ) ) ;
#422 = DIRECTION ( 'NONE',  ( 0.7747650967598180838, -8.965050923848143797E-15, -0.6322491952092541556 ) ) ;
#423 = CARTESIAN_POINT ( 'NONE',  ( -0.002596173510219939445, 7.370010367300558585, 7.845311511337315302 ) ) ;
#424 = DIRECTION ( 'NONE',  ( 3.682617904393160126E-16, -1.000000000000000000, 0.000000000000000000 ) ) ;
#425 = VERTEX_POINT ( 'NONE', #868 ) ;
#426 = DIRECTION ( 'NONE',  ( 3.684593320556212884E-16, -1.000000000000000000, 0.000000000000000000 ) ) ;
#427 = AXIS2_PLACEMENT_3D ( 'NONE', #623, #286, #45 ) ;
#428 = EDGE_CURVE ( 'NONE', #1339, #590, #173, .T. ) ;
#429 = ORIENTED_EDGE ( 'NONE', *, *, #1499, .F. ) ;
#430 = DIRECTION ( 'NONE',  ( 1.000000000000000000, 0.000000000000000000, 0.000000000000000000 ) ) ;
#431 = LINE ( 'NONE', #185, #1442 ) ;
#432 = ORIENTED_EDGE ( 'NONE', *, *, #1003, .T. ) ;
#433 = DIRECTION ( 'NONE',  ( 0.000000000000000000, 1.000000000000000000, 0.000000000000000000 ) ) ;
#434 = ORIENTED_EDGE ( 'NONE', *, *, #1499, .T. ) ;
#435 = LINE ( 'NONE', #783, #567 ) ;
#436 = DIRECTION ( 'NONE',  ( 1.000000000000000000, 0.000000000000000000, 0.000000000000000000 ) ) ;
#437 = ORIENTED_EDGE ( 'NONE', *, *, #1304, .T. ) ;
#438 = DIRECTION ( 'NONE',  ( -0.7772612544013126623, 0.000000000000000000, -0.6291779894485326485 ) ) ;
#439 = AXIS2_PLACEMENT_3D ( 'NONE', #467, #948, #1052 ) ;
#440 = AXIS2_PLACEMENT_3D ( 'NONE', #876, #1353, #295 ) ;
#441 = DIRECTION ( 'NONE',  ( 0.6322491952092392786, 4.336808689941983026E-15, -0.7747650967598302962 ) ) ;
#442 = CIRCLE ( 'NONE', #1204, 1.400000000000000133 ) ;
#443 = DIRECTION ( 'NONE',  ( 0.001978832218500489216, 0.000000000000000000, -0.9999980421096088534 ) ) ;
#444 = ORIENTED_EDGE ( 'NONE', *, *, #369, .T. ) ;
#445 = DIRECTION ( 'NONE',  ( -4.440892098500630106E-16, 1.000000000000000000, -1.224037678219304054E-31 ) ) ;
#446 = AXIS2_PLACEMENT_3D ( 'NONE', #752, #178, #1206 ) ;
#447 = APPLICATION_CONTEXT ( 'configuration controlled 3d designs of mechanical parts and assemblies' ) ;
#448 = DIRECTION ( 'NONE',  ( 0.000000000000000000, 1.000000000000000000, 0.000000000000000000 ) ) ;
#449 = PERSON_AND_ORGANIZATION ( #536, #685 ) ;
#450 = AXIS2_PLACEMENT_3D ( 'NONE', #1013, #1228, #305 ) ;
#451 = DIRECTION ( 'NONE',  ( 1.000000000000000000, 0.000000000000000000, 0.000000000000000000 ) ) ;
#452 = ORIENTED_EDGE ( 'NONE', *, *, #64, .T. ) ;
#453 = CARTESIAN_POINT ( 'NONE',  ( -13.60530296192517774, -2.516464076326285770, -2.240528885167011985 ) ) ;
#454 = DIRECTION ( 'NONE',  ( 1.000000000000000000, 3.449734185181150158E-16, 0.000000000000000000 ) ) ;
#455 = PERSON_AND_ORGANIZATION ( #536, #685 ) ;
#456 = EDGE_CURVE ( 'NONE', #1421, #1201, #1110, .T. ) ;
#457 = LINE ( 'NONE', #1406, #1148 ) ;
#458 = ORIENTED_EDGE ( 'NONE', *, *, #967, .T. ) ;
#459 = CIRCLE ( 'NONE', #773, 10.39999999999999858 ) ;
#460 = CARTESIAN_POINT ( 'NONE',  ( -0.002596173510219939445, 7.592956375594758889, 7.845311511337315302 ) ) ;
#461 = CARTESIAN_POINT ( 'NONE',  ( -0.002596173510219939445, 6.800892559289159145, 8.467187294840075040 ) ) ;
#462 = PERSON_AND_ORGANIZATION ( #536, #685 ) ;
#463 = CARTESIAN_POINT ( 'NONE',  ( -12.00259617351022001, -2.516464076326281774, -3.911670991258526341E-15 ) ) ;
#464 = EDGE_LOOP ( 'NONE', ( #492, #1196, #1116, #1249, #1075 ) ) ;
#465 = AXIS2_PLACEMENT_3D ( 'NONE', #906, #415, #1384 ) ;
#466 = DIRECTION ( 'NONE',  ( 0.000000000000000000, 1.000000000000000000, 0.000000000000000000 ) ) ;
#467 = CARTESIAN_POINT ( 'NONE',  ( -0.002596173510219939445, 7.842956375594759777, -3.911670991258526341E-15 ) ) ;
#468 = ORIENTED_EDGE ( 'NONE', *, *, #1344, .T. ) ;
#469 = CARTESIAN_POINT ( 'NONE',  ( -0.002596173510218605009, -2.516464076326277777, -3.911670991258526341E-15 ) ) ;
#470 = APPROVAL ( #228, 'UNSPECIFIED' ) ;
#471 = ORIENTED_EDGE ( 'NONE', *, *, #916, .F. ) ;
#472 = ADVANCED_FACE ( 'NONE', ( #266 ), #152, .T. ) ;
#473 = CARTESIAN_POINT ( 'NONE',  ( -0.002596173510219939445, 7.842956375594759777, -3.911670991258526341E-15 ) ) ;
#474 = VECTOR ( 'NONE', #393, 1000.000000000000000 ) ;
#475 = ORIENTED_EDGE ( 'NONE', *, *, #1194, .F. ) ;
#476 = CARTESIAN_POINT ( 'NONE',  ( -0.002596173510218656617, -2.616464076326280974, -3.911670991258526341E-15 ) ) ;
#477 = CYLINDRICAL_SURFACE ( 'NONE', #159, 8.467187294840080369 ) ;
#478 = ORIENTED_EDGE ( 'NONE', *, *, #1142, .F. ) ;
#479 = DIRECTION ( 'NONE',  ( -0.7772612544013197677, -2.862356211849390345E-16, -0.6291779894485238778 ) ) ;
#480 = ORIENTED_EDGE ( 'NONE', *, *, #1509, .T. ) ;
#481 = CARTESIAN_POINT ( 'NONE',  ( 14.52499107966170122, -2.616464076326276977, -1.439074443999615927 ) ) ;
#482 = ORIENTED_EDGE ( 'NONE', *, *, #1362, .T. ) ;
#483 = CYLINDRICAL_SURFACE ( 'NONE', #439, 5.445311511337321164 ) ;
#484 = VECTOR ( 'NONE', #1295, 1000.000000000000000 ) ;
#485 = ORIENTED_EDGE ( 'NONE', *, *, #1349, .T. ) ;
#486 = EDGE_CURVE ( 'NONE', #933, #82, #888, .T. ) ;
#487 = EDGE_CURVE ( 'NONE', #1317, #719, #1018, .T. ) ;
#488 = AXIS2_PLACEMENT_3D ( 'NONE', #1113, #761, #532 ) ;
#489 = ORIENTED_EDGE ( 'NONE', *, *, #254, .T. ) ;
#490 = ORIENTED_EDGE ( 'NONE', *, *, #337, .F. ) ;
#491 = CARTESIAN_POINT ( 'NONE',  ( -0.002596173510218656617, -2.616464076326280974, -3.911670991258526341E-15 ) ) ;
#492 = ORIENTED_EDGE ( 'NONE', *, *, #1349, .F. ) ;
#493 = CARTESIAN_POINT ( 'NONE',  ( -0.002596173510221943051, 7.892956375594759599, -3.911670991258526341E-15 ) ) ;
#494 = EDGE_LOOP ( 'NONE', ( #727, #200, #578, #302 ) ) ;
#495 = CIRCLE ( 'NONE', #833, 0.1000000000000007966 ) ;
#496 = ADVANCED_FACE ( 'NONE', ( #13 ), #477, .T. ) ;
#497 = VECTOR ( 'NONE', #35, 1000.000000000000114 ) ;
#498 = CARTESIAN_POINT ( 'NONE',  ( -0.002596173510223310013, 10.25976145298295350, 2.789746636002549351 ) ) ;
#499 = DIRECTION ( 'NONE',  ( -4.440892098500630106E-16, 1.000000000000000000, -2.270136769172380201E-31 ) ) ;
#500 = CARTESIAN_POINT ( 'NONE',  ( 13.71977440537182247, -3.716464076326281507, -2.225245112807699766 ) ) ;
#501 = VERTEX_POINT ( 'NONE', #797 ) ;
#502 = CARTESIAN_POINT ( 'NONE',  ( -0.002596173510222438748, 7.892956375594759599, -4.266728910717963785 ) ) ;
#503 = EDGE_LOOP ( 'NONE', ( #1045, #490, #1056, #705 ) ) ;
#504 = DIRECTION ( 'NONE',  ( -3.682629889672890215E-16, 1.000000000000000000, 6.056731922202710165E-19 ) ) ;
#505 = CARTESIAN_POINT ( 'NONE',  ( -0.002596173510223310013, 10.25976145298295350, -2.789746636002556901 ) ) ;
#506 = ORIENTED_EDGE ( 'NONE', *, *, #1145, .F. ) ;
#507 = DIRECTION ( 'NONE',  ( -3.682629889672890215E-16, 1.000000000000000000, -6.056731922204290391E-19 ) ) ;
#508 = PRODUCT_DEFINITION_SHAPE ( 'NONE', 'NONE',  #837 ) ;
#509 = ORIENTED_EDGE ( 'NONE', *, *, #1062, .F. ) ;
#510 = CARTESIAN_POINT ( 'NONE',  ( -0.002596173510218902514, 6.800892559289159145, -8.467187294840083922 ) ) ;
#511 = CIRCLE ( 'NONE', #391, 8.467187294840080369 ) ;
#512 = FACE_OUTER_BOUND ( 'NONE', #1487, .T. ) ;
#513 = AXIS2_PLACEMENT_3D ( 'NONE', #1456, #504, #1094 ) ;
#514 = FACE_OUTER_BOUND ( 'NONE', #1212, .T. ) ;
#515 = CARTESIAN_POINT ( 'NONE',  ( 6.572795456665940783, -2.616464076326276977, 8.057557006302156211 ) ) ;
#516 = EDGE_LOOP ( 'NONE', ( #471, #696, #785, #1254 ) ) ;
#517 = DIRECTION ( 'NONE',  ( 0.000000000000000000, 1.000000000000000000, 0.000000000000000000 ) ) ;
#518 = APPROVAL_PERSON_ORGANIZATION ( #338, #676, #121 ) ;
#519 = DIRECTION ( 'NONE',  ( -0.000000000000000000, 1.000000000000000000, 0.000000000000000000 ) ) ;
#520 = CYLINDRICAL_SURFACE ( 'NONE', #450, 1.400000000000000133 ) ;
#521 = EDGE_CURVE ( 'NONE', #1310, #273, #1209, .T. ) ;
#522 = CARTESIAN_POINT ( 'NONE',  ( -13.66822076087002102, -3.716464076326281507, -2.318255010607143785 ) ) ;
#523 = AXIS2_PLACEMENT_3D ( 'NONE', #88, #445, #308 ) ;
#524 = ORIENTED_EDGE ( 'NONE', *, *, #651, .T. ) ;
#525 = CARTESIAN_POINT ( 'NONE',  ( 13.39740382648978034, -3.716464076326281063, -3.911670991258526341E-15 ) ) ;
#526 = EDGE_CURVE ( 'NONE', #1181, #419, #1137, .T. ) ;
#527 = ORIENTED_EDGE ( 'NONE', *, *, #267, .F. ) ;
#528 = AXIS2_PLACEMENT_3D ( 'NONE', #1158, #819, #118 ) ;
#529 = ORIENTED_EDGE ( 'NONE', *, *, #740, .F. ) ;
#530 = DIRECTION ( 'NONE',  ( 1.000000000000000000, 0.000000000000000000, 0.000000000000000000 ) ) ;
#531 = ADVANCED_FACE ( 'NONE', ( #51, #1072 ), #187, .T. ) ;
#532 = DIRECTION ( 'NONE',  ( 1.000000000000000000, 0.000000000000000000, 0.000000000000000000 ) ) ;
#533 = CARTESIAN_POINT ( 'NONE',  ( -0.002596173510218168293, -3.716464076326281507, -3.911670991258526341E-15 ) ) ;
#534 = VERTEX_POINT ( 'NONE', #510 ) ;
#535 = CARTESIAN_POINT ( 'NONE',  ( -4.269325084228181133, 7.892956375594759599, 4.266728910717957568 ) ) ;
#536 = PERSON ( 'UNSPECIFIED', 'UNSPECIFIED', 'UNSPECIFIED', ('UNSPECIFIED'), ('UNSPECIFIED'), ('UNSPECIFIED') ) ;
#537 = ADVANCED_FACE ( 'NONE', ( #1000 ), #1117, .F. ) ;
#538 = EDGE_CURVE ( 'NONE', #968, #1310, #755, .T. ) ;
#539 = DIRECTION ( 'NONE',  ( 0.6291779894485239888, 2.919005848999435090E-16, 0.7772612544013198788 ) ) ;
#540 = DIRECTION ( 'NONE',  ( 3.985729706474579762E-16, -1.000000000000000000, 3.714365260535199784E-17 ) ) ;
#541 = VERTEX_POINT ( 'NONE', #1233 ) ;
#542 = VECTOR ( 'NONE', #466, 1000.000000000000000 ) ;
#543 = CARTESIAN_POINT ( 'NONE',  ( -0.002596173510219939445, 7.742956375594759244, 6.245311511337316546 ) ) ;
#544 = ADVANCED_FACE ( 'NONE', ( #994 ), #350, .F. ) ;
#545 = EDGE_CURVE ( 'NONE', #238, #1359, #553, .T. ) ;
#546 = ORIENTED_EDGE ( 'NONE', *, *, #1463, .T. ) ;
#547 = VECTOR ( 'NONE', #970, 1000.000000000000000 ) ;
#548 = CARTESIAN_POINT ( 'NONE',  ( 0.000000000000000000, 0.000000000000000000, 0.000000000000000000 ) ) ;
#549 = DIRECTION ( 'NONE',  ( -0.6291779894485242108, 0.000000000000000000, 0.7772612544013195457 ) ) ;
#550 = DIRECTION ( 'NONE',  ( 0.000000000000000000, 0.000000000000000000, 1.000000000000000000 ) ) ;
#551 = VERTEX_POINT ( 'NONE', #985 ) ;
#552 = CARTESIAN_POINT ( 'NONE',  ( -0.002596173510219939445, 7.692956375594759422, -3.911670991258526341E-15 ) ) ;
#553 = CIRCLE ( 'NONE', #14, 0.09999999999999856226 ) ;
#554 = ORIENTED_EDGE ( 'NONE', *, *, #1465, .T. ) ;
#555 = DIRECTION ( 'NONE',  ( 0.000000000000000000, 1.000000000000000000, 0.000000000000000000 ) ) ;
#556 = ORIENTED_EDGE ( 'NONE', *, *, #725, .F. ) ;
#557 = DIRECTION ( 'NONE',  ( 0.001978832218500059872, 0.000000000000000000, 0.9999980421096089644 ) ) ;
#558 = ORIENTED_EDGE ( 'NONE', *, *, #383, .F. ) ;
#559 = AXIS2_PLACEMENT_3D ( 'NONE', #463, #339, #1156 ) ;
#560 = DIRECTION ( 'NONE',  ( -3.682617904393160126E-16, 1.000000000000000000, 0.000000000000000000 ) ) ;
#561 = EDGE_CURVE ( 'NONE', #1058, #214, #1099, .T. ) ;
#562 = CYLINDRICAL_SURFACE ( 'NONE', #1048, 7.045311511337319921 ) ;
#563 = VERTEX_POINT ( 'NONE', #274 ) ;
#564 = DIRECTION ( 'NONE',  ( 3.682617904393160126E-16, -1.000000000000000000, 1.041007886991625862E-33 ) ) ;
#565 = CIRCLE ( 'NONE', #344, 10.30000000000000071 ) ;
#566 = LINE ( 'NONE', #1035, #1101 ) ;
#567 = VECTOR ( 'NONE', #791, 1000.000000000000114 ) ;
#568 = CARTESIAN_POINT ( 'NONE',  ( -0.002596173510223309579, 10.25976145298295350, 2.789746636002549351 ) ) ;
#569 = VERTEX_POINT ( 'NONE', #1208 ) ;
#570 = DIRECTION ( 'NONE',  ( -0.6291779894485357572, 0.000000000000000000, 0.7772612544013102198 ) ) ;
#571 = AXIS2_PLACEMENT_3D ( 'NONE', #1289, #744, #278 ) ;
#572 = EDGE_CURVE ( 'NONE', #1310, #936, #38, .T. ) ;
#573 = CARTESIAN_POINT ( 'NONE',  ( 13.71977440537182247, -3.716464076326281507, 2.225245112807692216 ) ) ;
#574 = EDGE_CURVE ( 'NONE', #563, #333, #1088, .T. ) ;
#575 = SHAPE_DEFINITION_REPRESENTATION ( #508, #1009 ) ;
#576 = CLOSED_SHELL ( 'NONE', ( #544, #842, #1231, #1355, #104, #753, #804, #472, #1517, #1086, #788, #796, #537, #66, #336, #1341, #1197, #1473, #681, #300, #1084, #1036, #28, #1276, #1312, #1184, #603, #653, #1290, #416, #1189, #71, #496, #363, #531, #1306, #884, #617, #81, #1021, #914, #922, #30, #382, #1420, #1108, #143, #1451 ) ) ;
#577 = DIRECTION ( 'NONE',  ( 0.4470676933322063618, 0.7071067811865439090, -0.5478416537455191859 ) ) ;
#578 = ORIENTED_EDGE ( 'NONE', *, *, #695, .F. ) ;
#579 = DIRECTION ( 'NONE',  ( 0.000000000000000000, 1.000000000000000000, 0.000000000000000000 ) ) ;
#580 = CARTESIAN_POINT ( 'NONE',  ( -0.002596173510219939445, 7.792956375594759066, 6.245311511337316546 ) ) ;
#581 = COORDINATED_UNIVERSAL_TIME_OFFSET ( 5, 30, .AHEAD. ) ;
#582 = PLANE ( 'NONE',  #1345 ) ;
#583 = ORIENTED_EDGE ( 'NONE', *, *, #215, .T. ) ;
#584 = CARTESIAN_POINT ( 'NONE',  ( -6.546047263774861236, -3.716464076326281507, -8.083517045773724874 ) ) ;
#585 = VERTEX_POINT ( 'NONE', #525 ) ;
#586 = FACE_OUTER_BOUND ( 'NONE', #1023, .T. ) ;
#587 = VECTOR ( 'NONE', #246, 1000.000000000000000 ) ;
#588 = EDGE_CURVE ( 'NONE', #716, #1430, #976, .T. ) ;
#589 = DIRECTION ( 'NONE',  ( 1.000000000000000000, 0.000000000000000000, 0.000000000000000000 ) ) ;
#590 = VERTEX_POINT ( 'NONE', #637 ) ;
#591 = PRODUCT_DEFINITION_FORMATION_WITH_SPECIFIED_SOURCE ( 'ANY', '', #971, .NOT_KNOWN. ) ;
#592 = DIRECTION ( 'NONE',  ( -0.4448960229123776200, 0.7071067811865406894, 0.5496067037407376121 ) ) ;
#593 = CARTESIAN_POINT ( 'NONE',  ( -0.002596173510222438748, 7.892956375594759599, -4.266728910717963785 ) ) ;
#594 = CARTESIAN_POINT ( 'NONE',  ( -0.002596173510219939445, 6.800892559289159145, -3.911670991258526341E-15 ) ) ;
#595 = EDGE_CURVE ( 'NONE', #273, #1129, #668, .T. ) ;
#596 = APPROVAL_DATE_TIME ( #816, #470 ) ;
#597 = EDGE_LOOP ( 'NONE', ( #844, #1383, #478, #1186 ) ) ;
#598 = DIRECTION ( 'NONE',  ( 0.000000000000000000, 0.000000000000000000, -1.000000000000000000 ) ) ;
#599 = EDGE_LOOP ( 'NONE', ( #413, #602, #1163, #1232 ) ) ;
#600 = EDGE_CURVE ( 'NONE', #1421, #615, #859, .T. ) ;
#601 = DIRECTION ( 'NONE',  ( 0.000000000000000000, 1.000000000000000000, 0.000000000000000000 ) ) ;
#602 = ORIENTED_EDGE ( 'NONE', *, *, #561, .T. ) ;
#603 = ADVANCED_FACE ( 'NONE', ( #1138 ), #1033, .T. ) ;
#604 = PLANE ( 'NONE',  #1193 ) ;
#605 = ORIENTED_EDGE ( 'NONE', *, *, #807, .T. ) ;
#606 = FACE_OUTER_BOUND ( 'NONE', #389, .T. ) ;
#607 = AXIS2_PLACEMENT_3D ( 'NONE', #229, #925, #817 ) ;
#608 = DIRECTION ( 'NONE',  ( 0.7772612544013182134, 0.000000000000000000, -0.6291779894485260982 ) ) ;
#609 = ORIENTED_EDGE ( 'NONE', *, *, #373, .F. ) ;
#610 = AXIS2_PLACEMENT_3D ( 'NONE', #690, #1176, #814 ) ;
#611 = ORIENTED_EDGE ( 'NONE', *, *, #112, .F. ) ;
#612 = CARTESIAN_POINT ( 'NONE',  ( -0.002596173510223207231, 10.28335427152002879, -3.800648688796010687E-15 ) ) ;
#613 = ORIENTED_EDGE ( 'NONE', *, *, #1245, .F. ) ;
#614 = DIRECTION ( 'NONE',  ( 0.6322491952092392786, 4.336808689941983026E-15, -0.7747650967598302962 ) ) ;
#615 = VERTEX_POINT ( 'NONE', #795 ) ;
#616 = AXIS2_PLACEMENT_3D ( 'NONE', #491, #953, #375 ) ;
#617 = ADVANCED_FACE ( 'NONE', ( #1503 ), #1008, .T. ) ;
#618 = DIRECTION ( 'NONE',  ( 3.682617904393160126E-16, -1.000000000000000000, 4.461462372821254549E-34 ) ) ;
#619 = DIRECTION ( 'NONE',  ( 0.7747650967598240790, 2.853163817026629621E-16, 0.6322491952092469392 ) ) ;
#620 = VERTEX_POINT ( 'NONE', #1017 ) ;
#621 = CARTESIAN_POINT ( 'NONE',  ( 6.509570537145019209, -2.616464076326276977, -7.980080496626204223 ) ) ;
#622 = ORIENTED_EDGE ( 'NONE', *, *, #369, .F. ) ;
#623 = CARTESIAN_POINT ( 'NONE',  ( -0.002596173510219939445, 7.692956375594759422, -3.911670991258526341E-15 ) ) ;
#624 = CARTESIAN_POINT ( 'NONE',  ( -4.269325084228181133, 7.892956375594759599, 4.266728910717957568 ) ) ;
#625 = ORIENTED_EDGE ( 'NONE', *, *, #967, .F. ) ;
#626 = DIRECTION ( 'NONE',  ( 0.7747650967598289640, -3.944304526105025308E-31, 0.6322491952092409440 ) ) ;
#627 = ORIENTED_EDGE ( 'NONE', *, *, #1067, .F. ) ;
#628 = DIRECTION ( 'NONE',  ( 0.7747650967598262994, -3.944304526105186896E-31, 0.6322491952092442746 ) ) ;
#629 = CC_DESIGN_PERSON_AND_ORGANIZATION_ASSIGNMENT ( #455, #830, ( #837 ) ) ;
#630 = EDGE_CURVE ( 'NONE', #1007, #551, #1455, .T. ) ;
#631 = DIRECTION ( 'NONE',  ( 0.9999980421096089644, 3.682610694230952689E-16, 0.001978832218499989616 ) ) ;
#632 = TOROIDAL_SURFACE ( 'NONE', #704, 10.30000000000000071, 0.1000000000000000056 ) ;
#633 = AXIS2_PLACEMENT_3D ( 'NONE', #15, #912, #1518 ) ;
#634 = PLANE ( 'NONE',  #1115 ) ;
#635 = CARTESIAN_POINT ( 'NONE',  ( -0.002596173510218168293, -3.716464076326281507, -3.911670991258526341E-15 ) ) ;
#636 = EDGE_LOOP ( 'NONE', ( #662, #444, #1412, #1407 ) ) ;
#637 = CARTESIAN_POINT ( 'NONE',  ( -10.60259617351022143, -3.716464076326281063, -3.911670991258526341E-15 ) ) ;
#638 = EDGE_CURVE ( 'NONE', #1318, #1445, #988, .T. ) ;
#639 = DIRECTION ( 'NONE',  ( 0.000000000000000000, 1.000000000000000000, 0.000000000000000000 ) ) ;
#640 = CARTESIAN_POINT ( 'NONE',  ( -0.002596173510223429709, 10.28335427152003945, -3.911670991258526341E-15 ) ) ;
#641 = CIRCLE ( 'NONE', #838, 0.09999999999999982514 ) ;
#642 = LINE ( 'NONE', #283, #682 ) ;
#643 = FACE_OUTER_BOUND ( 'NONE', #396, .T. ) ;
#644 = ORIENTED_EDGE ( 'NONE', *, *, #855, .F. ) ;
#645 = EDGE_CURVE ( 'NONE', #231, #273, #711, .T. ) ;
#646 = CARTESIAN_POINT ( 'NONE',  ( 2.787150462492330671, 10.25976145298295883, 2.789746636002548907 ) ) ;
#647 = EDGE_CURVE ( 'NONE', #292, #324, #910, .T. ) ;
#648 = CARTESIAN_POINT ( 'NONE',  ( -13.40259617351022037, 40.42325628722716857, -3.740220439377896187E-15 ) ) ;
#649 = CYLINDRICAL_SURFACE ( 'NONE', #465, 7.845311511337318855 ) ;
#650 = LINE ( 'NONE', #1120, #542 ) ;
#651 = EDGE_CURVE ( 'NONE', #959, #214, #1225, .T. ) ;
#652 = CARTESIAN_POINT ( 'NONE',  ( -0.002596173510219939445, 7.792956375594759066, 5.445311511337316723 ) ) ;
#653 = ADVANCED_FACE ( 'NONE', ( #902, #680 ), #674, .T. ) ;
#654 = ORIENTED_EDGE ( 'NONE', *, *, #1393, .T. ) ;
#655 = DIRECTION ( 'NONE',  ( 3.682617904393160126E-16, -1.000000000000000000, 0.000000000000000000 ) ) ;
#656 = EDGE_LOOP ( 'NONE', ( #1266, #673, #904, #1214 ) ) ;
#657 = AXIS2_PLACEMENT_3D ( 'NONE', #907, #1265, #451 ) ;
#658 = FACE_OUTER_BOUND ( 'NONE', #503, .T. ) ;
#659 = DIRECTION ( 'NONE',  ( -0.6322491952092470502, -2.919005848999435584E-16, -0.7747650967598239680 ) ) ;
#660 = EDGE_LOOP ( 'NONE', ( #154, #1322, #1515, #1367, #1307 ) ) ;
#661 = CARTESIAN_POINT ( 'NONE',  ( 11.99740382648977999, -3.716464076326281507, -3.911670991258526341E-15 ) ) ;
#662 = ORIENTED_EDGE ( 'NONE', *, *, #1363, .F. ) ;
#663 = CC_DESIGN_SECURITY_CLASSIFICATION ( #6, ( #591 ) ) ;
#664 =( NAMED_UNIT ( * ) SI_UNIT ( $, .STERADIAN. ) SOLID_ANGLE_UNIT ( ) );
#665 = CARTESIAN_POINT ( 'NONE',  ( -2.012530038638019825, -2.616464076326280974, -11.62465490290500547 ) ) ;
#666 = LINE ( 'NONE', #1150, #1519 ) ;
#667 = ORIENTED_EDGE ( 'NONE', *, *, #908, .F. ) ;
#668 = CIRCLE ( 'NONE', #10, 10.30000000000000071 ) ;
#669 = DIRECTION ( 'NONE',  ( -3.675810772009879956E-16, 1.000000000000000000, 2.533846130730055194E-34 ) ) ;
#670 = VECTOR ( 'NONE', #303, 1000.000000000000227 ) ;
#671 =( NAMED_UNIT ( * ) PLANE_ANGLE_UNIT ( ) SI_UNIT ( $, .RADIAN. ) );
#672 = CARTESIAN_POINT ( 'NONE',  ( -0.002596173510222438748, 7.892956375594759599, 4.266728910717954903 ) ) ;
#673 = ORIENTED_EDGE ( 'NONE', *, *, #966, .T. ) ;
#674 = PLANE ( 'NONE',  #1273 ) ;
#675 = CARTESIAN_POINT ( 'NONE',  ( -0.002596173510222438748, 7.892956375594759599, 4.266728910717954903 ) ) ;
#676 = APPROVAL ( #114, 'UNSPECIFIED' ) ;
#677 = DIRECTION ( 'NONE',  ( -0.7772612544013197677, -2.862356211849390345E-16, -0.6291779894485238778 ) ) ;
#678 = DIRECTION ( 'NONE',  ( -1.000000000000000000, -3.008962200629357753E-16, -3.722340022288479522E-16 ) ) ;
#679 = ORIENTED_EDGE ( 'NONE', *, *, #869, .T. ) ;
#680 = FACE_OUTER_BOUND ( 'NONE', #993, .T. ) ;
#681 = ADVANCED_FACE ( 'NONE', ( #911 ), #109, .F. ) ;
#682 = VECTOR ( 'NONE', #417, 1000.000000000000227 ) ;
#683 = CYLINDRICAL_SURFACE ( 'NONE', #1378, 1.400000000000000133 ) ;
#684 = DATE_AND_TIME ( #345, #1449 ) ;
#685 = ORGANIZATION ( 'UNSPECIFIED', 'UNSPECIFIED', '' ) ;
#686 = FACE_OUTER_BOUND ( 'NONE', #1025, .T. ) ;
#687 = ORIENTED_EDGE ( 'NONE', *, *, #270, .F. ) ;
#688 = FACE_OUTER_BOUND ( 'NONE', #147, .T. ) ;
#689 = CIRCLE ( 'NONE', #62, 6.245311511337320098 ) ;
#690 = CARTESIAN_POINT ( 'NONE',  ( -6.483129464830020616, -2.616464076326285415, 8.005790920333597072 ) ) ;
#691 = PERSON_AND_ORGANIZATION_ROLE ( 'design_supplier' ) ;
#692 = CARTESIAN_POINT ( 'NONE',  ( -0.002596173510219939445, 7.842956375594759777, 5.445311511337316723 ) ) ;
#693 = ORIENTED_EDGE ( 'NONE', *, *, #1177, .F. ) ;
#694 = LINE ( 'NONE', #843, #587 ) ;
#695 = EDGE_CURVE ( 'NONE', #585, #1376, #940, .T. ) ;
#696 = ORIENTED_EDGE ( 'NONE', *, *, #526, .F. ) ;
#697 = CARTESIAN_POINT ( 'NONE',  ( 13.70125625518413237, -2.545753398207613927, -2.202552768506284675 ) ) ;
#698 = CARTESIAN_POINT ( 'NONE',  ( -0.002596173510218163089, -3.716464076326281507, -3.911670991258526341E-15 ) ) ;
#699 = EDGE_LOOP ( 'NONE', ( #1438, #1125 ) ) ;
#700 = AXIS2_PLACEMENT_3D ( 'NONE', #204, #1498, #97 ) ;
#701 = DIRECTION ( 'NONE',  ( 0.7772612544013179914, 2.775557561562890168E-15, 0.6291779894485259872 ) ) ;
#702 = ORIENTED_EDGE ( 'NONE', *, *, #1313, .T. ) ;
#703 = LINE ( 'NONE', #132, #271 ) ;
#704 = AXIS2_PLACEMENT_3D ( 'NONE', #476, #1182, #1173 ) ;
#705 = ORIENTED_EDGE ( 'NONE', *, *, #1139, .T. ) ;
#706 = FACE_OUTER_BOUND ( 'NONE', #203, .T. ) ;
#707 = CARTESIAN_POINT ( 'NONE',  ( -13.60530296192517774, -2.616464076326289856, 2.240528885167000439 ) ) ;
#708 = DIRECTION ( 'NONE',  ( -0.6291779894485254321, -4.336808689941986182E-15, -0.7772612544013185465 ) ) ;
#709 = ORIENTED_EDGE ( 'NONE', *, *, #381, .T. ) ;
#710 = AXIS2_PLACEMENT_3D ( 'NONE', #635, #43, #411 ) ;
#711 = CIRCLE ( 'NONE', #67, 0.09999999999999982514 ) ;
#712 = EDGE_CURVE ( 'NONE', #1510, #8, #1146, .T. ) ;
#713 = VERTEX_POINT ( 'NONE', #780 ) ;
#714 = DIRECTION ( 'NONE',  ( 0.000000000000000000, 1.000000000000000000, 0.000000000000000000 ) ) ;
#715 = CIRCLE ( 'NONE', #380, 0.1000000000000022815 ) ;
#716 = VERTEX_POINT ( 'NONE', #453 ) ;
#717 = FACE_OUTER_BOUND ( 'NONE', #660, .T. ) ;
#718 = ORIENTED_EDGE ( 'NONE', *, *, #1509, .F. ) ;
#719 = VERTEX_POINT ( 'NONE', #1396 ) ;
#720 = CARTESIAN_POINT ( 'NONE',  ( -0.002596173510218656617, -2.616464076326280974, -3.911670991258526341E-15 ) ) ;
#721 = DIRECTION ( 'NONE',  ( 0.000000000000000000, 0.000000000000000000, 1.000000000000000000 ) ) ;
#722 = CARTESIAN_POINT ( 'NONE',  ( -0.002596173510218978409, 7.370010367300558585, -7.845311511337322408 ) ) ;
#723 = EDGE_LOOP ( 'NONE', ( #285, #131 ) ) ;
#724 = CIRCLE ( 'NONE', #975, 5.445311511337321164 ) ;
#725 = EDGE_CURVE ( 'NONE', #1174, #941, #986, .T. ) ;
#726 = CIRCLE ( 'NONE', #488, 7.045311511337319921 ) ;
#727 = ORIENTED_EDGE ( 'NONE', *, *, #807, .F. ) ;
#728 = DIRECTION ( 'NONE',  ( 0.000000000000000000, 0.000000000000000000, 1.000000000000000000 ) ) ;
#729 = CARTESIAN_POINT ( 'NONE',  ( -4.269325084228181133, 7.892956375594759599, -4.266728910717965562 ) ) ;
#730 = ORIENTED_EDGE ( 'NONE', *, *, #1078, .F. ) ;
#731 = CARTESIAN_POINT ( 'NONE',  ( -0.002596173510219939445, 7.147064359006319201, 7.845311511337315302 ) ) ;
#732 = ORIENTED_EDGE ( 'NONE', *, *, #647, .T. ) ;
#733 = AXIS2_PLACEMENT_3D ( 'NONE', #720, #1195, #1448 ) ;
#734 = CARTESIAN_POINT ( 'NONE',  ( -0.002596173510219939445, 7.892956375594759599, -3.911670991258526341E-15 ) ) ;
#735 = CARTESIAN_POINT ( 'NONE',  ( -0.002596173510222438748, 7.892956375594759599, -4.266728910717963785 ) ) ;
#736 = ORIENTED_EDGE ( 'NONE', *, *, #381, .F. ) ;
#737 = CARTESIAN_POINT ( 'NONE',  ( -0.002596173510219939445, 7.592956375594758889, 7.045311511337315480 ) ) ;
#738 = ORIENTED_EDGE ( 'NONE', *, *, #456, .F. ) ;
#739 = CARTESIAN_POINT ( 'NONE',  ( 2.787150462492328895, 10.25976145298295350, -3.911670991258527129E-15 ) ) ;
#740 = EDGE_CURVE ( 'NONE', #563, #324, #1123, .T. ) ;
#741 = CARTESIAN_POINT ( 'NONE',  ( -0.002596173510219939445, 7.692956375594759422, -3.911670991258526341E-15 ) ) ;
#742 = DIRECTION ( 'NONE',  ( -0.7747650967598231908, 0.000000000000000000, 0.6322491952092480494 ) ) ;
#743 = DIRECTION ( 'NONE',  ( -0.7772612544013203228, 0.000000000000000000, -0.6291779894485233227 ) ) ;
#744 = DIRECTION ( 'NONE',  ( 0.000000000000000000, 1.000000000000000000, 0.000000000000000000 ) ) ;
#745 = ORIENTED_EDGE ( 'NONE', *, *, #1505, .F. ) ;
#746 = CARTESIAN_POINT ( 'NONE',  ( -2.012530038638019825, -2.516464076326281774, -11.62465490290500547 ) ) ;
#747 = CARTESIAN_POINT ( 'NONE',  ( -0.002596173510219939445, 6.973978459147759601, -3.911670991258526341E-15 ) ) ;
#748 = CARTESIAN_POINT ( 'NONE',  ( -0.002596173510219272444, 7.792956375594759066, -5.445311511337325605 ) ) ;
#749 = EDGE_CURVE ( 'NONE', #8, #425, #155, .T. ) ;
#750 = AXIS2_PLACEMENT_3D ( 'NONE', #403, #862, #1336 ) ;
#751 = DIRECTION ( 'NONE',  ( 0.000000000000000000, 0.000000000000000000, 1.000000000000000000 ) ) ;
#752 = CARTESIAN_POINT ( 'NONE',  ( -13.60530296192517774, -2.616464076326285415, -2.240528885167011985 ) ) ;
#753 = ADVANCED_FACE ( 'NONE', ( #316 ), #1255, .T. ) ;
#754 = ORIENTED_EDGE ( 'NONE', *, *, #1026, .T. ) ;
#755 = LINE ( 'NONE', #1350, #670 ) ;
#756 = TOROIDAL_SURFACE ( 'NONE', #733, 10.30000000000000071, 0.1000000000000000056 ) ;
#757 = DIRECTION ( 'NONE',  ( 1.000000000000000000, 0.000000000000000000, 0.000000000000000000 ) ) ;
#758 = EDGE_CURVE ( 'NONE', #419, #1430, #1377, .T. ) ;
#759 = CARTESIAN_POINT ( 'NONE',  ( 13.71977440537182247, -2.616464076326276977, -2.225245112807699766 ) ) ;
#760 = VECTOR ( 'NONE', #272, 1000.000000000000227 ) ;
#761 = DIRECTION ( 'NONE',  ( 0.000000000000000000, 1.000000000000000000, 0.000000000000000000 ) ) ;
#762 = FACE_OUTER_BOUND ( 'NONE', #1478, .T. ) ;
#763 = ORIENTED_EDGE ( 'NONE', *, *, #600, .T. ) ;
#764 = CARTESIAN_POINT ( 'NONE',  ( -4.269325084228181133, 7.892956375594759599, -4.266728910717965562 ) ) ;
#765 = CIRCLE ( 'NONE', #1311, 0.1000000000000022815 ) ;
#766 = CARTESIAN_POINT ( 'NONE',  ( -0.002596173510218693480, -2.516464076326281774, -3.911670991258526341E-15 ) ) ;
#767 = CARTESIAN_POINT ( 'NONE',  ( -0.002596173510219076854, 7.592956375594758889, -7.045311511337324362 ) ) ;
#768 = DIRECTION ( 'NONE',  ( -0.7772612544013203228, 0.000000000000000000, -0.6291779894485233227 ) ) ;
#769 = FACE_OUTER_BOUND ( 'NONE', #392, .T. ) ;
#770 = ORIENTED_EDGE ( 'NONE', *, *, #486, .F. ) ;
#771 = DIRECTION ( 'NONE',  ( 1.000000000000000000, 0.000000000000000000, 0.000000000000000000 ) ) ;
#772 = VERTEX_POINT ( 'NONE', #1057 ) ;
#773 = AXIS2_PLACEMENT_3D ( 'NONE', #1259, #540, #659 ) ;
#774 = CYLINDRICAL_SURFACE ( 'NONE', #296, 8.800000000000000711 ) ;
#775 = FACE_BOUND ( 'NONE', #699, .T. ) ;
#776 = AXIS2_PLACEMENT_3D ( 'NONE', #201, #701, #592 ) ;
#777 = VECTOR ( 'NONE', #217, 1000.000000000000000 ) ;
#778 = DIRECTION ( 'NONE',  ( 1.000000000000000000, 0.000000000000000000, 0.000000000000000000 ) ) ;
#779 = VERTEX_POINT ( 'NONE', #1425 ) ;
#780 = CARTESIAN_POINT ( 'NONE',  ( -0.002596173510218978409, 7.592956375594758889, -7.845311511337322408 ) ) ;
#781 = EDGE_LOOP ( 'NONE', ( #1264, #86, #1140, #529 ) ) ;
#782 = CC_DESIGN_APPROVAL ( #676, ( #6 ) ) ;
#783 = CARTESIAN_POINT ( 'NONE',  ( 14.56969784899492204, -2.545753398207622809, -1.493858609374167923 ) ) ;
#784 = CARTESIAN_POINT ( 'NONE',  ( -0.002596173510219939445, 7.642956375594759599, -3.911670991258526341E-15 ) ) ;
#785 = ORIENTED_EDGE ( 'NONE', *, *, #1358, .T. ) ;
#786 = AXIS2_PLACEMENT_3D ( 'NONE', #787, #669, #1479 ) ;
#787 = CARTESIAN_POINT ( 'NONE',  ( -11.79163805673633902, -2.616464076326289856, -3.911670991258526341E-15 ) ) ;
#788 = ADVANCED_FACE ( 'NONE', ( #927 ), #812, .T. ) ;
#789 = DIRECTION ( 'NONE',  ( 3.682617904393160126E-16, -1.000000000000000000, 0.000000000000000000 ) ) ;
#790 = EDGE_LOOP ( 'NONE', ( #489, #405, #44, #943, #384, #353 ) ) ;
#791 = DIRECTION ( 'NONE',  ( -0.7747650967598191940, 7.854827899222980946E-15, -0.6322491952092529344 ) ) ;
#792 = EDGE_CURVE ( 'NONE', #779, #957, #52, .T. ) ;
#793 = CARTESIAN_POINT ( 'NONE',  ( 14.52499107966170122, -2.616464076326276977, -1.439074443999615927 ) ) ;
#794 = ORIENTED_EDGE ( 'NONE', *, *, #951, .F. ) ;
#795 = CARTESIAN_POINT ( 'NONE',  ( -0.002596173510219939445, 7.792956375594759066, 5.445311511337316723 ) ) ;
#796 = ADVANCED_FACE ( 'NONE', ( #255 ), #483, .T. ) ;
#797 = CARTESIAN_POINT ( 'NONE',  ( 0.01798368156218123348, -2.616464076326280974, -10.39997963793993740 ) ) ;
#798 = DIRECTION ( 'NONE',  ( 3.391650262818020451E-16, -1.000000000000000000, 0.000000000000000000 ) ) ;
#799 = AXIS2_PLACEMENT_3D ( 'NONE', #481, #367, #577 ) ;
#800 = CALENDAR_DATE ( 2026, 23, 8 ) ;
#801 = EDGE_CURVE ( 'NONE', #368, #327, #939, .T. ) ;
#802 = CYLINDRICAL_SURFACE ( 'NONE', #213, 7.045311511337319921 ) ;
#803 = EDGE_LOOP ( 'NONE', ( #824, #127, #1494, #123 ) ) ;
#804 = ADVANCED_FACE ( 'NONE', ( #717 ), #632, .T. ) ;
#805 = DIRECTION ( 'NONE',  ( 0.000000000000000000, 1.000000000000000000, 0.000000000000000000 ) ) ;
#806 = FACE_OUTER_BOUND ( 'NONE', #821, .T. ) ;
#807 = EDGE_CURVE ( 'NONE', #569, #164, #851, .T. ) ;
#808 = TOROIDAL_SURFACE ( 'NONE', #616, 10.30000000000000071, 0.1000000000000000056 ) ;
#809 = EDGE_CURVE ( 'NONE', #327, #1181, #1415, .T. ) ;
#810 = CARTESIAN_POINT ( 'NONE',  ( -0.002596173510219939445, 7.592956375594758889, -3.911670991258526341E-15 ) ) ;
#811 = ORIENTED_EDGE ( 'NONE', *, *, #1062, .T. ) ;
#812 = CYLINDRICAL_SURFACE ( 'NONE', #1250, 6.245311511337320098 ) ;
#813 = CARTESIAN_POINT ( 'NONE',  ( -0.002596173510223309579, 10.25976145298295350, -2.789746636002556901 ) ) ;
#814 = DIRECTION ( 'NONE',  ( -0.6291779894485357572, 0.000000000000000000, 0.7772612544013102198 ) ) ;
#815 = VECTOR ( 'NONE', #1222, 1000.000000000000000 ) ;
#816 = DATE_AND_TIME ( #800, #903 ) ;
#817 = DIRECTION ( 'NONE',  ( -0.7772612544013198788, 0.000000000000000000, 0.6291779894485238778 ) ) ;
#818 = ORIENTED_EDGE ( 'NONE', *, *, #712, .T. ) ;
#819 = DIRECTION ( 'NONE',  ( 0.6322491952092470502, 2.807750455288130593E-16, 0.7747650967598240790 ) ) ;
#820 = AXIS2_PLACEMENT_3D ( 'NONE', #1382, #325, #1261 ) ;
#821 = EDGE_LOOP ( 'NONE', ( #754, #2 ) ) ;
#822 = DIRECTION ( 'NONE',  ( 0.7747650967598262994, -3.944304526105186896E-31, 0.6322491952092442746 ) ) ;
#823 = CALENDAR_DATE ( 2026, 23, 8 ) ;
#824 = ORIENTED_EDGE ( 'NONE', *, *, #758, .F. ) ;
#825 = CARTESIAN_POINT ( 'NONE',  ( 6.509570537145019209, -2.516464076326277777, 7.980080496626197117 ) ) ;
#826 = CARTESIAN_POINT ( 'NONE',  ( -8.802596173510218946, -2.516464076326280885, -2.833981808008855144E-15 ) ) ;
#827 = DIRECTION ( 'NONE',  ( 0.4470676933322058622, 0.7071067811865431318, 0.5478416537455207402 ) ) ;
#828 = ORIENTED_EDGE ( 'NONE', *, *, #867, .F. ) ;
#829 = AXIS2_PLACEMENT_3D ( 'NONE', #401, #519, #407 ) ;
#830 = PERSON_AND_ORGANIZATION_ROLE ( 'creator' ) ;
#831 = ORIENTED_EDGE ( 'NONE', *, *, #1393, .F. ) ;
#832 = DIRECTION ( 'NONE',  ( 0.000000000000000000, 1.000000000000000000, 0.000000000000000000 ) ) ;
#833 = AXIS2_PLACEMENT_3D ( 'NONE', #304, #1483, #441 ) ;
#834 = EDGE_LOOP ( 'NONE', ( #1500, #358, #22 ) ) ;
#835 = DIRECTION ( 'NONE',  ( 0.7772612544013197677, 2.862356211849390345E-16, -0.6291779894485238778 ) ) ;
#836 = ORIENTED_EDGE ( 'NONE', *, *, #1131, .T. ) ;
#837 = PRODUCT_DEFINITION ( 'UNKNOWN', '', #591, #875 ) ;
#838 = AXIS2_PLACEMENT_3D ( 'NONE', #418, #856, #149 ) ;
#839 = CARTESIAN_POINT ( 'NONE',  ( -0.002596173510223429275, 10.28335427152002879, -3.800648688796010687E-15 ) ) ;
#840 = AXIS2_PLACEMENT_3D ( 'NONE', #962, #854, #1414 ) ;
#841 = CARTESIAN_POINT ( 'NONE',  ( -0.002596173510219076854, 7.692956375594759422, -7.045311511337324362 ) ) ;
#842 = ADVANCED_FACE ( 'NONE', ( #606 ), #1065, .T. ) ;
#843 = CARTESIAN_POINT ( 'NONE',  ( -5.636534586130420799, -2.616464076326280974, 8.819750010761834957 ) ) ;
#844 = ORIENTED_EDGE ( 'NONE', *, *, #630, .F. ) ;
#845 = LINE ( 'NONE', #1320, #547 ) ;
#846 = ORIENTED_EDGE ( 'NONE', *, *, #1139, .F. ) ;
#847 = CARTESIAN_POINT ( 'NONE',  ( -0.002596173510218902514, 7.147064359006319201, -8.467187294840083922 ) ) ;
#848 = ORIENTED_EDGE ( 'NONE', *, *, #809, .F. ) ;
#849 = CIRCLE ( 'NONE', #313, 2.982594330387353221 ) ;
#850 = CARTESIAN_POINT ( 'NONE',  ( -5.618106389476817952, -2.545753398207626805, 8.796984555695788188 ) ) ;
#851 = CIRCLE ( 'NONE', #194, 1.400000000000000133 ) ;
#852 = EDGE_CURVE ( 'NONE', #719, #261, #977, .T. ) ;
#853 = CARTESIAN_POINT ( 'NONE',  ( 4.264132737207742885, 7.892956375594759599, 4.266728910717957568 ) ) ;
#854 = DIRECTION ( 'NONE',  ( -3.682629889672890215E-16, 1.000000000000000000, -6.056731922204290391E-19 ) ) ;
#855 = EDGE_CURVE ( 'NONE', #615, #1421, #241, .T. ) ;
#856 = DIRECTION ( 'NONE',  ( 0.7747650967598133098, 0.000000000000000000, -0.6322491952092603729 ) ) ;
#857 = ORIENTED_EDGE ( 'NONE', *, *, #1131, .F. ) ;
#858 = DIRECTION ( 'NONE',  ( -0.000000000000000000, 1.000000000000000000, 0.000000000000000000 ) ) ;
#859 = CIRCLE ( 'NONE', #1480, 5.445311511337321164 ) ;
#860 = CARTESIAN_POINT ( 'NONE',  ( 13.65654948585090267, -2.516464076326277777, -2.147768603131719800 ) ) ;
#861 = EDGE_CURVE ( 'NONE', #1445, #27, #361, .T. ) ;
#862 = DIRECTION ( 'NONE',  ( -1.841308952196579817E-16, 1.000000000000000000, 0.000000000000000000 ) ) ;
#863 = VECTOR ( 'NONE', #1326, 1000.000000000000227 ) ;
#864 = LINE ( 'NONE', #388, #497 ) ;
#865 = ORIENTED_EDGE ( 'NONE', *, *, #46, .T. ) ;
#866 = CARTESIAN_POINT ( 'NONE',  ( 4.264132737207742885, 7.892956375594759599, 4.266728910717957568 ) ) ;
#867 = EDGE_CURVE ( 'NONE', #355, #772, #1051, .T. ) ;
#868 = CARTESIAN_POINT ( 'NONE',  ( -0.002596173510219939445, 7.692956375594759422, 7.045311511337315480 ) ) ;
#869 = EDGE_CURVE ( 'NONE', #551, #959, #694, .T. ) ;
#870 = DIRECTION ( 'NONE',  ( -0.7747650967598231908, 0.000000000000000000, 0.6322491952092480494 ) ) ;
#871 = DIRECTION ( 'NONE',  ( 0.6322491952092470502, 2.807750455288131579E-16, -0.7747650967598240790 ) ) ;
#872 = FACE_OUTER_BOUND ( 'NONE', #1069, .T. ) ;
#873 = ORIENTED_EDGE ( 'NONE', *, *, #202, .T. ) ;
#874 = DIRECTION ( 'NONE',  ( 0.6322491952092447187, 4.336808689942080056E-15, -0.7747650967598259664 ) ) ;
#875 = DESIGN_CONTEXT ( 'detailed design', #1029, 'design' ) ;
#876 = CARTESIAN_POINT ( 'NONE',  ( -2.012530038638019825, -2.616464076326280974, -11.62465490290500547 ) ) ;
#877 = AXIS2_PLACEMENT_3D ( 'NONE', #981, #76, #751 ) ;
#878 = FACE_OUTER_BOUND ( 'NONE', #494, .T. ) ;
#879 = CARTESIAN_POINT ( 'NONE',  ( -13.64979256421639420, -2.545753398207655671, 2.295489555541049054 ) ) ;
#880 = EDGE_LOOP ( 'NONE', ( #995, #865, #387, #1409, #964 ) ) ;
#881 = CARTESIAN_POINT ( 'NONE',  ( -0.002596173510223310013, 10.25976145298295350, -2.789746636002556901 ) ) ;
#882 = APPROVAL_PERSON_ORGANIZATION ( #462, #470, #351 ) ;
#883 = DIRECTION ( 'NONE',  ( 0.4470676933322058622, 0.7071067811865431318, 0.5478416537455207402 ) ) ;
#884 = ADVANCED_FACE ( 'NONE', ( #688 ), #1408, .T. ) ;
#885 = DIRECTION ( 'NONE',  ( -0.6291779894485242108, 0.000000000000000000, 0.7772612544013195457 ) ) ;
#886 = PLANE ( 'NONE',  #1467 ) ;
#887 = ORIENTED_EDGE ( 'NONE', *, *, #1313, .F. ) ;
#888 = CIRCLE ( 'NONE', #91, 10.30000000000000071 ) ;
#889 = CARTESIAN_POINT ( 'NONE',  ( -0.002596173510219939445, 7.792956375594759066, -3.911670991258526341E-15 ) ) ;
#890 = ORIENTED_EDGE ( 'NONE', *, *, #1458, .T. ) ;
#891 = DIRECTION ( 'NONE',  ( 1.000000000000000000, 3.449734185181150158E-16, 0.000000000000000000 ) ) ;
#892 = DIRECTION ( 'NONE',  ( -0.000000000000000000, 1.000000000000000000, 0.000000000000000000 ) ) ;
#893 = DIRECTION ( 'NONE',  ( 1.000000000000000000, 0.000000000000000000, 0.000000000000000000 ) ) ;
#894 = EDGE_LOOP ( 'NONE', ( #1489, #437 ) ) ;
#895 = DIRECTION ( 'NONE',  ( 1.000000000000000000, 0.000000000000000000, 0.000000000000000000 ) ) ;
#896 = ORIENTED_EDGE ( 'NONE', *, *, #1076, .T. ) ;
#897 = APPLICATION_PROTOCOL_DEFINITION ( 'international standard', 'config_control_design', 1994, #447 ) ;
#898 = VECTOR ( 'NONE', #348, 1000.000000000000000 ) ;
#899 = DIRECTION ( 'NONE',  ( -4.440892098500630106E-16, 1.000000000000000000, 0.000000000000000000 ) ) ;
#900 = EDGE_CURVE ( 'NONE', #941, #1174, #301, .T. ) ;
#901 = VERTEX_POINT ( 'NONE', #460 ) ;
#902 = FACE_BOUND ( 'NONE', #39, .T. ) ;
#903 = LOCAL_TIME ( 0, 42, 16.00000000000000000, #581 ) ;
#904 = ORIENTED_EDGE ( 'NONE', *, *, #951, .T. ) ;
#905 = VECTOR ( 'NONE', #386, 1000.000000000000000 ) ;
#906 = CARTESIAN_POINT ( 'NONE',  ( -0.002596173510219939445, 7.370010367300558585, -3.911670991258526341E-15 ) ) ;
#907 = CARTESIAN_POINT ( 'NONE',  ( -0.002596173510219939445, 7.592956375594758889, -3.911670991258526341E-15 ) ) ;
#908 = EDGE_CURVE ( 'NONE', #926, #1510, #1155, .T. ) ;
#909 = ORIENTED_EDGE ( 'NONE', *, *, #725, .T. ) ;
#910 = CIRCLE ( 'NONE', #1352, 6.245311511337320098 ) ;
#911 = FACE_OUTER_BOUND ( 'NONE', #256, .T. ) ;
#912 = DIRECTION ( 'NONE',  ( 3.682617904393160126E-16, -1.000000000000000000, -7.293831959891579385E-48 ) ) ;
#913 = TOROIDAL_SURFACE ( 'NONE', #1388, 2.882594330387352244, 0.1000000000000000056 ) ;
#914 = ADVANCED_FACE ( 'NONE', ( #1443 ), #34, .T. ) ;
#915 = PERSON_AND_ORGANIZATION_ROLE ( 'creator' ) ;
#916 = EDGE_CURVE ( 'NONE', #419, #1133, #864, .T. ) ;
#917 = CARTESIAN_POINT ( 'NONE',  ( 14.79740382648978070, -2.516464076326274224, -3.911670991258526341E-15 ) ) ;
#918 = ORIENTED_EDGE ( 'NONE', *, *, #572, .T. ) ;
#919 = DIRECTION ( 'NONE',  ( -3.672197466879119980E-16, 1.000000000000000000, 1.611195968119249994E-34 ) ) ;
#920 = EDGE_CURVE ( 'NONE', #1133, #716, #1109, .T. ) ;
#921 = CARTESIAN_POINT ( 'NONE',  ( -10.60259617351022143, -2.516464076326281329, -3.911670991258526341E-15 ) ) ;
#922 = ADVANCED_FACE ( 'NONE', ( #997 ), #1469, .T. ) ;
#923 = PERSON_AND_ORGANIZATION ( #536, #685 ) ;
#924 = AXIS2_PLACEMENT_3D ( 'NONE', #533, #1105, #1331 ) ;
#925 = DIRECTION ( 'NONE',  ( -0.6291779894485238778, -2.794111561892459535E-16, -0.7772612544013198788 ) ) ;
#926 = VERTEX_POINT ( 'NONE', #737 ) ;
#927 = FACE_OUTER_BOUND ( 'NONE', #781, .T. ) ;
#928 = CARTESIAN_POINT ( 'NONE',  ( 13.65654948585090267, -2.616464076326276977, -2.147768603131719800 ) ) ;
#929 = APPROVAL_ROLE ( '' ) ;
#930 = CARTESIAN_POINT ( 'NONE',  ( -0.002596173510223318687, 10.28335427152003945, -4.022693293721041995E-15 ) ) ;
#931 = ORIENTED_EDGE ( 'NONE', *, *, #630, .T. ) ;
#932 = CARTESIAN_POINT ( 'NONE',  ( -12.00259617351022001, -2.516464076326281774, -3.911670991258526341E-15 ) ) ;
#933 = VERTEX_POINT ( 'NONE', #1213 ) ;
#934 = CARTESIAN_POINT ( 'NONE',  ( 10.59740382648977963, 40.42325628722720410, -3.740220439377896187E-15 ) ) ;
#935 = COORDINATED_UNIVERSAL_TIME_OFFSET ( 5, 30, .AHEAD. ) ;
#936 = VERTEX_POINT ( 'NONE', #1229 ) ;
#937 = DIRECTION ( 'NONE',  ( 0.000000000000000000, 1.000000000000000000, 0.000000000000000000 ) ) ;
#938 = VERTEX_POINT ( 'NONE', #515 ) ;
#939 = LINE ( 'NONE', #237, #1297 ) ;
#940 = CIRCLE ( 'NONE', #409, 1.400000000000000133 ) ;
#941 = VERTEX_POINT ( 'NONE', #847 ) ;
#942 = CARTESIAN_POINT ( 'NONE',  ( -0.002596173510218674832, -2.516464076326281774, 10.29999999999999716 ) ) ;
#943 = ORIENTED_EDGE ( 'NONE', *, *, #1344, .F. ) ;
#944 = AXIS2_PLACEMENT_3D ( 'NONE', #139, #1044, #1169 ) ;
#945 = PLANE ( 'NONE',  #607 ) ;
#946 = ORIENTED_EDGE ( 'NONE', *, *, #258, .T. ) ;
#947 = CC_DESIGN_PERSON_AND_ORGANIZATION_ASSIGNMENT ( #125, #915, ( #591 ) ) ;
#948 = DIRECTION ( 'NONE',  ( 0.000000000000000000, 1.000000000000000000, 0.000000000000000000 ) ) ;
#949 = ORIENTED_EDGE ( 'NONE', *, *, #869, .F. ) ;
#950 = CIRCLE ( 'NONE', #633, 2.772154569319123851 ) ;
#951 = EDGE_CURVE ( 'NONE', #938, #1318, #163, .T. ) ;
#952 = EDGE_LOOP ( 'NONE', ( #309, #702 ) ) ;
#953 = DIRECTION ( 'NONE',  ( -3.682603484082859946E-16, 1.000000000000000000, -7.287268689936820128E-19 ) ) ;
#954 = VECTOR ( 'NONE', #677, 1000.000000000000000 ) ;
#955 = ORIENTED_EDGE ( 'NONE', *, *, #695, .T. ) ;
#956 = DIRECTION ( 'NONE',  ( -1.841308952196579817E-16, 1.000000000000000000, 0.000000000000000000 ) ) ;
#957 = VERTEX_POINT ( 'NONE', #404 ) ;
#958 = AXIS2_PLACEMENT_3D ( 'NONE', #982, #70, #1347 ) ;
#959 = VERTEX_POINT ( 'NONE', #284 ) ;
#960 = CARTESIAN_POINT ( 'NONE',  ( 0.01778579834033123391, -2.616464076326280974, -10.29997983372897608 ) ) ;
#961 = CIRCLE ( 'NONE', #840, 10.40000000000000036 ) ;
#962 = CARTESIAN_POINT ( 'NONE',  ( -0.002596173510218656617, -2.616464076326280974, -3.911670991258526341E-15 ) ) ;
#963 = CARTESIAN_POINT ( 'NONE',  ( -0.002596173510218656617, -2.616464076326280974, -3.911670991258526341E-15 ) ) ;
#964 = ORIENTED_EDGE ( 'NONE', *, *, #521, .T. ) ;
#965 = CARTESIAN_POINT ( 'NONE',  ( 4.264132737207742885, 7.892956375594759599, -4.266728910717965562 ) ) ;
#966 = EDGE_CURVE ( 'NONE', #936, #938, #641, .T. ) ;
#967 = EDGE_CURVE ( 'NONE', #27, #259, #1361, .T. ) ;
#968 = VERTEX_POINT ( 'NONE', #1220 ) ;
#969 = CARTESIAN_POINT ( 'NONE',  ( -0.002596173510219272444, 7.842956375594759777, -5.445311511337325605 ) ) ;
#970 = DIRECTION ( 'NONE',  ( 0.000000000000000000, 1.000000000000000000, 0.000000000000000000 ) ) ;
#971 = PRODUCT ( 'Caster Wheel', 'Caster Wheel', '', ( #1521 ) ) ;
#972 = DIRECTION ( 'NONE',  ( 0.6291779894485240998, 2.908078142412877662E-16, -0.7772612544013197677 ) ) ;
#973 = CYLINDRICAL_SURFACE ( 'NONE', #924, 10.39999999999999858 ) ;
#974 = ORIENTED_EDGE ( 'NONE', *, *, #801, .T. ) ;
#975 = AXIS2_PLACEMENT_3D ( 'NONE', #312, #555, #778 ) ;
#976 = LINE ( 'NONE', #746, #815 ) ;
#977 = CIRCLE ( 'NONE', #395, 4.266728910717959344 ) ;
#978 = VECTOR ( 'NONE', #160, 1000.000000000000000 ) ;
#979 = FACE_OUTER_BOUND ( 'NONE', #894, .T. ) ;
#980 = DIRECTION ( 'NONE',  ( 0.000000000000000000, 1.000000000000000000, 0.000000000000000000 ) ) ;
#981 = CARTESIAN_POINT ( 'NONE',  ( 11.90385699040326095, -2.616464076326276977, -3.911670991258526341E-15 ) ) ;
#982 = CARTESIAN_POINT ( 'NONE',  ( -0.002596173510219939445, 6.800892559289159145, -3.911670991258526341E-15 ) ) ;
#983 = VERTEX_POINT ( 'NONE', #500 ) ;
#984 = CIRCLE ( 'NONE', #1302, 7.845311511337318855 ) ;
#985 = CARTESIAN_POINT ( 'NONE',  ( -13.66822076087002102, -2.616464076326289856, 2.318255010607136235 ) ) ;
#986 = CIRCLE ( 'NONE', #1507, 8.467187294840080369 ) ;
#987 = DIRECTION ( 'NONE',  ( 1.000000000000000000, 3.097720492815726673E-16, 0.000000000000000000 ) ) ;
#988 = CIRCLE ( 'NONE', #1385, 2.872154569319124828 ) ;
#989 = CARTESIAN_POINT ( 'NONE',  ( -0.002596173510223318687, 10.28335427152003945, -3.800648688796010687E-15 ) ) ;
#990 = DIRECTION ( 'NONE',  ( 3.391650262818020451E-16, -1.000000000000000000, 0.000000000000000000 ) ) ;
#991 = DIRECTION ( 'NONE',  ( -4.440892098500630106E-16, 1.000000000000000000, 0.000000000000000000 ) ) ;
#992 = AXIS2_PLACEMENT_3D ( 'NONE', #665, #1365, #1243 ) ;
#993 = EDGE_LOOP ( 'NONE', ( #1064, #1246 ) ) ;
#994 = FACE_OUTER_BOUND ( 'NONE', #364, .T. ) ;
#995 = ORIENTED_EDGE ( 'NONE', *, *, #645, .F. ) ;
#996 = CARTESIAN_POINT ( 'NONE',  ( -6.527619067121253948, -2.545753398207630358, 8.060751590707663894 ) ) ;
#997 = FACE_OUTER_BOUND ( 'NONE', #1170, .T. ) ;
#998 = ORIENTED_EDGE ( 'NONE', *, *, #96, .T. ) ;
#999 = VECTOR ( 'NONE', #133, 1000.000000000000227 ) ;
#1000 = FACE_OUTER_BOUND ( 'NONE', #93, .T. ) ;
#1001 = CARTESIAN_POINT ( 'NONE',  ( -0.002596173510219939445, 6.973978459147759601, 8.467187294840076817 ) ) ;
#1002 = CARTESIAN_POINT ( 'NONE',  ( -10.10713401232246156, -3.716464076326281507, 5.200886028190436328 ) ) ;
#1003 = EDGE_CURVE ( 'NONE', #324, #292, #689, .T. ) ;
#1004 = AXIS2_PLACEMENT_3D ( 'NONE', #1292, #448, #1047 ) ;
#1005 = CARTESIAN_POINT ( 'NONE',  ( -0.002596173510219939445, 7.147064359006319201, 7.845311511337315302 ) ) ;
#1006 = DIRECTION ( 'NONE',  ( 0.000000000000000000, 1.000000000000000000, 0.000000000000000000 ) ) ;
#1007 = VERTEX_POINT ( 'NONE', #1452 ) ;
#1008 = CYLINDRICAL_SURFACE ( 'NONE', #523, 2.872154569319123496 ) ;
#1009 = ADVANCED_BREP_SHAPE_REPRESENTATION ( 'Caster Wheel', ( #1490, #29 ), #85 ) ;
#1010 = AXIS2_PLACEMENT_3D ( 'NONE', #329, #183, #1497 ) ;
#1011 = ORIENTED_EDGE ( 'NONE', *, *, #1142, .T. ) ;
#1012 = CARTESIAN_POINT ( 'NONE',  ( 11.99740382648977999, -3.716464076326281507, -3.911670991258526341E-15 ) ) ;
#1013 = CARTESIAN_POINT ( 'NONE',  ( 11.99740382648977999, 40.42325628722720410, -3.911670991258526341E-15 ) ) ;
#1014 = DIRECTION ( 'NONE',  ( -0.7747650967598191940, 7.854827899222982523E-15, -0.6322491952092530454 ) ) ;
#1015 = ORIENTED_EDGE ( 'NONE', *, *, #574, .F. ) ;
#1016 = AXIS2_PLACEMENT_3D ( 'NONE', #734, #858, #1093 ) ;
#1017 = CARTESIAN_POINT ( 'NONE',  ( -13.66822076087002102, -3.716464076326281507, 2.318255010607136235 ) ) ;
#1018 =( BOUNDED_CURVE ( )  B_SPLINE_CURVE ( 2, ( #1327, #813, #593 ),
 .UNSPECIFIED., .F., .F. ) 
 B_SPLINE_CURVE_WITH_KNOTS ( ( 3, 3 ),
 ( -1.562339553050450025, -0.5579090557073309586 ),
 .UNSPECIFIED. ) 
 CURVE ( )  GEOMETRIC_REPRESENTATION_ITEM ( )  RATIONAL_B_SPLINE_CURVE ( ( 1.000000000000000000, 0.8765183626802279804, 1.000000000000000000 ) ) 
 REPRESENTATION_ITEM ( '' )  );
#1019 = ORIENTED_EDGE ( 'NONE', *, *, #1224, .F. ) ;
#1020 = CARTESIAN_POINT ( 'NONE',  ( -0.002596173510219939445, 7.147064359006319201, -3.911670991258526341E-15 ) ) ;
#1021 = ADVANCED_FACE ( 'NONE', ( #643 ), #1114, .T. ) ;
#1022 = FACE_BOUND ( 'NONE', #1050, .T. ) ;
#1023 = EDGE_LOOP ( 'NONE', ( #558, #828, #482, #11 ) ) ;
#1024 = DIRECTION ( 'NONE',  ( -1.000000000000000000, -3.682617904393160126E-16, 0.000000000000000000 ) ) ;
#1025 = EDGE_LOOP ( 'NONE', ( #374, #848, #1428, #19 ) ) ;
#1026 = EDGE_CURVE ( 'NONE', #957, #779, #1308, .T. ) ;
#1027 = LINE ( 'NONE', #1002, #954 ) ;
#1028 = AXIS2_PLACEMENT_3D ( 'NONE', #552, #433, #895 ) ;
#1029 = APPLICATION_CONTEXT ( 'configuration controlled 3d designs of mechanical parts and assemblies' ) ;
#1030 = AXIS2_PLACEMENT_3D ( 'NONE', #1342, #288, #385 ) ;
#1031 = DIRECTION ( 'NONE',  ( 0.4470676933322063618, 0.7071067811865439090, -0.5478416537455191859 ) ) ;
#1032 = VERTEX_POINT ( 'NONE', #731 ) ;
#1033 = CYLINDRICAL_SURFACE ( 'NONE', #1059, 6.245311511337320098 ) ;
#1034 = EDGE_CURVE ( 'NONE', #959, #231, #249, .T. ) ;
#1035 = CARTESIAN_POINT ( 'NONE',  ( -13.66822076087002102, -3.716464076326281507, 2.318255010607136235 ) ) ;
#1036 = ADVANCED_FACE ( 'NONE', ( #872 ), #973, .T. ) ;
#1037 = AXIS2_PLACEMENT_3D ( 'NONE', #960, #631, #1103 ) ;
#1038 = AXIS2_PLACEMENT_3D ( 'NONE', #1460, #507, #1337 ) ;
#1039 = DIRECTION ( 'NONE',  ( -4.440892098500630106E-16, 1.000000000000000000, 0.000000000000000000 ) ) ;
#1040 = ORIENTED_EDGE ( 'NONE', *, *, #175, .T. ) ;
#1041 = CARTESIAN_POINT ( 'NONE',  ( 11.90385699040326095, -2.616464076326276977, -3.911670991258526341E-15 ) ) ;
#1042 = EDGE_CURVE ( 'NONE', #368, #1007, #61, .T. ) ;
#1043 = CARTESIAN_POINT ( 'NONE',  ( -6.546047263774861236, -3.716464076326281507, -8.083517045773724874 ) ) ;
#1044 = DIRECTION ( 'NONE',  ( -3.682617904393160126E-16, 1.000000000000000000, 0.000000000000000000 ) ) ;
#1045 = ORIENTED_EDGE ( 'NONE', *, *, #861, .F. ) ;
#1046 = DIRECTION ( 'NONE',  ( 1.000000000000000000, 0.000000000000000000, 0.000000000000000000 ) ) ;
#1047 = DIRECTION ( 'NONE',  ( 1.000000000000000000, 0.000000000000000000, 0.000000000000000000 ) ) ;
#1048 = AXIS2_PLACEMENT_3D ( 'NONE', #784, #1357, #198 ) ;
#1049 = FACE_OUTER_BOUND ( 'NONE', #122, .T. ) ;
#1050 = EDGE_LOOP ( 'NONE', ( #644, #1144 ) ) ;
#1051 = CIRCLE ( 'NONE', #171, 1.400000000000000133 ) ;
#1052 = DIRECTION ( 'NONE',  ( 0.000000000000000000, 0.000000000000000000, 1.000000000000000000 ) ) ;
#1053 = ORIENTED_EDGE ( 'NONE', *, *, #538, .F. ) ;
#1054 = LINE ( 'NONE', #934, #80 ) ;
#1055 = FACE_BOUND ( 'NONE', #172, .T. ) ;
#1056 = ORIENTED_EDGE ( 'NONE', *, *, #1192, .F. ) ;
#1057 = CARTESIAN_POINT ( 'NONE',  ( -13.40259617351022037, -2.516464076326282218, -3.740220439377894609E-15 ) ) ;
#1058 = VERTEX_POINT ( 'NONE', #879 ) ;
#1059 = AXIS2_PLACEMENT_3D ( 'NONE', #1512, #1267, #1130 ) ;
#1060 = CARTESIAN_POINT ( 'NONE',  ( -5.573616787185580179, -2.516464076326281774, 8.742023885321714260 ) ) ;
#1061 = ORIENTED_EDGE ( 'NONE', *, *, #1159, .F. ) ;
#1062 = EDGE_CURVE ( 'NONE', #371, #713, #262, .T. ) ;
#1063 = FACE_BOUND ( 'NONE', #142, .T. ) ;
#1064 = ORIENTED_EDGE ( 'NONE', *, *, #211, .T. ) ;
#1065 = CYLINDRICAL_SURFACE ( 'NONE', #1171, 0.1000000000000001443 ) ;
#1066 = EDGE_LOOP ( 'NONE', ( #263, #107, #857, #1165 ) ) ;
#1067 = EDGE_CURVE ( 'NONE', #1423, #180, #459, .T. ) ;
#1068 = EDGE_CURVE ( 'NONE', #501, #1181, #191, .T. ) ;
#1069 = EDGE_LOOP ( 'NONE', ( #1179, #693, #627, #1082, #319 ) ) ;
#1070 = CIRCLE ( 'NONE', #340, 7.845311511337318855 ) ;
#1071 = DIRECTION ( 'NONE',  ( 0.000000000000000000, 1.000000000000000000, 0.000000000000000000 ) ) ;
#1072 = FACE_OUTER_BOUND ( 'NONE', #1240, .T. ) ;
#1073 = DIRECTION ( 'NONE',  ( 0.000000000000000000, 0.000000000000000000, 1.000000000000000000 ) ) ;
#1074 = DIRECTION ( 'NONE',  ( -0.6291779894485254321, -4.336808689941986182E-15, -0.7772612544013185465 ) ) ;
#1075 = ORIENTED_EDGE ( 'NONE', *, *, #322, .T. ) ;
#1076 = EDGE_CURVE ( 'NONE', #541, #534, #511, .T. ) ;
#1077 = CIRCLE ( 'NONE', #420, 0.09999999999999856226 ) ;
#1078 = EDGE_CURVE ( 'NONE', #901, #713, #1167, .T. ) ;
#1079 = ORIENTED_EDGE ( 'NONE', *, *, #337, .T. ) ;
#1080 = CARTESIAN_POINT ( 'NONE',  ( 2.787150462492330671, 10.25976145298295883, 2.789746636002548907 ) ) ;
#1081 = LOCAL_TIME ( 0, 42, 16.00000000000000000, #1178 ) ;
#1082 = ORIENTED_EDGE ( 'NONE', *, *, #1194, .T. ) ;
#1083 = DIRECTION ( 'NONE',  ( -0.4448960229123776200, 0.7071067811865406894, 0.5496067037407376121 ) ) ;
#1084 = ADVANCED_FACE ( 'NONE', ( #1372 ), #1366, .T. ) ;
#1085 = EDGE_LOOP ( 'NONE', ( #1090, #4 ) ) ;
#1086 = ADVANCED_FACE ( 'NONE', ( #1486 ), #562, .T. ) ;
#1087 = ORIENTED_EDGE ( 'NONE', *, *, #254, .F. ) ;
#1088 = CIRCLE ( 'NONE', #427, 6.245311511337320098 ) ;
#1089 = CARTESIAN_POINT ( 'NONE',  ( -0.002596173510223429275, 10.28335427152002879, -4.022693293721041995E-15 ) ) ;
#1090 = ORIENTED_EDGE ( 'NONE', *, *, #168, .F. ) ;
#1091 = DIRECTION ( 'NONE',  ( -3.682617904393160126E-16, 1.000000000000000000, 0.000000000000000000 ) ) ;
#1092 = ORIENTED_EDGE ( 'NONE', *, *, #852, .T. ) ;
#1093 = DIRECTION ( 'NONE',  ( 1.000000000000000000, 0.000000000000000000, 0.000000000000000000 ) ) ;
#1094 = DIRECTION ( 'NONE',  ( 0.001978832218500489216, 0.000000000000000000, -0.9999980421096088534 ) ) ;
#1095 = CARTESIAN_POINT ( 'NONE',  ( 6.572795456665940783, -3.716464076326281507, -8.057557006302165092 ) ) ;
#1096 = ORIENTED_EDGE ( 'NONE', *, *, #110, .F. ) ;
#1097 = DIRECTION ( 'NONE',  ( 1.000000000000000000, 0.000000000000000000, 0.000000000000000000 ) ) ;
#1098 = ORIENTED_EDGE ( 'NONE', *, *, #861, .T. ) ;
#1099 = LINE ( 'NONE', #850, #863 ) ;
#1100 = AXIS2_PLACEMENT_3D ( 'NONE', #1282, #1433, #378 ) ;
#1101 = VECTOR ( 'NONE', #1504, 1000.000000000000000 ) ;
#1102 = LINE ( 'NONE', #648, #242 ) ;
#1103 = DIRECTION ( 'NONE',  ( 0.001978832218499963595, 0.000000000000000000, -0.9999980421096088534 ) ) ;
#1104 = CARTESIAN_POINT ( 'NONE',  ( -6.546047263774861236, -3.716464076326281507, 8.083517045773715992 ) ) ;
#1105 = DIRECTION ( 'NONE',  ( -4.440892098500630106E-16, 1.000000000000000000, -1.867126402889969767E-31 ) ) ;
#1106 = ORIENTED_EDGE ( 'NONE', *, *, #322, .F. ) ;
#1107 = CARTESIAN_POINT ( 'NONE',  ( -0.002596173510218693480, -2.516464076326281774, -3.911670991258526341E-15 ) ) ;
#1108 = ADVANCED_FACE ( 'NONE', ( #1239 ), #306, .T. ) ;
#1109 = CIRCLE ( 'NONE', #446, 0.09999999999999664713 ) ;
#1110 = LINE ( 'NONE', #969, #474 ) ;
#1111 = PRODUCT_RELATED_PRODUCT_CATEGORY ( 'detail', '', ( #971 ) ) ;
#1112 = CARTESIAN_POINT ( 'NONE',  ( 10.59740382648977963, -3.716464076326281507, -3.740220439377894609E-15 ) ) ;
#1113 = CARTESIAN_POINT ( 'NONE',  ( -0.002596173510219939445, 7.692956375594759422, -3.911670991258526341E-15 ) ) ;
#1114 = CYLINDRICAL_SURFACE ( 'NONE', #710, 10.40000000000000036 ) ;
#1115 = AXIS2_PLACEMENT_3D ( 'NONE', #1005, #892, #1219 ) ;
#1116 = ORIENTED_EDGE ( 'NONE', *, *, #526, .T. ) ;
#1117 = CYLINDRICAL_SURFACE ( 'NONE', #1334, 1.400000000000000133 ) ;
#1118 = EDGE_CURVE ( 'NONE', #164, #585, #431, .T. ) ;
#1119 = DIRECTION ( 'NONE',  ( 3.682617904393160126E-16, -1.000000000000000000, 0.000000000000000000 ) ) ;
#1120 = CARTESIAN_POINT ( 'NONE',  ( -0.002596173510219939445, 7.642956375594759599, 7.045311511337315480 ) ) ;
#1121 = CARTESIAN_POINT ( 'NONE',  ( -0.002596173510219939445, 6.800892559289159145, -3.911670991258526341E-15 ) ) ;
#1122 = ORIENTED_EDGE ( 'NONE', *, *, #1472, .T. ) ;
#1123 = LINE ( 'NONE', #543, #1431 ) ;
#1124 = VECTOR ( 'NONE', #899, 1000.000000000000000 ) ;
#1125 = ORIENTED_EDGE ( 'NONE', *, *, #248, .F. ) ;
#1126 = CARTESIAN_POINT ( 'NONE',  ( 10.95150160530874039, -2.616464076326276977, 4.355230390746835489 ) ) ;
#1127 = FACE_OUTER_BOUND ( 'NONE', #803, .T. ) ;
#1128 = DIRECTION ( 'NONE',  ( 3.682617904393160126E-16, -1.000000000000000000, 0.000000000000000000 ) ) ;
#1129 = VERTEX_POINT ( 'NONE', #1386 ) ;
#1130 = DIRECTION ( 'NONE',  ( 0.000000000000000000, 0.000000000000000000, 1.000000000000000000 ) ) ;
#1131 = EDGE_CURVE ( 'NONE', #1436, #1201, #724, .T. ) ;
#1132 = AXIS2_PLACEMENT_3D ( 'NONE', #1335, #742, #167 ) ;
#1133 = VERTEX_POINT ( 'NONE', #299 ) ;
#1134 = CARTESIAN_POINT ( 'NONE',  ( -0.002596173510219939445, 7.892956375594759599, -3.911670991258526341E-15 ) ) ;
#1135 = DIRECTION ( 'NONE',  ( 3.982792074571835191E-16, -1.000000000000000000, -3.708231310768734988E-17 ) ) ;
#1136 = ORIENTED_EDGE ( 'NONE', *, *, #521, .F. ) ;
#1137 = CIRCLE ( 'NONE', #1484, 0.1000000000000007272 ) ;
#1138 = FACE_OUTER_BOUND ( 'NONE', #636, .T. ) ;
#1139 = EDGE_CURVE ( 'NONE', #1369, #27, #666, .T. ) ;
#1140 = ORIENTED_EDGE ( 'NONE', *, *, #1003, .F. ) ;
#1141 = DIRECTION ( 'NONE',  ( 1.000000000000000000, 3.097720492815726673E-16, 0.000000000000000000 ) ) ;
#1142 = EDGE_CURVE ( 'NONE', #620, #368, #849, .T. ) ;
#1143 = CARTESIAN_POINT ( 'NONE',  ( -11.79163805673633902, -2.516464076326285770, -3.911670991258526341E-15 ) ) ;
#1144 = ORIENTED_EDGE ( 'NONE', *, *, #600, .F. ) ;
#1145 = EDGE_CURVE ( 'NONE', #56, #716, #1375, .T. ) ;
#1146 = LINE ( 'NONE', #1389, #1286 ) ;
#1147 = DIRECTION ( 'NONE',  ( 0.000000000000000000, 1.000000000000000000, 0.000000000000000000 ) ) ;
#1148 = VECTOR ( 'NONE', #252, 1000.000000000000000 ) ;
#1149 = VECTOR ( 'NONE', #1238, 1000.000000000000000 ) ;
#1150 = CARTESIAN_POINT ( 'NONE',  ( 6.572795456665940783, -3.716464076326281507, -8.057557006302165092 ) ) ;
#1151 = ORIENTED_EDGE ( 'NONE', *, *, #545, .F. ) ;
#1152 = DIRECTION ( 'NONE',  ( 0.000000000000000000, 1.000000000000000000, 0.000000000000000000 ) ) ;
#1153 = CARTESIAN_POINT ( 'NONE',  ( 13.70125625518409507, -2.545753398207653895, 2.202552768506226055 ) ) ;
#1154 = VECTOR ( 'NONE', #619, 1000.000000000000227 ) ;
#1155 = CIRCLE ( 'NONE', #571, 7.045311511337319921 ) ;
#1156 = DIRECTION ( 'NONE',  ( 1.000000000000000000, 3.097720492815726673E-16, 0.000000000000000000 ) ) ;
#1157 = ORIENTED_EDGE ( 'NONE', *, *, #202, .F. ) ;
#1158 = CARTESIAN_POINT ( 'NONE',  ( 6.572795456665940783, -3.716464076326281507, 8.057557006302156211 ) ) ;
#1159 = EDGE_CURVE ( 'NONE', #1317, #261, #1168, .T. ) ;
#1160 = DIRECTION ( 'NONE',  ( 3.682617904393160126E-16, -1.000000000000000000, 0.000000000000000000 ) ) ;
#1161 = SECURITY_CLASSIFICATION_LEVEL ( 'unclassified' ) ;
#1162 = FACE_OUTER_BOUND ( 'NONE', #834, .T. ) ;
#1163 = ORIENTED_EDGE ( 'NONE', *, *, #222, .T. ) ;
#1164 = DIRECTION ( 'NONE',  ( 0.7772612544013182134, 0.000000000000000000, -0.6291779894485260982 ) ) ;
#1165 = ORIENTED_EDGE ( 'NONE', *, *, #1323, .F. ) ;
#1166 = DIRECTION ( 'NONE',  ( 1.000000000000000000, 3.449734185181150158E-16, 0.000000000000000000 ) ) ;
#1167 = CIRCLE ( 'NONE', #657, 7.845311511337318855 ) ;
#1168 =( BOUNDED_CURVE ( )  B_SPLINE_CURVE ( 2, ( #106, #568, #672 ),
 .UNSPECIFIED., .F., .F. ) 
 B_SPLINE_CURVE_WITH_KNOTS ( ( 3, 3 ),
 ( -1.562339553050450025, -0.5579090557073309586 ),
 .UNSPECIFIED. ) 
 CURVE ( )  GEOMETRIC_REPRESENTATION_ITEM ( )  RATIONAL_B_SPLINE_CURVE ( ( 1.000000000000000000, 0.8765183626802279804, 1.000000000000000000 ) ) 
 REPRESENTATION_ITEM ( '' )  );
#1169 = DIRECTION ( 'NONE',  ( 1.000000000000000000, 3.097720492815726673E-16, 0.000000000000000000 ) ) ;
#1170 = EDGE_LOOP ( 'NONE', ( #1426, #1221, #679, #524 ) ) ;
#1171 = AXIS2_PLACEMENT_3D ( 'NONE', #26, #1401, #827 ) ;
#1172 = CIRCLE ( 'NONE', #513, 10.40000000000000036 ) ;
#1173 = DIRECTION ( 'NONE',  ( 0.000000000000000000, 0.000000000000000000, 1.000000000000000000 ) ) ;
#1174 = VERTEX_POINT ( 'NONE', #1508 ) ;
#1175 = CC_DESIGN_PERSON_AND_ORGANIZATION_ASSIGNMENT ( #7, #357, ( #971 ) ) ;
#1176 = DIRECTION ( 'NONE',  ( -0.7772612544013126623, 0.000000000000000000, -0.6291779894485326485 ) ) ;
#1177 = EDGE_CURVE ( 'NONE', #180, #959, #92, .T. ) ;
#1178 = COORDINATED_UNIVERSAL_TIME_OFFSET ( 5, 30, .AHEAD. ) ;
#1179 = ORIENTED_EDGE ( 'NONE', *, *, #1034, .F. ) ;
#1180 = FACE_OUTER_BOUND ( 'NONE', #1291, .T. ) ;
#1181 = VERTEX_POINT ( 'NONE', #1491 ) ;
#1182 = DIRECTION ( 'NONE',  ( -3.682617904393160126E-16, 1.000000000000000000, 0.000000000000000000 ) ) ;
#1183 = ORIENTED_EDGE ( 'NONE', *, *, #920, .F. ) ;
#1184 = ADVANCED_FACE ( 'NONE', ( #1022, #762 ), #886, .T. ) ;
#1185 = AXIS2_PLACEMENT_3D ( 'NONE', #83, #69, #189 ) ;
#1186 = ORIENTED_EDGE ( 'NONE', *, *, #330, .T. ) ;
#1187 = FACE_OUTER_BOUND ( 'NONE', #1205, .T. ) ;
#1188 = DIRECTION ( 'NONE',  ( -3.682617904393160126E-16, 1.000000000000000000, 0.000000000000000000 ) ) ;
#1189 = ADVANCED_FACE ( 'NONE', ( #769 ), #190, .T. ) ;
#1190 = CARTESIAN_POINT ( 'NONE',  ( -0.002596173510219939445, 7.742956375594759244, -3.911670991258526341E-15 ) ) ;
#1191 = EDGE_LOOP ( 'NONE', ( #31, #1482 ) ) ;
#1192 = EDGE_CURVE ( 'NONE', #1369, #983, #1514, .T. ) ;
#1193 = AXIS2_PLACEMENT_3D ( 'NONE', #917, #9, #1413 ) ;
#1194 = EDGE_CURVE ( 'NONE', #1423, #938, #457, .T. ) ;
#1195 = DIRECTION ( 'NONE',  ( -3.682603484082859946E-16, 1.000000000000000000, -7.287268689936820128E-19 ) ) ;
#1196 = ORIENTED_EDGE ( 'NONE', *, *, #1068, .T. ) ;
#1197 = ADVANCED_FACE ( 'NONE', ( #1055, #1394, #706 ), #582, .T. ) ;
#1198 = DIRECTION ( 'NONE',  ( 0.000000000000000000, 1.000000000000000000, 0.000000000000000000 ) ) ;
#1199 = ORIENTED_EDGE ( 'NONE', *, *, #188, .T. ) ;
#1200 = CIRCLE ( 'NONE', #750, 4.266728910717959344 ) ;
#1201 = VERTEX_POINT ( 'NONE', #352 ) ;
#1202 = CARTESIAN_POINT ( 'NONE',  ( -0.002596173510218693480, -2.516464076326281774, -3.911670991258526341E-15 ) ) ;
#1203 = LINE ( 'NONE', #48, #372 ) ;
#1204 = AXIS2_PLACEMENT_3D ( 'NONE', #1012, #560, #1141 ) ;
#1205 = EDGE_LOOP ( 'NONE', ( #1053, #527, #1453, #770, #1106, #140, #506, #687, #1492, #1136 ) ) ;
#1206 = DIRECTION ( 'NONE',  ( -0.6291779894485076685, 0.000000000000000000, -0.7772612544013329794 ) ) ;
#1207 = ORIENTED_EDGE ( 'NONE', *, *, #900, .T. ) ;
#1208 = CARTESIAN_POINT ( 'NONE',  ( 10.59740382648977963, -2.516464076326274668, -3.740220439377894609E-15 ) ) ;
#1209 = CIRCLE ( 'NONE', #281, 10.30000000000000071 ) ;
#1210 = DIRECTION ( 'NONE',  ( 0.000000000000000000, 1.000000000000000000, 0.000000000000000000 ) ) ;
#1211 = CARTESIAN_POINT ( 'NONE',  ( -0.002596173510223318687, 10.28335427152003945, -4.022693293721041995E-15 ) ) ;
#1212 = EDGE_LOOP ( 'NONE', ( #909, #1207 ) ) ;
#1213 = CARTESIAN_POINT ( 'NONE',  ( 0.01778579834033119922, -2.516464076326281774, -10.29997983372897608 ) ) ;
#1214 = ORIENTED_EDGE ( 'NONE', *, *, #1418, .T. ) ;
#1215 = CARTESIAN_POINT ( 'NONE',  ( 4.264132737207739332, 7.892956375594759599, -3.911670991258526341E-15 ) ) ;
#1216 = CYLINDRICAL_SURFACE ( 'NONE', #440, 0.09999999999999979738 ) ;
#1217 = CARTESIAN_POINT ( 'NONE',  ( -0.002596173510223207231, 10.28335427152002879, -4.022693293721041995E-15 ) ) ;
#1218 = AXIS2_PLACEMENT_3D ( 'NONE', #473, #937, #1399 ) ;
#1219 = DIRECTION ( 'NONE',  ( 1.000000000000000000, 0.000000000000000000, 0.000000000000000000 ) ) ;
#1220 = CARTESIAN_POINT ( 'NONE',  ( 13.65654948585090267, -2.516464076326277777, 2.147768603131708254 ) ) ;
#1221 = ORIENTED_EDGE ( 'NONE', *, *, #64, .F. ) ;
#1222 = DIRECTION ( 'NONE',  ( 0.7772612544013197677, 2.862356211849390345E-16, -0.6291779894485238778 ) ) ;
#1223 = AXIS2_PLACEMENT_3D ( 'NONE', #461, #1402, #757 ) ;
#1224 = EDGE_CURVE ( 'NONE', #1510, #926, #1268, .T. ) ;
#1225 = CIRCLE ( 'NONE', #221, 0.1000000000000018097 ) ;
#1226 = FACE_OUTER_BOUND ( 'NONE', #516, .T. ) ;
#1227 = CARTESIAN_POINT ( 'NONE',  ( 2.787150462492328895, 10.25976145298295350, -3.911670991258527129E-15 ) ) ;
#1228 = DIRECTION ( 'NONE',  ( 3.682617904393160126E-16, -1.000000000000000000, 0.000000000000000000 ) ) ;
#1229 = CARTESIAN_POINT ( 'NONE',  ( 6.554277306478263121, -2.545753398207571294, 8.034864662000776647 ) ) ;
#1230 = CIRCLE ( 'NONE', #151, 2.872154569319123496 ) ;
#1231 = ADVANCED_FACE ( 'NONE', ( #1180 ), #23, .T. ) ;
#1232 = ORIENTED_EDGE ( 'NONE', *, *, #270, .T. ) ;
#1233 = CARTESIAN_POINT ( 'NONE',  ( -0.002596173510219939445, 6.800892559289159145, 8.467187294840076817 ) ) ;
#1234 = AXIS2_PLACEMENT_3D ( 'NONE', #354, #579, #1046 ) ;
#1235 = EDGE_LOOP ( 'NONE', ( #831, #1461, #269, #99 ) ) ;
#1236 = LINE ( 'NONE', #1001, #978 ) ;
#1237 = DIRECTION ( 'NONE',  ( 0.000000000000000000, 1.000000000000000000, 0.000000000000000000 ) ) ;
#1238 = DIRECTION ( 'NONE',  ( 0.000000000000000000, 1.000000000000000000, 0.000000000000000000 ) ) ;
#1239 = FACE_OUTER_BOUND ( 'NONE', #398, .T. ) ;
#1240 = EDGE_LOOP ( 'NONE', ( #836, #546 ) ) ;
#1241 = CARTESIAN_POINT ( 'NONE',  ( -0.002596173510223207664, 10.28335427152003945, -3.911670991258526341E-15 ) ) ;
#1242 = CARTESIAN_POINT ( 'NONE',  ( -0.002596173510220298967, 2.083535923673722756, -3.911670991258526341E-15 ) ) ;
#1243 = DIRECTION ( 'NONE',  ( -0.4448960229123692378, 0.7071067811865455743, -0.5496067037407380562 ) ) ;
#1244 = DIRECTION ( 'NONE',  ( -0.000000000000000000, 1.000000000000000000, 0.000000000000000000 ) ) ;
#1245 = EDGE_CURVE ( 'NONE', #590, #1339, #20, .T. ) ;
#1246 = ORIENTED_EDGE ( 'NONE', *, *, #749, .T. ) ;
#1247 = CARTESIAN_POINT ( 'NONE',  ( -0.002596173510219939445, 7.692956375594759422, 6.245311511337316546 ) ) ;
#1248 = AXIS2_PLACEMENT_3D ( 'NONE', #793, #1014, #1031 ) ;
#1249 = ORIENTED_EDGE ( 'NONE', *, *, #758, .T. ) ;
#1250 = AXIS2_PLACEMENT_3D ( 'NONE', #1190, #601, #1073 ) ;
#1251 = FACE_OUTER_BOUND ( 'NONE', #1301, .T. ) ;
#1252 = DIRECTION ( 'NONE',  ( 0.000000000000000000, -1.000000000000000000, -3.624002251818695061E-16 ) ) ;
#1253 = CARTESIAN_POINT ( 'NONE',  ( -0.002596173510218656617, -2.616464076326280974, -3.911670991258526341E-15 ) ) ;
#1254 = ORIENTED_EDGE ( 'NONE', *, *, #110, .T. ) ;
#1255 = CYLINDRICAL_SURFACE ( 'NONE', #776, 0.09999999999999986677 ) ;
#1256 = LOCAL_TIME ( 0, 42, 16.00000000000000000, #365 ) ;
#1257 = ORIENTED_EDGE ( 'NONE', *, *, #1362, .F. ) ;
#1258 = FACE_OUTER_BOUND ( 'NONE', #656, .T. ) ;
#1259 = CARTESIAN_POINT ( 'NONE',  ( -0.002596173510218168293, -3.716464076326281507, -3.911670991258526341E-15 ) ) ;
#1260 = ORIENTED_EDGE ( 'NONE', *, *, #119, .F. ) ;
#1261 = DIRECTION ( 'NONE',  ( 1.000000000000000000, 0.000000000000000000, 0.000000000000000000 ) ) ;
#1262 = DIRECTION ( 'NONE',  ( 3.682617904393160126E-16, -1.000000000000000000, 4.461462372821254549E-34 ) ) ;
#1263 = CARTESIAN_POINT ( 'NONE',  ( -6.483129464830020616, -2.616464076326285415, -8.005790920333604177 ) ) ;
#1264 = ORIENTED_EDGE ( 'NONE', *, *, #574, .T. ) ;
#1265 = DIRECTION ( 'NONE',  ( 0.000000000000000000, 1.000000000000000000, 0.000000000000000000 ) ) ;
#1266 = ORIENTED_EDGE ( 'NONE', *, *, #188, .F. ) ;
#1267 = DIRECTION ( 'NONE',  ( 0.000000000000000000, 1.000000000000000000, 0.000000000000000000 ) ) ;
#1268 = CIRCLE ( 'NONE', #287, 7.045311511337319921 ) ;
#1269 = CARTESIAN_POINT ( 'NONE',  ( 13.71977440537182247, -3.716464076326281507, -2.225245112807699766 ) ) ;
#1270 = CALENDAR_DATE ( 2026, 23, 8 ) ;
#1271 = CIRCLE ( 'NONE', #148, 1.400000000000000133 ) ;
#1272 = FACE_BOUND ( 'NONE', #157, .T. ) ;
#1273 = AXIS2_PLACEMENT_3D ( 'NONE', #1247, #1488, #771 ) ;
#1274 = EDGE_LOOP ( 'NONE', ( #949, #315, #1288, #1501 ) ) ;
#1275 = DIRECTION ( 'NONE',  ( 1.000000000000000000, 0.000000000000000000, 0.000000000000000000 ) ) ;
#1276 = ADVANCED_FACE ( 'NONE', ( #686 ), #945, .T. ) ;
#1277 = LINE ( 'NONE', #1060, #1496 ) ;
#1278 = APPROVAL_DATE_TIME ( #234, #676 ) ;
#1279 =( BOUNDED_SURFACE ( )  B_SPLINE_SURFACE ( 2, 2, ( 
 ( #930, #1217, #32, #612, #989, #839, #640, #1089, #1211 ),
 ( #161, #394, #1343, #1441, #505, #276, #1227, #1080, #498 ),
 ( #1457, #624, #58, #729, #735, #282, #268, #853, #408 ) ),
 .UNSPECIFIED., .F., .T., .F. ) 
 B_SPLINE_SURFACE_WITH_KNOTS ( ( 3, 3 ),
 ( 3, 2, 2, 2, 3 ),
 ( -1.562339553050450025, -0.5579090557073309586 ),
 ( -3.141592653589790007, -1.570796326794899889, 0.000000000000000000, 1.570796326794899889, 3.141592653589790007 ),
 .UNSPECIFIED. ) 
 GEOMETRIC_REPRESENTATION_ITEM ( )  RATIONAL_B_SPLINE_SURFACE ( (
 ( 1.000000000000000000, 0.7071067811865480168, 1.000000000000000000, 0.7071067811865480168, 1.000000000000000000, 0.7071067811865480168, 1.000000000000000000, 0.7071067811865480168, 1.000000000000000000),
 ( 0.8765183626802279804, 0.6197920780857190115, 0.8765183626802279804, 0.6197920780857190115, 0.8765183626802279804, 0.6197920780857190115, 0.8765183626802279804, 0.6197920780857190115, 0.8765183626802279804),
 ( 1.000000000000000000, 0.7071067811865480168, 1.000000000000000000, 0.7071067811865480168, 1.000000000000000000, 0.7071067811865480168, 1.000000000000000000, 0.7071067811865480168, 1.000000000000000000) ) ) 
 REPRESENTATION_ITEM ( '' )  SURFACE ( )  );
#1280 = LINE ( 'NONE', #692, #484 ) ;
#1281 = EDGE_LOOP ( 'NONE', ( #247, #873, #745, #1260 ) ) ;
#1282 = CARTESIAN_POINT ( 'NONE',  ( -0.002596173510219939445, 7.792956375594759066, -3.911670991258526341E-15 ) ) ;
#1283 = AXIS2_PLACEMENT_3D ( 'NONE', #747, #639, #728 ) ;
#1284 = CYLINDRICAL_SURFACE ( 'NONE', #1474, 8.800000000000000711 ) ;
#1285 = PERSON_AND_ORGANIZATION ( #536, #685 ) ;
#1286 = VECTOR ( 'NONE', #100, 1000.000000000000000 ) ;
#1287 = DIRECTION ( 'NONE',  ( 3.682617904393160126E-16, -1.000000000000000000, 0.000000000000000000 ) ) ;
#1288 = ORIENTED_EDGE ( 'NONE', *, *, #1472, .F. ) ;
#1289 = CARTESIAN_POINT ( 'NONE',  ( -0.002596173510219939445, 7.592956375594758889, -3.911670991258526341E-15 ) ) ;
#1290 = ADVANCED_FACE ( 'NONE', ( #1422 ), #802, .T. ) ;
#1291 = EDGE_LOOP ( 'NONE', ( #1151, #145, #480, #87 ) ) ;
#1292 = CARTESIAN_POINT ( 'NONE',  ( -0.002596173510219939445, 7.147064359006319201, -3.911670991258526341E-15 ) ) ;
#1293 = COORDINATED_UNIVERSAL_TIME_OFFSET ( 5, 30, .AHEAD. ) ;
#1294 = EDGE_LOOP ( 'NONE', ( #150, #279, #1400, #17 ) ) ;
#1295 = DIRECTION ( 'NONE',  ( 0.000000000000000000, 1.000000000000000000, 0.000000000000000000 ) ) ;
#1296 = CARTESIAN_POINT ( 'NONE',  ( -13.60530296192517774, -2.516464076326285770, 2.240528885167000439 ) ) ;
#1297 = VECTOR ( 'NONE', #835, 1000.000000000000000 ) ;
#1298 = CIRCLE ( 'NONE', #610, 0.1000000000000018097 ) ;
#1299 = DIRECTION ( 'NONE',  ( 3.682617904393160126E-16, -1.000000000000000000, 0.000000000000000000 ) ) ;
#1300 = CARTESIAN_POINT ( 'NONE',  ( -0.002596173510219939445, 6.973978459147759601, -3.911670991258526341E-15 ) ) ;
#1301 = EDGE_LOOP ( 'NONE', ( #1157, #162, #1373, #209 ) ) ;
#1302 = AXIS2_PLACEMENT_3D ( 'NONE', #1020, #1237, #430 ) ;
#1303 = CALENDAR_DATE ( 2026, 23, 8 ) ;
#1304 = EDGE_CURVE ( 'NONE', #713, #901, #1070, .T. ) ;
#1305 = DIRECTION ( 'NONE',  ( 0.000000000000000000, 0.000000000000000000, 1.000000000000000000 ) ) ;
#1306 = ADVANCED_FACE ( 'NONE', ( #223, #1272, #1063, #1187 ), #604, .T. ) ;
#1307 = ORIENTED_EDGE ( 'NONE', *, *, #651, .F. ) ;
#1308 = CIRCLE ( 'NONE', #958, 8.800000000000000711 ) ;
#1309 = CARTESIAN_POINT ( 'NONE',  ( -6.483129464830020616, -2.616464076326285415, -8.005790920333604177 ) ) ;
#1310 = VERTEX_POINT ( 'NONE', #825 ) ;
#1311 = AXIS2_PLACEMENT_3D ( 'NONE', #290, #768, #885 ) ;
#1312 = ADVANCED_FACE ( 'NONE', ( #1049 ), #1, .T. ) ;
#1313 = EDGE_CURVE ( 'NONE', #772, #355, #362, .T. ) ;
#1314 = DIRECTION ( 'NONE',  ( 0.6322491952092509360, 0.000000000000000000, 0.7747650967598208593 ) ) ;
#1315 = CARTESIAN_POINT ( 'NONE',  ( -11.79163805673633902, -3.716464076326281507, -3.911670991258526341E-15 ) ) ;
#1316 = DIRECTION ( 'NONE',  ( 1.000000000000000000, 0.000000000000000000, 0.000000000000000000 ) ) ;
#1317 = VERTEX_POINT ( 'NONE', #346 ) ;
#1318 = VERTEX_POINT ( 'NONE', #359 ) ;
#1319 = DIRECTION ( 'NONE',  ( 3.682617904393160126E-16, -1.000000000000000000, 0.000000000000000000 ) ) ;
#1320 = CARTESIAN_POINT ( 'NONE',  ( -0.002596173510219174432, 7.742956375594759244, -6.245311511337324539 ) ) ;
#1321 = AXIS2_PLACEMENT_3D ( 'NONE', #1253, #1476, #443 ) ;
#1322 = ORIENTED_EDGE ( 'NONE', *, *, #645, .T. ) ;
#1323 = EDGE_CURVE ( 'NONE', #615, #1436, #1280, .T. ) ;
#1324 = DIRECTION ( 'NONE',  ( 0.000000000000000000, 0.000000000000000000, 1.000000000000000000 ) ) ;
#1325 = ORIENTED_EDGE ( 'NONE', *, *, #1067, .T. ) ;
#1326 = DIRECTION ( 'NONE',  ( 0.7772612544013179914, 2.775557561562890168E-15, 0.6291779894485259872 ) ) ;
#1327 = CARTESIAN_POINT ( 'NONE',  ( -0.002596173510223318687, 10.28335427152003945, -3.911670991258526341E-15 ) ) ;
#1328 = CARTESIAN_POINT ( 'NONE',  ( -10.60259617351022143, 40.42325628722716857, -3.911670991258526341E-15 ) ) ;
#1329 = LOCAL_TIME ( 0, 42, 16.00000000000000000, #1293 ) ;
#1330 = CARTESIAN_POINT ( 'NONE',  ( -11.79163805673633902, -2.616464076326289856, -3.911670991258526341E-15 ) ) ;
#1331 = DIRECTION ( 'NONE',  ( -0.6322491952092470502, -2.919005848999435584E-16, -0.7747650967598239680 ) ) ;
#1332 = ORIENTED_EDGE ( 'NONE', *, *, #486, .T. ) ;
#1333 = CARTESIAN_POINT ( 'NONE',  ( -0.002596173510223310013, 10.25976145298295350, 2.789746636002549351 ) ) ;
#1334 = AXIS2_PLACEMENT_3D ( 'NONE', #1471, #655, #73 ) ;
#1335 = CARTESIAN_POINT ( 'NONE',  ( 13.65654948585090267, -2.616464076326276977, 2.147768603131708254 ) ) ;
#1336 = DIRECTION ( 'NONE',  ( 0.000000000000000000, 0.000000000000000000, -1.000000000000000000 ) ) ;
#1337 = DIRECTION ( 'NONE',  ( 0.001978832218500059872, 0.000000000000000000, 0.9999980421096088534 ) ) ;
#1338 = CC_DESIGN_PERSON_AND_ORGANIZATION_ASSIGNMENT ( #449, #105, ( #6 ) ) ;
#1339 = VERTEX_POINT ( 'NONE', #244 ) ;
#1340 = CARTESIAN_POINT ( 'NONE',  ( -0.002596173510223318687, 10.28335427152003945, -4.022693293721041995E-15 ) ) ;
#1341 = ADVANCED_FACE ( 'NONE', ( #1162 ), #1279, .F. ) ;
#1342 = CARTESIAN_POINT ( 'NONE',  ( -12.00259617351022001, -3.716464076326281507, -3.911670991258526341E-15 ) ) ;
#1343 = CARTESIAN_POINT ( 'NONE',  ( -2.792342809512778246, 10.25976145298295350, -3.911670991258524763E-15 ) ) ;
#1344 = EDGE_CURVE ( 'NONE', #251, #968, #1419, .T. ) ;
#1345 = AXIS2_PLACEMENT_3D ( 'NONE', #698, #1287, #598 ) ;
#1346 = CARTESIAN_POINT ( 'NONE',  ( 6.509570537145019209, -2.516464076326277777, -7.980080496626204223 ) ) ;
#1347 = DIRECTION ( 'NONE',  ( 1.000000000000000000, 0.000000000000000000, 0.000000000000000000 ) ) ;
#1348 = ORIENTED_EDGE ( 'NONE', *, *, #809, .T. ) ;
#1349 = EDGE_CURVE ( 'NONE', #501, #933, #59, .T. ) ;
#1350 = CARTESIAN_POINT ( 'NONE',  ( 10.95150160530874039, -2.516464076326277777, 4.355230390746835489 ) ) ;
#1351 = CIRCLE ( 'NONE', #218, 8.800000000000000711 ) ;
#1352 = AXIS2_PLACEMENT_3D ( 'NONE', #1493, #1152, #94 ) ;
#1353 = DIRECTION ( 'NONE',  ( -0.7772612544013222102, 4.052314039881821373E-15, 0.6291779894485211022 ) ) ;
#1354 = CARTESIAN_POINT ( 'NONE',  ( 11.90385699040326095, -3.716464076326281507, -3.911670991258526341E-15 ) ) ;
#1355 = ADVANCED_FACE ( 'NONE', ( #512 ), #756, .T. ) ;
#1356 = LINE ( 'NONE', #423, #1149 ) ;
#1357 = DIRECTION ( 'NONE',  ( 0.000000000000000000, 1.000000000000000000, 0.000000000000000000 ) ) ;
#1358 = EDGE_CURVE ( 'NONE', #1181, #1007, #289, .T. ) ;
#1359 = VERTEX_POINT ( 'NONE', #860 ) ;
#1360 = CARTESIAN_POINT ( 'NONE',  ( -0.002596173510223310013, 10.25976145298295350, 2.789746636002549351 ) ) ;
#1361 = CIRCLE ( 'NONE', #113, 0.1000000000000007966 ) ;
#1362 = EDGE_CURVE ( 'NONE', #355, #590, #1429, .T. ) ;
#1363 = EDGE_CURVE ( 'NONE', #333, #292, #845, .T. ) ;
#1364 = DIRECTION ( 'NONE',  ( 0.000000000000000000, 1.000000000000000000, 0.000000000000000000 ) ) ;
#1365 = DIRECTION ( 'NONE',  ( -0.7772612544013222102, 4.052314039881821373E-15, 0.6291779894485211022 ) ) ;
#1366 = PLANE ( 'NONE',  #700 ) ;
#1367 = ORIENTED_EDGE ( 'NONE', *, *, #222, .F. ) ;
#1368 = DIRECTION ( 'NONE',  ( 0.000000000000000000, 1.000000000000000000, 0.000000000000000000 ) ) ;
#1369 = VERTEX_POINT ( 'NONE', #1095 ) ;
#1370 = CARTESIAN_POINT ( 'NONE',  ( -6.483129464830020616, -2.516464076326281774, -8.005790920333604177 ) ) ;
#1371 = LINE ( 'NONE', #311, #182 ) ;
#1372 = FACE_OUTER_BOUND ( 'NONE', #1274, .T. ) ;
#1373 = ORIENTED_EDGE ( 'NONE', *, *, #119, .T. ) ;
#1374 = CARTESIAN_POINT ( 'NONE',  ( -6.483129464830020616, -2.616464076326285415, 8.005790920333597072 ) ) ;
#1375 = CIRCLE ( 'NONE', #77, 2.882594330387351800 ) ;
#1376 = VERTEX_POINT ( 'NONE', #1112 ) ;
#1377 = CIRCLE ( 'NONE', #317, 0.1000000000000007272 ) ;
#1378 = AXIS2_PLACEMENT_3D ( 'NONE', #1391, #1160, #343 ) ;
#1379 = DIRECTION ( 'NONE',  ( 0.000000000000000000, 0.000000000000000000, 1.000000000000000000 ) ) ;
#1380 = CARTESIAN_POINT ( 'NONE',  ( -0.002596173510219939445, 7.370010367300558585, -3.911670991258526341E-15 ) ) ;
#1381 = ORIENTED_EDGE ( 'NONE', *, *, #1323, .T. ) ;
#1382 = CARTESIAN_POINT ( 'NONE',  ( 11.99740382648977999, 40.42325628722720410, -3.911670991258526341E-15 ) ) ;
#1383 = ORIENTED_EDGE ( 'NONE', *, *, #1042, .F. ) ;
#1384 = DIRECTION ( 'NONE',  ( 0.000000000000000000, 0.000000000000000000, 1.000000000000000000 ) ) ;
#1385 = AXIS2_PLACEMENT_3D ( 'NONE', #1041, #919, #193 ) ;
#1386 = CARTESIAN_POINT ( 'NONE',  ( -6.483129464830020616, -2.516464076326285770, 8.005790920333597072 ) ) ;
#1387 = ORIENTED_EDGE ( 'NONE', *, *, #220, .F. ) ;
#1388 = AXIS2_PLACEMENT_3D ( 'NONE', #1330, #1188, #721 ) ;
#1389 = CARTESIAN_POINT ( 'NONE',  ( -0.002596173510219076854, 7.642956375594759599, -7.045311511337324362 ) ) ;
#1390 = CC_DESIGN_DATE_AND_TIME_ASSIGNMENT ( #1392, #240, ( #6 ) ) ;
#1391 = CARTESIAN_POINT ( 'NONE',  ( -12.00259617351022001, 40.42325628722716857, -3.911670991258526341E-15 ) ) ;
#1392 = DATE_AND_TIME ( #823, #1329 ) ;
#1393 = EDGE_CURVE ( 'NONE', #534, #941, #1203, .T. ) ;
#1394 = FACE_BOUND ( 'NONE', #1191, .T. ) ;
#1395 = ORIENTED_EDGE ( 'NONE', *, *, #175, .F. ) ;
#1396 = CARTESIAN_POINT ( 'NONE',  ( -0.002596173510222438748, 7.892956375594759599, -4.266728910717963785 ) ) ;
#1397 = DIRECTION ( 'NONE',  ( 0.000000000000000000, 1.000000000000000000, 0.000000000000000000 ) ) ;
#1398 = APPROVAL_STATUS ( 'not_yet_approved' ) ;
#1399 = DIRECTION ( 'NONE',  ( 0.000000000000000000, 0.000000000000000000, 1.000000000000000000 ) ) ;
#1400 = ORIENTED_EDGE ( 'NONE', *, *, #220, .T. ) ;
#1401 = DIRECTION ( 'NONE',  ( 0.7747650967598180838, -8.965050923848143797E-15, -0.6322491952092541556 ) ) ;
#1402 = DIRECTION ( 'NONE',  ( -0.000000000000000000, 1.000000000000000000, 0.000000000000000000 ) ) ;
#1403 = AXIS2_PLACEMENT_3D ( 'NONE', #1134, #1364, #530 ) ;
#1404 = APPROVAL_DATE_TIME ( #684, #1447 ) ;
#1405 = EDGE_CURVE ( 'NONE', #82, #1359, #153, .T. ) ;
#1406 = CARTESIAN_POINT ( 'NONE',  ( 6.572795456665940783, -3.716464076326281507, 8.057557006302156211 ) ) ;
#1407 = ORIENTED_EDGE ( 'NONE', *, *, #647, .F. ) ;
#1408 = PLANE ( 'NONE',  #528 ) ;
#1409 = ORIENTED_EDGE ( 'NONE', *, *, #572, .F. ) ;
#1410 = CARTESIAN_POINT ( 'NONE',  ( -0.002596173510218657051, -2.616464076326280974, 10.39999999999999680 ) ) ;
#1411 = DATE_AND_TIME ( #1270, #1256 ) ;
#1412 = ORIENTED_EDGE ( 'NONE', *, *, #740, .T. ) ;
#1413 = DIRECTION ( 'NONE',  ( 1.000000000000000000, 3.682617904393160126E-16, 0.000000000000000000 ) ) ;
#1414 = DIRECTION ( 'NONE',  ( 0.001978832218500059872, 0.000000000000000000, 0.9999980421096088534 ) ) ;
#1415 = LINE ( 'NONE', #584, #898 ) ;
#1416 = ORIENTED_EDGE ( 'NONE', *, *, #215, .F. ) ;
#1417 = CARTESIAN_POINT ( 'NONE',  ( -0.002596173510219174432, 7.792956375594759066, -6.245311511337324539 ) ) ;
#1418 = EDGE_CURVE ( 'NONE', #1318, #251, #1427, .T. ) ;
#1419 = CIRCLE ( 'NONE', #98, 0.1000000000000003247 ) ;
#1420 = ADVANCED_FACE ( 'NONE', ( #176 ), #808, .T. ) ;
#1421 = VERTEX_POINT ( 'NONE', #748 ) ;
#1422 = FACE_OUTER_BOUND ( 'NONE', #1294, .T. ) ;
#1423 = VERTEX_POINT ( 'NONE', #210 ) ;
#1424 = TOROIDAL_SURFACE ( 'NONE', #877, 2.772154569319124295, 0.1000000000000000056 ) ;
#1425 = CARTESIAN_POINT ( 'NONE',  ( -8.802596173510220723, 6.800892559289159145, -2.833981808008854749E-15 ) ) ;
#1426 = ORIENTED_EDGE ( 'NONE', *, *, #561, .F. ) ;
#1427 = CIRCLE ( 'NONE', #1132, 0.1000000000000003247 ) ;
#1428 = ORIENTED_EDGE ( 'NONE', *, *, #801, .F. ) ;
#1429 = LINE ( 'NONE', #1328, #905 ) ;
#1430 = VERTEX_POINT ( 'NONE', #1370 ) ;
#1431 = VECTOR ( 'NONE', #1368, 1000.000000000000000 ) ;
#1432 = AXIS2_PLACEMENT_3D ( 'NONE', #397, #291, #1083 ) ;
#1433 = DIRECTION ( 'NONE',  ( 0.000000000000000000, 1.000000000000000000, 0.000000000000000000 ) ) ;
#1434 = ORIENTED_EDGE ( 'NONE', *, *, #1192, .T. ) ;
#1435 = DIRECTION ( 'NONE',  ( -0.7772612544013197677, -2.862356211849390345E-16, 0.6291779894485238778 ) ) ;
#1436 = VERTEX_POINT ( 'NONE', #95 ) ;
#1437 = DIRECTION ( 'NONE',  ( 0.000000000000000000, 1.000000000000000000, 0.000000000000000000 ) ) ;
#1438 = ORIENTED_EDGE ( 'NONE', *, *, #1465, .F. ) ;
#1439 = CARTESIAN_POINT ( 'NONE',  ( -0.002596173510222438748, 7.892956375594759599, 4.266728910717955792 ) ) ;
#1440 = CARTESIAN_POINT ( 'NONE',  ( 11.99740382648977999, -2.516464076326274224, -3.911670991258526341E-15 ) ) ;
#1441 = CARTESIAN_POINT ( 'NONE',  ( -2.792342809512776025, 10.25976145298295883, -2.789746636002556457 ) ) ;
#1442 = VECTOR ( 'NONE', #424, 1000.000000000000000 ) ;
#1443 = FACE_OUTER_BOUND ( 'NONE', #880, .T. ) ;
#1444 = AXIS2_PLACEMENT_3D ( 'NONE', #370, #135, #1316 ) ;
#1445 = VERTEX_POINT ( 'NONE', #759 ) ;
#1446 = CARTESIAN_POINT ( 'NONE',  ( -0.002596173510223207231, 10.28335427152002879, -3.800648688796010687E-15 ) ) ;
#1447 = APPROVAL ( #1398, 'UNSPECIFIED' ) ;
#1448 = DIRECTION ( 'NONE',  ( 0.001978832218499989616, 2.893524555870246371E-34, -0.9999980421096088534 ) ) ;
#1449 = LOCAL_TIME ( 0, 42, 16.00000000000000000, #935 ) ;
#1450 = CARTESIAN_POINT ( 'NONE',  ( 13.71977440537182247, -3.716464076326281507, -2.225245112807699766 ) ) ;
#1451 = ADVANCED_FACE ( 'NONE', ( #1258 ), #297, .T. ) ;
#1452 = CARTESIAN_POINT ( 'NONE',  ( -13.66822076087002102, -2.616464076326285415, -2.318255010607143785 ) ) ;
#1453 = ORIENTED_EDGE ( 'NONE', *, *, #1405, .F. ) ;
#1454 = CARTESIAN_POINT ( 'NONE',  ( -2.792342809512776025, 10.25976145298295883, -2.789746636002556457 ) ) ;
#1455 = CIRCLE ( 'NONE', #786, 2.982594330387352777 ) ;
#1456 = CARTESIAN_POINT ( 'NONE',  ( -0.002596173510218656617, -2.616464076326280974, -3.911670991258526341E-15 ) ) ;
#1457 = CARTESIAN_POINT ( 'NONE',  ( -0.002596173510222438748, 7.892956375594759599, 4.266728910717955792 ) ) ;
#1458 = EDGE_CURVE ( 'NONE', #1376, #585, #442, .T. ) ;
#1459 = LINE ( 'NONE', #169, #318 ) ;
#1460 = CARTESIAN_POINT ( 'NONE',  ( -0.002596173510218656617, -2.616464076326280974, -3.911670991258526341E-15 ) ) ;
#1461 = ORIENTED_EDGE ( 'NONE', *, *, #264, .T. ) ;
#1462 = UNCERTAINTY_MEASURE_WITH_UNIT (LENGTH_MEASURE( 1.000000000000000082E-05 ), #75, 'distance_accuracy_value', 'NONE');
#1463 = EDGE_CURVE ( 'NONE', #1201, #1436, #108, .T. ) ;
#1464 = CARTESIAN_POINT ( 'NONE',  ( -13.66822076087002102, -3.716464076326281507, -2.318255010607143785 ) ) ;
#1465 = EDGE_CURVE ( 'NONE', #1032, #371, #984, .T. ) ;
#1466 = DIRECTION ( 'NONE',  ( 1.000000000000000000, 0.000000000000000000, 0.000000000000000000 ) ) ;
#1467 = AXIS2_PLACEMENT_3D ( 'NONE', #652, #1244, #436 ) ;
#1468 = DIRECTION ( 'NONE',  ( -4.440892098500630106E-16, 1.000000000000000000, 0.000000000000000000 ) ) ;
#1469 = CYLINDRICAL_SURFACE ( 'NONE', #1432, 0.09999999999999986677 ) ;
#1470 = ORIENTED_EDGE ( 'NONE', *, *, #908, .T. ) ;
#1471 = CARTESIAN_POINT ( 'NONE',  ( -12.00259617351022001, 40.42325628722716857, -3.911670991258526341E-15 ) ) ;
#1472 = EDGE_CURVE ( 'NONE', #180, #620, #1027, .T. ) ;
#1473 = ADVANCED_FACE ( 'NONE', ( #1251 ), #774, .T. ) ;
#1474 = AXIS2_PLACEMENT_3D ( 'NONE', #233, #798, #454 ) ;
#1475 = PLANE ( 'NONE',  #257 ) ;
#1476 = DIRECTION ( 'NONE',  ( -3.682629889672890215E-16, 1.000000000000000000, 6.056731922202710165E-19 ) ) ;
#1477 = VECTOR ( 'NONE', #1435, 1000.000000000000000 ) ;
#1478 = EDGE_LOOP ( 'NONE', ( #432, #732 ) ) ;
#1479 = DIRECTION ( 'NONE',  ( -1.000000000000000000, -4.362117213619317479E-16, -3.722340022288479522E-16 ) ) ;
#1480 = AXIS2_PLACEMENT_3D ( 'NONE', #889, #334, #216 ) ;
#1481 = DIRECTION ( 'NONE',  ( 0.001978832218500059872, 0.000000000000000000, 0.9999980421096089644 ) ) ;
#1482 = ORIENTED_EDGE ( 'NONE', *, *, #428, .T. ) ;
#1483 = DIRECTION ( 'NONE',  ( 0.7747650967598289640, -3.944304526105025308E-31, 0.6322491952092409440 ) ) ;
#1484 = AXIS2_PLACEMENT_3D ( 'NONE', #1263, #608, #1074 ) ;
#1485 = FACE_OUTER_BOUND ( 'NONE', #790, .T. ) ;
#1486 = FACE_OUTER_BOUND ( 'NONE', #379, .T. ) ;
#1487 = EDGE_LOOP ( 'NONE', ( #709, #485, #1332, #718, #625 ) ) ;
#1488 = DIRECTION ( 'NONE',  ( -0.000000000000000000, 1.000000000000000000, 0.000000000000000000 ) ) ;
#1489 = ORIENTED_EDGE ( 'NONE', *, *, #1078, .T. ) ;
#1490 = MANIFOLD_SOLID_BREP ( 'Solid1[1]', #576 ) ;
#1491 = CARTESIAN_POINT ( 'NONE',  ( -6.546047263774861236, -2.616464076326285415, -8.083517045773724874 ) ) ;
#1492 = ORIENTED_EDGE ( 'NONE', *, *, #595, .F. ) ;
#1493 = CARTESIAN_POINT ( 'NONE',  ( -0.002596173510219939445, 7.792956375594759066, -3.911670991258526341E-15 ) ) ;
#1494 = ORIENTED_EDGE ( 'NONE', *, *, #920, .T. ) ;
#1495 = VECTOR ( 'NONE', #18, 1000.000000000000227 ) ;
#1496 = VECTOR ( 'NONE', #479, 1000.000000000000000 ) ;
#1497 = DIRECTION ( 'NONE',  ( 1.000000000000000000, 3.449734185181150158E-16, 0.000000000000000000 ) ) ;
#1498 = DIRECTION ( 'NONE',  ( -0.6291779894485238778, -2.794111561892459535E-16, 0.7772612544013198788 ) ) ;
#1499 = EDGE_CURVE ( 'NONE', #983, #341, #1230, .T. ) ;
#1500 = ORIENTED_EDGE ( 'NONE', *, *, #487, .F. ) ;
#1501 = ORIENTED_EDGE ( 'NONE', *, *, #1177, .T. ) ;
#1502 = CC_DESIGN_APPROVAL ( #1447, ( #591 ) ) ;
#1503 = FACE_OUTER_BOUND ( 'NONE', #186, .T. ) ;
#1504 = DIRECTION ( 'NONE',  ( -4.440892098500630106E-16, 1.000000000000000000, 0.000000000000000000 ) ) ;
#1505 = EDGE_CURVE ( 'NONE', #63, #53, #400, .T. ) ;
#1506 = APPLICATION_PROTOCOL_DEFINITION ( 'international standard', 'config_control_design', 1994, #1029 ) ;
#1507 = AXIS2_PLACEMENT_3D ( 'NONE', #342, #805, #1275 ) ;
#1508 = CARTESIAN_POINT ( 'NONE',  ( -0.002596173510219939445, 7.147064359006319201, 8.467187294840076817 ) ) ;
#1509 = EDGE_CURVE ( 'NONE', #259, #82, #495, .T. ) ;
#1510 = VERTEX_POINT ( 'NONE', #767 ) ;
#1511 = CIRCLE ( 'NONE', #1185, 0.09999999999999664713 ) ;
#1512 = CARTESIAN_POINT ( 'NONE',  ( -0.002596173510219939445, 7.742956375594759244, -3.911670991258526341E-15 ) ) ;
#1513 = LINE ( 'NONE', #1269, #777 ) ;
#1514 = LINE ( 'NONE', #16, #999 ) ;
#1515 = ORIENTED_EDGE ( 'NONE', *, *, #595, .T. ) ;
#1516 = DIRECTION ( 'NONE',  ( 1.000000000000000000, 3.097720492815726673E-16, 0.000000000000000000 ) ) ;
#1517 = ADVANCED_FACE ( 'NONE', ( #196 ), #649, .T. ) ;
#1518 = DIRECTION ( 'NONE',  ( 1.000000000000000000, 3.128836131967340391E-16, 1.546188407106999729E-16 ) ) ;
#1519 = VECTOR ( 'NONE', #1039, 1000.000000000000000 ) ;
#1520 = EDGE_CURVE ( 'NONE', #238, #259, #435, .T. ) ;
#1521 = MECHANICAL_CONTEXT ( 'NONE', #447, 'mechanical' ) ;
ENDSEC;
END-ISO-10303-21;
