ISO-10303-21;
HEADER;
FILE_DESCRIPTION (( 'STEP AP203' ),
    '1' );
FILE_NAME ('Chassis main.STEP',
    '2026-08-23T10:42:34',
    ( '' ),
    ( '' ),
    'SwSTEP 2.0',
    'SolidWorks 2026',
    '' );
FILE_SCHEMA (( 'CONFIG_CONTROL_DESIGN' ));
ENDSEC;

DATA;
#1 = CC_DESIGN_PERSON_AND_ORGANIZATION_ASSIGNMENT ( #390, #162, ( #1454 ) ) ;
#2 = VERTEX_POINT ( 'NONE', #171 ) ;
#3 = DIRECTION ( 'NONE',  ( -1.000000000000000000, 0.000000000000000000, 0.000000000000000000 ) ) ;
#4 = DIRECTION ( 'NONE',  ( 0.000000000000000000, 0.000000000000000000, -1.000000000000000000 ) ) ;
#5 = ORIENTED_EDGE ( 'NONE', *, *, #1220, .T. ) ;
#6 = ORIENTED_EDGE ( 'NONE', *, *, #1342, .T. ) ;
#7 = VECTOR ( 'NONE', #192, 100.0000000000000000 ) ;
#8 = DIRECTION ( 'NONE',  ( 0.000000000000000000, 0.000000000000000000, 1.000000000000000000 ) ) ;
#9 = VECTOR ( 'NONE', #114, 100.0000000000000000 ) ;
#10 = VECTOR ( 'NONE', #774, 100.0000000000000000 ) ;
#11 = ORIENTED_EDGE ( 'NONE', *, *, #267, .T. ) ;
#12 = LOCAL_TIME ( 16, 12, 34.00000000000000000, #1118 ) ;
#13 = EDGE_CURVE ( 'NONE', #507, #1215, #743, .T. ) ;
#14 = CARTESIAN_POINT ( 'NONE',  ( -1.402181864324455240, 20.47618312822206477, -0.4479472343076053575 ) ) ;
#15 = VERTEX_POINT ( 'NONE', #735 ) ;
#16 = CARTESIAN_POINT ( 'NONE',  ( -7.000000000000001776, -9.999999999999992895, 4.000000000000000000 ) ) ;
#17 = VERTEX_POINT ( 'NONE', #1321 ) ;
#18 = DIRECTION ( 'NONE',  ( 1.000000000000000000, 0.000000000000000000, 0.000000000000000000 ) ) ;
#19 = DIRECTION ( 'NONE',  ( -1.000000000000000000, 0.000000000000000000, -0.000000000000000000 ) ) ;
#20 = CARTESIAN_POINT ( 'NONE',  ( 6.999999999999999112, 0.000000000000000000, 0.8000000000000000444 ) ) ;
#21 = ADVANCED_FACE ( 'NONE', ( #1295 ), #1191, .F. ) ;
#22 = ORIENTED_EDGE ( 'NONE', *, *, #1102, .T. ) ;
#23 = LINE ( 'NONE', #154, #1302 ) ;
#24 = ORIENTED_EDGE ( 'NONE', *, *, #813, .T. ) ;
#25 = LINE ( 'NONE', #156, #228 ) ;
#26 = ORIENTED_EDGE ( 'NONE', *, *, #1458, .F. ) ;
#27 = LINE ( 'NONE', #832, #161 ) ;
#28 = CARTESIAN_POINT ( 'NONE',  ( 6.099999999999998757, -2.399999999999991029, 4.000000000000000000 ) ) ;
#29 = CARTESIAN_POINT ( 'NONE',  ( 6.099999999999998757, -9.999999999999992895, 4.000000000000000000 ) ) ;
#30 = ORIENTED_EDGE ( 'NONE', *, *, #1177, .F. ) ;
#31 = CARTESIAN_POINT ( 'NONE',  ( 6.099999999999998757, -9.999999999999992895, 0.8000000000000000444 ) ) ;
#32 = ORIENTED_EDGE ( 'NONE', *, *, #686, .F. ) ;
#33 = EDGE_CURVE ( 'NONE', #840, #1049, #148, .T. ) ;
#34 = LINE ( 'NONE', #501, #1276 ) ;
#35 = VECTOR ( 'NONE', #1244, 100.0000000000000000 ) ;
#36 = EDGE_CURVE ( 'NONE', #1313, #840, #43, .T. ) ;
#37 = VECTOR ( 'NONE', #486, 100.0000000000000000 ) ;
#38 = VECTOR ( 'NONE', #188, 100.0000000000000000 ) ;
#39 = LOCAL_TIME ( 16, 12, 34.00000000000000000, #1136 ) ;
#40 = PLANE ( 'NONE',  #1449 ) ;
#41 = VERTEX_POINT ( 'NONE', #619 ) ;
#42 = DIRECTION ( 'NONE',  ( 1.000000000000000000, 0.000000000000000000, -1.301042606982605321E-16 ) ) ;
#43 = LINE ( 'NONE', #951, #1175 ) ;
#44 = FACE_OUTER_BOUND ( 'NONE', #207, .T. ) ;
#45 = ORIENTED_EDGE ( 'NONE', *, *, #583, .T. ) ;
#46 = ADVANCED_FACE ( 'NONE', ( #989, #1430 ), #250, .F. ) ;
#47 = VERTEX_POINT ( 'NONE', #1092 ) ;
#48 = DIRECTION ( 'NONE',  ( -0.000000000000000000, -0.000000000000000000, -1.000000000000000000 ) ) ;
#49 = LINE ( 'NONE', #853, #1227 ) ;
#50 = DIRECTION ( 'NONE',  ( 1.000000000000000000, 0.000000000000000000, 0.000000000000000000 ) ) ;
#51 = ORIENTED_EDGE ( 'NONE', *, *, #245, .F. ) ;
#52 = EDGE_CURVE ( 'NONE', #242, #706, #49, .T. ) ;
#53 = ORIENTED_EDGE ( 'NONE', *, *, #713, .T. ) ;
#54 = ORIENTED_EDGE ( 'NONE', *, *, #321, .F. ) ;
#55 = CARTESIAN_POINT ( 'NONE',  ( -7.000000000000001776, -9.999999999999992895, 4.500000000000000000 ) ) ;
#56 = DIRECTION ( 'NONE',  ( 0.7071067811865475727, -0.7071067811865475727, 0.000000000000000000 ) ) ;
#57 = ORIENTED_EDGE ( 'NONE', *, *, #1017, .F. ) ;
#58 = VECTOR ( 'NONE', #633, 100.0000000000000000 ) ;
#59 = VECTOR ( 'NONE', #834, 100.0000000000000000 ) ;
#60 = AXIS2_PLACEMENT_3D ( 'NONE', #753, #315, #1020 ) ;
#61 = ADVANCED_FACE ( 'NONE', ( #387 ), #847, .T. ) ;
#62 = PERSON_AND_ORGANIZATION ( #1237, #1016 ) ;
#63 = ORIENTED_EDGE ( 'NONE', *, *, #761, .F. ) ;
#64 = FACE_OUTER_BOUND ( 'NONE', #210, .T. ) ;
#65 = CARTESIAN_POINT ( 'NONE',  ( 3.484879073461748966, 19.67618312822206406, -0.4479472343076056351 ) ) ;
#66 = LINE ( 'NONE', #535, #431 ) ;
#67 = EDGE_LOOP ( 'NONE', ( #1045, #1021, #1022, #807 ) ) ;
#68 = DIRECTION ( 'NONE',  ( -0.000000000000000000, -0.000000000000000000, -1.000000000000000000 ) ) ;
#69 = PLANE ( 'NONE',  #865 ) ;
#70 = DIRECTION ( 'NONE',  ( 0.000000000000000000, 0.000000000000000000, -1.000000000000000000 ) ) ;
#71 = PRODUCT_RELATED_PRODUCT_CATEGORY ( 'detail', '', ( #495 ) ) ;
#72 = DIRECTION ( 'NONE',  ( -0.000000000000000000, -0.000000000000000000, -1.000000000000000000 ) ) ;
#73 = VERTEX_POINT ( 'NONE', #377 ) ;
#74 = CARTESIAN_POINT ( 'NONE',  ( -7.000000000000001776, -9.999999999999992895, 0.000000000000000000 ) ) ;
#75 = CARTESIAN_POINT ( 'NONE',  ( 0.000000000000000000, -9.499999999999991118, 0.000000000000000000 ) ) ;
#76 = CARTESIAN_POINT ( 'NONE',  ( -4.000000000000001776, -9.499999999999991118, -0.8000000000000003775 ) ) ;
#77 = CARTESIAN_POINT ( 'NONE',  ( -3.402181864324455240, 19.67618312822206406, -0.6979472343076054131 ) ) ;
#78 = VERTEX_POINT ( 'NONE', #515 ) ;
#79 = ADVANCED_FACE ( 'NONE', ( #980 ), #1331, .F. ) ;
#80 = VECTOR ( 'NONE', #650, 100.0000000000000000 ) ;
#81 = VECTOR ( 'NONE', #392, 100.0000000000000000 ) ;
#82 = DIRECTION ( 'NONE',  ( 0.000000000000000000, -1.000000000000000000, 0.000000000000000000 ) ) ;
#83 = APPROVAL_STATUS ( 'not_yet_approved' ) ;
#84 = AXIS2_PLACEMENT_3D ( 'NONE', #1251, #4, #258 ) ;
#85 = CARTESIAN_POINT ( 'NONE',  ( 6.999999999999999112, -2.399999999999991029, 0.8000000000000000444 ) ) ;
#86 = CC_DESIGN_APPROVAL ( #841, ( #1270 ) ) ;
#87 = ORIENTED_EDGE ( 'NONE', *, *, #369, .T. ) ;
#88 = LINE ( 'NONE', #324, #429 ) ;
#89 = CARTESIAN_POINT ( 'NONE',  ( 0.000000000000000000, 19.67618312822206406, 0.000000000000000000 ) ) ;
#90 = ADVANCED_FACE ( 'NONE', ( #423 ), #874, .T. ) ;
#91 = ORIENTED_EDGE ( 'NONE', *, *, #520, .T. ) ;
#92 = FACE_OUTER_BOUND ( 'NONE', #911, .T. ) ;
#93 = DATE_AND_TIME ( #101, #39 ) ;
#94 = DIRECTION ( 'NONE',  ( 1.000000000000000000, -0.000000000000000000, 0.000000000000000000 ) ) ;
#95 = ORIENTED_EDGE ( 'NONE', *, *, #503, .F. ) ;
#96 = FACE_OUTER_BOUND ( 'NONE', #220, .T. ) ;
#97 = ORIENTED_EDGE ( 'NONE', *, *, #754, .F. ) ;
#98 = EDGE_CURVE ( 'NONE', #1372, #341, #1336, .T. ) ;
#99 = EDGE_CURVE ( 'NONE', #939, #15, #544, .T. ) ;
#100 = DIRECTION ( 'NONE',  ( 0.000000000000000000, 0.000000000000000000, 1.000000000000000000 ) ) ;
#101 = CALENDAR_DATE ( 2026, 23, 8 ) ;
#102 = LINE ( 'NONE', #219, #381 ) ;
#103 = VERTEX_POINT ( 'NONE', #1009 ) ;
#104 = CARTESIAN_POINT ( 'NONE',  ( 6.999999999999998224, -9.999999999999992895, 4.500000000000000000 ) ) ;
#105 = DIRECTION ( 'NONE',  ( 0.000000000000000000, -0.000000000000000000, -1.000000000000000000 ) ) ;
#106 = VECTOR ( 'NONE', #558, 100.0000000000000000 ) ;
#107 = LINE ( 'NONE', #1384, #616 ) ;
#108 = APPROVAL_STATUS ( 'not_yet_approved' ) ;
#109 = VECTOR ( 'NONE', #769, 100.0000000000000000 ) ;
#110 = CARTESIAN_POINT ( 'NONE',  ( -3.402181864324455240, 20.47618312822206477, -0.6979472343076054131 ) ) ;
#111 = EDGE_CURVE ( 'NONE', #556, #415, #656, .T. ) ;
#112 = ORIENTED_EDGE ( 'NONE', *, *, #730, .F. ) ;
#113 = AXIS2_PLACEMENT_3D ( 'NONE', #172, #1109, #418 ) ;
#114 = DIRECTION ( 'NONE',  ( -1.000000000000000000, 0.000000000000000000, 0.000000000000000000 ) ) ;
#115 = LOCAL_TIME ( 16, 12, 34.00000000000000000, #1040 ) ;
#116 = DIRECTION ( 'NONE',  ( 0.000000000000000000, 0.000000000000000000, 1.000000000000000000 ) ) ;
#117 = LINE ( 'NONE', #581, #1426 ) ;
#118 = ORIENTED_EDGE ( 'NONE', *, *, #1132, .F. ) ;
#119 = EDGE_CURVE ( 'NONE', #1313, #711, #929, .T. ) ;
#120 = ORIENTED_EDGE ( 'NONE', *, *, #998, .T. ) ;
#121 = CARTESIAN_POINT ( 'NONE',  ( 4.000000000000000888, -1.233581138472396507E-15, 0.000000000000000000 ) ) ;
#122 = CARTESIAN_POINT ( 'NONE',  ( -3.402181864324455240, 19.67618312822206406, -0.6979472343076054131 ) ) ;
#123 = ORIENTED_EDGE ( 'NONE', *, *, #1500, .T. ) ;
#124 = ORIENTED_EDGE ( 'NONE', *, *, #371, .F. ) ;
#125 = DIRECTION ( 'NONE',  ( -1.000000000000000000, 0.000000000000000000, 0.000000000000000000 ) ) ;
#126 = ORIENTED_EDGE ( 'NONE', *, *, #685, .F. ) ;
#127 = ORIENTED_EDGE ( 'NONE', *, *, #1288, .T. ) ;
#128 = DIRECTION ( 'NONE',  ( -0.000000000000000000, -0.000000000000000000, -1.000000000000000000 ) ) ;
#129 = ORIENTED_EDGE ( 'NONE', *, *, #843, .T. ) ;
#130 = FACE_BOUND ( 'NONE', #355, .T. ) ;
#131 = ORIENTED_EDGE ( 'NONE', *, *, #307, .T. ) ;
#132 = VECTOR ( 'NONE', #361, 100.0000000000000000 ) ;
#133 = LINE ( 'NONE', #388, #305 ) ;
#134 = AXIS2_PLACEMENT_3D ( 'NONE', #166, #1470, #50 ) ;
#135 = LOCAL_TIME ( 16, 12, 34.00000000000000000, #1490 ) ;
#136 = ADVANCED_FACE ( 'NONE', ( #92 ), #641, .F. ) ;
#137 = PLANE ( 'NONE',  #714 ) ;
#138 = CARTESIAN_POINT ( 'NONE',  ( 6.999999999999999112, -2.399999999999991029, 4.000000000000000000 ) ) ;
#139 = CARTESIAN_POINT ( 'NONE',  ( -4.500000000000001776, -9.499999999999991118, -0.8000000000000003775 ) ) ;
#140 = LINE ( 'NONE', #606, #646 ) ;
#141 = EDGE_LOOP ( 'NONE', ( #511, #632, #168, #213 ) ) ;
#142 = ADVANCED_FACE ( 'NONE', ( #64 ), #1352, .T. ) ;
#143 = CARTESIAN_POINT ( 'NONE',  ( -5.000000000000001776, 4.000000000000008882, 0.8000000000000000444 ) ) ;
#144 = CARTESIAN_POINT ( 'NONE',  ( -1.402181864324455240, 18.87618312822206335, -0.6979472343076054131 ) ) ;
#145 = EDGE_CURVE ( 'NONE', #1509, #1362, #433, .T. ) ;
#146 = ORIENTED_EDGE ( 'NONE', *, *, #813, .F. ) ;
#147 = LINE ( 'NONE', #367, #254 ) ;
#148 = LINE ( 'NONE', #1073, #448 ) ;
#149 = CARTESIAN_POINT ( 'NONE',  ( -6.100000000000002309, -9.399999999999991473, 4.000000000000000000 ) ) ;
#150 = ORIENTED_EDGE ( 'NONE', *, *, #1415, .F. ) ;
#151 = PRODUCT_DEFINITION_SHAPE ( 'NONE', 'NONE',  #1270 ) ;
#152 = CARTESIAN_POINT ( 'NONE',  ( 0.1999999999999994837, 16.10000000000000853, 0.3499999999999999778 ) ) ;
#153 = VERTEX_POINT ( 'NONE', #1240 ) ;
#154 = CARTESIAN_POINT ( 'NONE',  ( -7.000000000000001776, -9.999999999999992895, 4.500000000000000000 ) ) ;
#155 = DIRECTION ( 'NONE',  ( -1.000000000000000000, 0.000000000000000000, 0.000000000000000000 ) ) ;
#156 = CARTESIAN_POINT ( 'NONE',  ( 6.099999999999998757, -9.399999999999991473, 4.000000000000000000 ) ) ;
#157 = EDGE_CURVE ( 'NONE', #1405, #584, #1223, .T. ) ;
#158 = ORIENTED_EDGE ( 'NONE', *, *, #967, .F. ) ;
#159 = VECTOR ( 'NONE', #1427, 100.0000000000000000 ) ;
#160 = CIRCLE ( 'NONE', #134, 3.800000000000000711 ) ;
#161 = VECTOR ( 'NONE', #519, 100.0000000000000000 ) ;
#162 = PERSON_AND_ORGANIZATION_ROLE ( 'creator' ) ;
#163 = ORIENTED_EDGE ( 'NONE', *, *, #350, .T. ) ;
#164 = CARTESIAN_POINT ( 'NONE',  ( -4.000000000000000888, 4.000000000000008882, 0.8000000000000000444 ) ) ;
#165 = LINE ( 'NONE', #662, #1104 ) ;
#166 = CARTESIAN_POINT ( 'NONE',  ( 0.1999999999999994837, 16.10000000000000853, 0.8000000000000000444 ) ) ;
#167 = EDGE_CURVE ( 'NONE', #1362, #366, #772, .T. ) ;
#168 = ORIENTED_EDGE ( 'NONE', *, *, #503, .T. ) ;
#169 = CARTESIAN_POINT ( 'NONE',  ( 3.484879073461748966, 20.47618312822206477, -0.4479472343076056351 ) ) ;
#170 = ORIENTED_EDGE ( 'NONE', *, *, #666, .F. ) ;
#171 = CARTESIAN_POINT ( 'NONE',  ( -3.402181864324455240, 20.47618312822206477, -0.4479472343076053575 ) ) ;
#172 = CARTESIAN_POINT ( 'NONE',  ( 0.000000000000000000, 0.000000000000000000, 4.500000000000000000 ) ) ;
#173 = CARTESIAN_POINT ( 'NONE',  ( 3.999999999999999556, -4.999999999999992006, 0.8000000000000000444 ) ) ;
#174 = ORIENTED_EDGE ( 'NONE', *, *, #857, .T. ) ;
#175 = EDGE_CURVE ( 'NONE', #914, #483, #203, .T. ) ;
#176 = APPROVAL_ROLE ( '' ) ;
#177 = EDGE_LOOP ( 'NONE', ( #1409, #749, #1506, #356 ) ) ;
#178 = DIRECTION ( 'NONE',  ( -1.000000000000000000, 0.000000000000000000, 0.000000000000000000 ) ) ;
#179 = CARTESIAN_POINT ( 'NONE',  ( -6.100000000000002309, -1.799999999999991163, 0.8000000000000000444 ) ) ;
#180 = CARTESIAN_POINT ( 'NONE',  ( -1.402181864324455240, 18.87618312822206335, -0.6979472343076054131 ) ) ;
#181 = ORIENTED_EDGE ( 'NONE', *, *, #638, .T. ) ;
#182 = VECTOR ( 'NONE', #971, 100.0000000000000000 ) ;
#183 = AXIS2_PLACEMENT_3D ( 'NONE', #1455, #1337, #186 ) ;
#184 = EDGE_CURVE ( 'NONE', #242, #1219, #1344, .T. ) ;
#185 = DIRECTION ( 'NONE',  ( -1.000000000000000000, -0.000000000000000000, -0.000000000000000000 ) ) ;
#186 = DIRECTION ( 'NONE',  ( 0.000000000000000000, 0.000000000000000000, -1.000000000000000000 ) ) ;
#187 = DIRECTION ( 'NONE',  ( -0.000000000000000000, -0.000000000000000000, -1.000000000000000000 ) ) ;
#188 = DIRECTION ( 'NONE',  ( -0.000000000000000000, -0.000000000000000000, -1.000000000000000000 ) ) ;
#189 = ORIENTED_EDGE ( 'NONE', *, *, #1288, .F. ) ;
#190 = DIRECTION ( 'NONE',  ( 0.000000000000000000, -0.000000000000000000, 1.000000000000000000 ) ) ;
#191 = APPROVAL ( #867, 'UNSPECIFIED' ) ;
#192 = DIRECTION ( 'NONE',  ( -0.000000000000000000, -0.000000000000000000, 1.000000000000000000 ) ) ;
#193 = DIRECTION ( 'NONE',  ( 3.083952846180990774E-16, 1.000000000000000000, 0.000000000000000000 ) ) ;
#194 = DIRECTION ( 'NONE',  ( -1.000000000000000000, 0.000000000000000000, 0.000000000000000000 ) ) ;
#195 = EDGE_CURVE ( 'NONE', #1509, #1317, #1360, .T. ) ;
#196 = VERTEX_POINT ( 'NONE', #762 ) ;
#197 = DIRECTION ( 'NONE',  ( 0.000000000000000000, 1.000000000000000000, 0.000000000000000000 ) ) ;
#198 = CARTESIAN_POINT ( 'NONE',  ( -7.000000000000001776, -1.799999999999991163, 4.500000000000000000 ) ) ;
#199 = ORIENTED_EDGE ( 'NONE', *, *, #157, .F. ) ;
#200 = EDGE_CURVE ( 'NONE', #785, #1465, #1230, .T. ) ;
#201 = ORIENTED_EDGE ( 'NONE', *, *, #1349, .T. ) ;
#202 = VECTOR ( 'NONE', #358, 100.0000000000000000 ) ;
#203 = LINE ( 'NONE', #75, #858 ) ;
#204 = MECHANICAL_CONTEXT ( 'NONE', #701, 'mechanical' ) ;
#205 = VECTOR ( 'NONE', #417, 100.0000000000000000 ) ;
#206 = LINE ( 'NONE', #1047, #669 ) ;
#207 = EDGE_LOOP ( 'NONE', ( #737, #1203, #408, #363, #513, #488, #886, #898 ) ) ;
#208 = EDGE_CURVE ( 'NONE', #41, #1071, #538, .T. ) ;
#209 = EDGE_CURVE ( 'NONE', #443, #263, #314, .T. ) ;
#210 = EDGE_LOOP ( 'NONE', ( #775, #862, #51, #645 ) ) ;
#211 = CARTESIAN_POINT ( 'NONE',  ( -4.000000000000001776, -4.999999999999992006, -0.8000000000000003775 ) ) ;
#212 = CARTESIAN_POINT ( 'NONE',  ( 3.999999999999999556, 16.09999999999998366, 0.8000000000000000444 ) ) ;
#213 = ORIENTED_EDGE ( 'NONE', *, *, #1342, .F. ) ;
#214 = DIRECTION ( 'NONE',  ( -0.000000000000000000, -0.000000000000000000, 1.000000000000000000 ) ) ;
#215 = ORIENTED_EDGE ( 'NONE', *, *, #638, .F. ) ;
#216 = EDGE_CURVE ( 'NONE', #1000, #78, #165, .T. ) ;
#217 = CARTESIAN_POINT ( 'NONE',  ( -7.000000000000001776, -2.399999999999991029, 4.000000000000000000 ) ) ;
#218 = DATE_TIME_ROLE ( 'creation_date' ) ;
#219 = CARTESIAN_POINT ( 'NONE',  ( 4.499999999999999112, 0.000000000000000000, 0.000000000000000000 ) ) ;
#220 = EDGE_LOOP ( 'NONE', ( #1154, #316, #150, #1341 ) ) ;
#221 = DIRECTION ( 'NONE',  ( 0.000000000000000000, -1.000000000000000000, 0.000000000000000000 ) ) ;
#222 = EDGE_LOOP ( 'NONE', ( #1026, #189, #1293, #1286 ) ) ;
#223 = EDGE_CURVE ( 'NONE', #1362, #269, #552, .T. ) ;
#224 = AXIS2_PLACEMENT_3D ( 'NONE', #702, #1046, #1170 ) ;
#225 = LINE ( 'NONE', #916, #427 ) ;
#226 = PERSON_AND_ORGANIZATION ( #1237, #1016 ) ;
#227 = DIRECTION ( 'NONE',  ( -1.000000000000000000, 0.000000000000000000, 0.000000000000000000 ) ) ;
#228 = VECTOR ( 'NONE', #1421, 100.0000000000000000 ) ;
#229 = DIRECTION ( 'NONE',  ( 0.000000000000000000, 1.000000000000000000, 0.000000000000000000 ) ) ;
#230 = VERTEX_POINT ( 'NONE', #319 ) ;
#231 = VECTOR ( 'NONE', #625, 100.0000000000000000 ) ;
#232 = PLANE ( 'NONE',  #1495 ) ;
#233 = DIRECTION ( 'NONE',  ( 0.000000000000000000, -0.000000000000000000, -1.000000000000000000 ) ) ;
#234 = LINE ( 'NONE', #697, #647 ) ;
#235 = EDGE_LOOP ( 'NONE', ( #820, #26, #1453, #1165, #129, #751, #458, #163 ) ) ;
#236 = ORIENTED_EDGE ( 'NONE', *, *, #1391, .T. ) ;
#237 = LINE ( 'NONE', #600, #1176 ) ;
#238 = EDGE_CURVE ( 'NONE', #277, #1150, #782, .T. ) ;
#239 = ORIENTED_EDGE ( 'NONE', *, *, #602, .T. ) ;
#240 = LINE ( 'NONE', #444, #1370 ) ;
#241 = CARTESIAN_POINT ( 'NONE',  ( -5.000000000000001776, 4.000000000000008882, 0.8000000000000000444 ) ) ;
#242 = VERTEX_POINT ( 'NONE', #1162 ) ;
#243 = ORIENTED_EDGE ( 'NONE', *, *, #1066, .F. ) ;
#244 = LINE ( 'NONE', #839, #620 ) ;
#245 = EDGE_CURVE ( 'NONE', #653, #1081, #884, .T. ) ;
#246 = ORIENTED_EDGE ( 'NONE', *, *, #1123, .F. ) ;
#247 = DIRECTION ( 'NONE',  ( 0.000000000000000000, 1.000000000000000000, 0.000000000000000000 ) ) ;
#248 = ORIENTED_EDGE ( 'NONE', *, *, #340, .T. ) ;
#249 = LINE ( 'NONE', #628, #1326 ) ;
#250 = PLANE ( 'NONE',  #1299 ) ;
#251 = VECTOR ( 'NONE', #438, 100.0000000000000000 ) ;
#252 = DIRECTION ( 'NONE',  ( -0.000000000000000000, -0.000000000000000000, 1.000000000000000000 ) ) ;
#253 = CARTESIAN_POINT ( 'NONE',  ( -7.000000000000001776, 0.000000000000000000, 0.000000000000000000 ) ) ;
#254 = VECTOR ( 'NONE', #1091, 100.0000000000000000 ) ;
#255 = ORIENTED_EDGE ( 'NONE', *, *, #1333, .F. ) ;
#256 =( GEOMETRIC_REPRESENTATION_CONTEXT ( 3 ) GLOBAL_UNCERTAINTY_ASSIGNED_CONTEXT ( ( #842 ) ) GLOBAL_UNIT_ASSIGNED_CONTEXT ( ( #1484, #679, #1156 ) ) REPRESENTATION_CONTEXT ( 'NONE', 'WORKASPACE' ) );
#257 = EDGE_CURVE ( 'NONE', #914, #15, #1039, .T. ) ;
#258 = DIRECTION ( 'NONE',  ( -1.000000000000000000, 0.000000000000000000, 0.000000000000000000 ) ) ;
#259 = ADVANCED_FACE ( 'NONE', ( #1503 ), #678, .F. ) ;
#260 = CARTESIAN_POINT ( 'NONE',  ( -7.000000000000001776, -1.799999999999991163, 4.500000000000000000 ) ) ;
#261 = ORIENTED_EDGE ( 'NONE', *, *, #1085, .T. ) ;
#262 = DIRECTION ( 'NONE',  ( 0.000000000000000000, -0.000000000000000000, -1.000000000000000000 ) ) ;
#263 = VERTEX_POINT ( 'NONE', #696 ) ;
#264 = CARTESIAN_POINT ( 'NONE',  ( 1.484879073461748966, 18.87618312822206335, 0.8000000000000000444 ) ) ;
#265 = LINE ( 'NONE', #1202, #695 ) ;
#266 = DIRECTION ( 'NONE',  ( -1.000000000000000000, 0.000000000000000000, 0.000000000000000000 ) ) ;
#267 = EDGE_CURVE ( 'NONE', #334, #584, #1493, .T. ) ;
#268 = PLANE ( 'NONE',  #1103 ) ;
#269 = VERTEX_POINT ( 'NONE', #335 ) ;
#270 = CARTESIAN_POINT ( 'NONE',  ( -4.500000000000001776, -4.999999999999992006, 0.8000000000000000444 ) ) ;
#271 = DIRECTION ( 'NONE',  ( 0.000000000000000000, -1.000000000000000000, 0.000000000000000000 ) ) ;
#272 = PLANE ( 'NONE',  #863 ) ;
#273 = CARTESIAN_POINT ( 'NONE',  ( 3.999999999999998224, -9.499999999999991118, 0.8000000000000000444 ) ) ;
#274 = ADVANCED_FACE ( 'NONE', ( #922 ), #1284, .F. ) ;
#275 = ORIENTED_EDGE ( 'NONE', *, *, #685, .T. ) ;
#276 = CARTESIAN_POINT ( 'NONE',  ( 0.000000000000000000, 0.000000000000000000, 0.000000000000000000 ) ) ;
#277 = VERTEX_POINT ( 'NONE', #459 ) ;
#278 = DIRECTION ( 'NONE',  ( 0.000000000000000000, 0.000000000000000000, -1.000000000000000000 ) ) ;
#279 = DIRECTION ( 'NONE',  ( 0.000000000000000000, 0.000000000000000000, -1.000000000000000000 ) ) ;
#280 = ORIENTED_EDGE ( 'NONE', *, *, #548, .F. ) ;
#281 = VECTOR ( 'NONE', #1119, 100.0000000000000000 ) ;
#282 = VECTOR ( 'NONE', #946, 100.0000000000000000 ) ;
#283 = VECTOR ( 'NONE', #289, 100.0000000000000000 ) ;
#284 = CARTESIAN_POINT ( 'NONE',  ( 1.484879073461748966, 18.87618312822206335, -0.6979472343076054131 ) ) ;
#285 = ORIENTED_EDGE ( 'NONE', *, *, #1228, .T. ) ;
#286 = DIRECTION ( 'NONE',  ( -0.000000000000000000, -1.000000000000000000, -0.000000000000000000 ) ) ;
#287 = CARTESIAN_POINT ( 'NONE',  ( 0.1999999999999994837, 18.87618312822206335, 0.3499999999999999778 ) ) ;
#288 = PLANE ( 'NONE',  #183 ) ;
#289 = DIRECTION ( 'NONE',  ( 1.000000000000000000, 0.000000000000000000, 0.000000000000000000 ) ) ;
#290 = ORIENTED_EDGE ( 'NONE', *, *, #1434, .F. ) ;
#291 = EDGE_CURVE ( 'NONE', #1282, #609, #1148, .T. ) ;
#292 = EDGE_LOOP ( 'NONE', ( #592, #181, #1309, #57 ) ) ;
#293 = DIRECTION ( 'NONE',  ( -0.000000000000000000, -0.000000000000000000, -1.000000000000000000 ) ) ;
#294 = DIRECTION ( 'NONE',  ( 1.000000000000000000, 0.000000000000000000, 0.000000000000000000 ) ) ;
#295 = CARTESIAN_POINT ( 'NONE',  ( -6.100000000000002309, -1.799999999999991163, 4.000000000000000000 ) ) ;
#296 = EDGE_LOOP ( 'NONE', ( #710, #199, #1044, #499 ) ) ;
#297 = EDGE_CURVE ( 'NONE', #849, #1143, #225, .T. ) ;
#298 = CARTESIAN_POINT ( 'NONE',  ( 1.484879073461748966, 19.67618312822206406, -0.6979472343076054131 ) ) ;
#299 = DIRECTION ( 'NONE',  ( 0.000000000000000000, 1.000000000000000000, 0.000000000000000000 ) ) ;
#300 = LINE ( 'NONE', #891, #10 ) ;
#301 = ORIENTED_EDGE ( 'NONE', *, *, #13, .T. ) ;
#302 = AXIS2_PLACEMENT_3D ( 'NONE', #963, #271, #1098 ) ;
#303 = LINE ( 'NONE', #555, #109 ) ;
#304 = EDGE_CURVE ( 'NONE', #1143, #1447, #687, .T. ) ;
#305 = VECTOR ( 'NONE', #953, 100.0000000000000000 ) ;
#306 = VECTOR ( 'NONE', #956, 100.0000000000000000 ) ;
#307 = EDGE_CURVE ( 'NONE', #440, #1150, #107, .T. ) ;
#308 = CARTESIAN_POINT ( 'NONE',  ( 4.499999999999999112, -9.499999999999991118, 0.8000000000000000444 ) ) ;
#309 = LINE ( 'NONE', #763, #1399 ) ;
#310 = DIRECTION ( 'NONE',  ( 0.000000000000000000, 1.000000000000000000, 0.000000000000000000 ) ) ;
#311 = ORIENTED_EDGE ( 'NONE', *, *, #238, .T. ) ;
#312 = PLANE ( 'NONE',  #1034 ) ;
#313 = EDGE_CURVE ( 'NONE', #1372, #2, #1278, .T. ) ;
#314 = LINE ( 'NONE', #308, #35 ) ;
#315 = DIRECTION ( 'NONE',  ( 1.000000000000000000, 0.000000000000000000, -0.000000000000000000 ) ) ;
#316 = ORIENTED_EDGE ( 'NONE', *, *, #33, .T. ) ;
#317 = DIRECTION ( 'NONE',  ( 0.000000000000000000, -0.000000000000000000, 1.000000000000000000 ) ) ;
#318 = ORIENTED_EDGE ( 'NONE', *, *, #216, .F. ) ;
#319 = CARTESIAN_POINT ( 'NONE',  ( 3.484879073461748966, 19.67618312822206406, -0.6979472343076056351 ) ) ;
#320 = DIRECTION ( 'NONE',  ( 0.000000000000000000, 0.000000000000000000, 1.000000000000000000 ) ) ;
#321 = EDGE_CURVE ( 'NONE', #611, #706, #1368, .T. ) ;
#322 = CARTESIAN_POINT ( 'NONE',  ( 6.099999999999998757, -2.399999999999991029, 4.000000000000000000 ) ) ;
#323 = EDGE_LOOP ( 'NONE', ( #836, #903, #290, #970 ) ) ;
#324 = CARTESIAN_POINT ( 'NONE',  ( 1.484879073461748966, 19.67618312822206406, 0.8000000000000000444 ) ) ;
#325 = VERTEX_POINT ( 'NONE', #594 ) ;
#326 = VECTOR ( 'NONE', #1179, 100.0000000000000000 ) ;
#327 = VECTOR ( 'NONE', #1355, 100.0000000000000000 ) ;
#328 = LINE ( 'NONE', #1050, #1055 ) ;
#329 = VECTOR ( 'NONE', #1356, 100.0000000000000000 ) ;
#330 = DIRECTION ( 'NONE',  ( 1.000000000000000000, 0.000000000000000000, 0.000000000000000000 ) ) ;
#331 = EDGE_LOOP ( 'NONE', ( #966, #5, #1222, #509 ) ) ;
#332 = ADVANCED_FACE ( 'NONE', ( #563, #1155 ), #1377, .T. ) ;
#333 = CARTESIAN_POINT ( 'NONE',  ( 6.099999999999998757, -2.399999999999991029, 0.8000000000000000444 ) ) ;
#334 = VERTEX_POINT ( 'NONE', #570 ) ;
#335 = CARTESIAN_POINT ( 'NONE',  ( -3.402181864324455240, 19.67618312822206406, -0.4479472343076053575 ) ) ;
#336 = PERSON_AND_ORGANIZATION ( #1237, #1016 ) ;
#337 = CARTESIAN_POINT ( 'NONE',  ( 0.000000000000000000, 4.000000000000008882, 0.000000000000000000 ) ) ;
#338 = VERTEX_POINT ( 'NONE', #585 ) ;
#339 = CARTESIAN_POINT ( 'NONE',  ( 6.999999999999999112, -9.399999999999991473, 4.000000000000000000 ) ) ;
#340 = EDGE_CURVE ( 'NONE', #700, #1071, #328, .T. ) ;
#341 = VERTEX_POINT ( 'NONE', #818 ) ;
#342 = CARTESIAN_POINT ( 'NONE',  ( -6.100000000000002309, -9.999999999999992895, 0.8000000000000000444 ) ) ;
#343 = DATE_AND_TIME ( #1385, #115 ) ;
#344 = DIRECTION ( 'NONE',  ( -0.000000000000000000, -0.000000000000000000, -1.000000000000000000 ) ) ;
#345 = VERTEX_POINT ( 'NONE', #1272 ) ;
#346 = CARTESIAN_POINT ( 'NONE',  ( 3.999999999999999556, 4.000000000000008882, 0.3499999999999999778 ) ) ;
#347 = ORIENTED_EDGE ( 'NONE', *, *, #157, .T. ) ;
#348 = EDGE_LOOP ( 'NONE', ( #816, #6, #693, #1169 ) ) ;
#349 = AXIS2_PLACEMENT_3D ( 'NONE', #996, #293, #1461 ) ;
#350 = EDGE_CURVE ( 'NONE', #1219, #1000, #933, .T. ) ;
#351 = DIRECTION ( 'NONE',  ( -1.000000000000000000, 0.000000000000000000, 0.000000000000000000 ) ) ;
#352 = LINE ( 'NONE', #917, #744 ) ;
#353 = VECTOR ( 'NONE', #540, 100.0000000000000000 ) ;
#354 = DIRECTION ( 'NONE',  ( -0.000000000000000000, -0.000000000000000000, -1.000000000000000000 ) ) ;
#355 = EDGE_LOOP ( 'NONE', ( #1358, #1048, #1035, #118 ) ) ;
#356 = ORIENTED_EDGE ( 'NONE', *, *, #1238, .F. ) ;
#357 = AXIS2_PLACEMENT_3D ( 'NONE', #1433, #1214, #984 ) ;
#358 = DIRECTION ( 'NONE',  ( -0.000000000000000000, -0.000000000000000000, -1.000000000000000000 ) ) ;
#359 = ORIENTED_EDGE ( 'NONE', *, *, #713, .F. ) ;
#360 = ORIENTED_EDGE ( 'NONE', *, *, #830, .T. ) ;
#361 = DIRECTION ( 'NONE',  ( -0.000000000000000000, -0.000000000000000000, -1.000000000000000000 ) ) ;
#362 = EDGE_CURVE ( 'NONE', #73, #972, #240, .T. ) ;
#363 = ORIENTED_EDGE ( 'NONE', *, *, #98, .T. ) ;
#364 = CARTESIAN_POINT ( 'NONE',  ( -6.100000000000002309, -9.999999999999992895, 4.000000000000000000 ) ) ;
#365 = PLANE ( 'NONE',  #1250 ) ;
#366 = VERTEX_POINT ( 'NONE', #791 ) ;
#367 = CARTESIAN_POINT ( 'NONE',  ( -3.402181864324455240, 20.47618312822206477, -0.6979472343076054131 ) ) ;
#368 = ORIENTED_EDGE ( 'NONE', *, *, #1075, .T. ) ;
#369 = EDGE_CURVE ( 'NONE', #582, #17, #947, .T. ) ;
#370 = DIRECTION ( 'NONE',  ( 0.000000000000000000, 0.000000000000000000, 1.000000000000000000 ) ) ;
#371 = EDGE_CURVE ( 'NONE', #385, #242, #396, .T. ) ;
#372 = CARTESIAN_POINT ( 'NONE',  ( -4.500000000000001776, -9.499999999999991118, 0.8000000000000000444 ) ) ;
#373 = CARTESIAN_POINT ( 'NONE',  ( -4.500000000000001776, 0.000000000000000000, 0.000000000000000000 ) ) ;
#374 = LINE ( 'NONE', #29, #453 ) ;
#375 = ORIENTED_EDGE ( 'NONE', *, *, #1238, .T. ) ;
#376 = DIRECTION ( 'NONE',  ( -0.000000000000000000, 0.000000000000000000, 1.000000000000000000 ) ) ;
#377 = CARTESIAN_POINT ( 'NONE',  ( -7.000000000000001776, -9.399999999999991473, 0.8000000000000000444 ) ) ;
#378 = AXIS2_PLACEMENT_3D ( 'NONE', #1320, #742, #846 ) ;
#379 = LINE ( 'NONE', #149, #404 ) ;
#380 = DIRECTION ( 'NONE',  ( 1.000000000000000000, 0.000000000000000000, 0.000000000000000000 ) ) ;
#381 = VECTOR ( 'NONE', #1029, 100.0000000000000000 ) ;
#382 = ORIENTED_EDGE ( 'NONE', *, *, #36, .F. ) ;
#383 = EDGE_CURVE ( 'NONE', #345, #1053, #1188, .T. ) ;
#384 = FACE_OUTER_BOUND ( 'NONE', #1512, .T. ) ;
#385 = VERTEX_POINT ( 'NONE', #1312 ) ;
#386 = DIRECTION ( 'NONE',  ( 0.000000000000000000, -0.000000000000000000, 1.000000000000000000 ) ) ;
#387 = FACE_OUTER_BOUND ( 'NONE', #323, .T. ) ;
#388 = CARTESIAN_POINT ( 'NONE',  ( -4.000000000000001776, -9.499999999999991118, -0.8000000000000003775 ) ) ;
#389 = ADVANCED_FACE ( 'NONE', ( #496 ), #365, .F. ) ;
#390 = PERSON_AND_ORGANIZATION ( #1237, #1016 ) ;
#391 = ORIENTED_EDGE ( 'NONE', *, *, #36, .T. ) ;
#392 = DIRECTION ( 'NONE',  ( 0.000000000000000000, 1.000000000000000000, 0.000000000000000000 ) ) ;
#393 = DIRECTION ( 'NONE',  ( 0.000000000000000000, 0.000000000000000000, 1.000000000000000000 ) ) ;
#394 = LINE ( 'NONE', #876, #1036 ) ;
#395 = VERTEX_POINT ( 'NONE', #603 ) ;
#396 = LINE ( 'NONE', #28, #159 ) ;
#397 = ORIENTED_EDGE ( 'NONE', *, *, #216, .T. ) ;
#398 = CARTESIAN_POINT ( 'NONE',  ( -6.100000000000002309, -2.399999999999991029, 4.000000000000000000 ) ) ;
#399 = ORIENTED_EDGE ( 'NONE', *, *, #184, .F. ) ;
#400 = DIRECTION ( 'NONE',  ( 0.000000000000000000, -0.000000000000000000, 1.000000000000000000 ) ) ;
#401 = LINE ( 'NONE', #1114, #551 ) ;
#402 = VERTEX_POINT ( 'NONE', #169 ) ;
#403 = AXIS2_PLACEMENT_3D ( 'NONE', #1249, #197, #1468 ) ;
#404 = VECTOR ( 'NONE', #1074, 100.0000000000000000 ) ;
#405 = VECTOR ( 'NONE', #330, 100.0000000000000000 ) ;
#406 = CARTESIAN_POINT ( 'NONE',  ( -7.000000000000001776, -1.799999999999991163, 4.000000000000000000 ) ) ;
#407 = PERSON_AND_ORGANIZATION ( #1237, #1016 ) ;
#408 = ORIENTED_EDGE ( 'NONE', *, *, #470, .F. ) ;
#409 = DIRECTION ( 'NONE',  ( -0.000000000000000000, -0.000000000000000000, -1.000000000000000000 ) ) ;
#410 = LINE ( 'NONE', #871, #283 ) ;
#411 = ADVANCED_FACE ( 'NONE', ( #959 ), #40, .T. ) ;
#412 = LINE ( 'NONE', #180, #1479 ) ;
#413 = ORIENTED_EDGE ( 'NONE', *, *, #830, .F. ) ;
#414 = COORDINATED_UNIVERSAL_TIME_OFFSET ( 5, 30, .AHEAD. ) ;
#415 = VERTEX_POINT ( 'NONE', #143 ) ;
#416 = DIRECTION ( 'NONE',  ( 1.000000000000000000, 0.000000000000000000, 0.000000000000000000 ) ) ;
#417 = DIRECTION ( 'NONE',  ( 0.000000000000000000, 1.000000000000000000, -0.000000000000000000 ) ) ;
#418 = DIRECTION ( 'NONE',  ( -1.000000000000000000, 0.000000000000000000, -0.000000000000000000 ) ) ;
#419 = LINE ( 'NONE', #1347, #38 ) ;
#420 = ADVANCED_FACE ( 'NONE', ( #384 ), #268, .T. ) ;
#421 = ORIENTED_EDGE ( 'NONE', *, *, #208, .F. ) ;
#422 = ADVANCED_FACE ( 'NONE', ( #1410 ), #731, .F. ) ;
#423 = FACE_OUTER_BOUND ( 'NONE', #567, .T. ) ;
#424 = CARTESIAN_POINT ( 'NONE',  ( -4.000000000000001776, 16.00000000000000711, 0.3499999999999999778 ) ) ;
#425 = DIRECTION ( 'NONE',  ( 3.083952846180990774E-16, 1.000000000000000000, 0.000000000000000000 ) ) ;
#426 = ORIENTED_EDGE ( 'NONE', *, *, #1226, .T. ) ;
#427 = VECTOR ( 'NONE', #128, 100.0000000000000000 ) ;
#428 = FACE_OUTER_BOUND ( 'NONE', #1406, .T. ) ;
#429 = VECTOR ( 'NONE', #441, 100.0000000000000000 ) ;
#430 = EDGE_CURVE ( 'NONE', #972, #78, #715, .T. ) ;
#431 = VECTOR ( 'NONE', #885, 100.0000000000000000 ) ;
#432 = CC_DESIGN_APPROVAL ( #191, ( #1211 ) ) ;
#433 = LINE ( 'NONE', #757, #251 ) ;
#434 = LINE ( 'NONE', #1505, #405 ) ;
#435 = ORIENTED_EDGE ( 'NONE', *, *, #786, .T. ) ;
#436 = CARTESIAN_POINT ( 'NONE',  ( 0.000000000000000000, -9.499999999999991118, 0.000000000000000000 ) ) ;
#437 = ADVANCED_FACE ( 'NONE', ( #1206 ), #137, .T. ) ;
#438 = DIRECTION ( 'NONE',  ( -0.000000000000000000, -0.000000000000000000, 1.000000000000000000 ) ) ;
#439 = LINE ( 'NONE', #635, #747 ) ;
#440 = VERTEX_POINT ( 'NONE', #489 ) ;
#441 = DIRECTION ( 'NONE',  ( -0.000000000000000000, -0.000000000000000000, -1.000000000000000000 ) ) ;
#442 = DIRECTION ( 'NONE',  ( 0.000000000000000000, -1.000000000000000000, 0.000000000000000000 ) ) ;
#443 = VERTEX_POINT ( 'NONE', #1305 ) ;
#444 = CARTESIAN_POINT ( 'NONE',  ( -7.000000000000001776, 0.000000000000000000, 0.8000000000000000444 ) ) ;
#445 = LINE ( 'NONE', #681, #1131 ) ;
#446 = EDGE_CURVE ( 'NONE', #153, #47, #1416, .T. ) ;
#447 = ORIENTED_EDGE ( 'NONE', *, *, #666, .T. ) ;
#448 = VECTOR ( 'NONE', #827, 100.0000000000000000 ) ;
#449 = ORIENTED_EDGE ( 'NONE', *, *, #562, .F. ) ;
#450 = VECTOR ( 'NONE', #618, 100.0000000000000000 ) ;
#451 = AXIS2_PLACEMENT_3D ( 'NONE', #138, #1067, #262 ) ;
#452 = DIRECTION ( 'NONE',  ( 0.000000000000000000, 1.000000000000000000, 0.000000000000000000 ) ) ;
#453 = VECTOR ( 'NONE', #1432, 100.0000000000000000 ) ;
#454 = LINE ( 'NONE', #460, #1254 ) ;
#455 = VERTEX_POINT ( 'NONE', #260 ) ;
#456 = EDGE_CURVE ( 'NONE', #1405, #385, #352, .T. ) ;
#457 = CARTESIAN_POINT ( 'NONE',  ( 0.000000000000000000, 19.67618312822206406, 0.8000000000000000444 ) ) ;
#458 = ORIENTED_EDGE ( 'NONE', *, *, #184, .T. ) ;
#459 = CARTESIAN_POINT ( 'NONE',  ( 6.099999999999998757, -9.999999999999992895, 4.000000000000000000 ) ) ;
#460 = CARTESIAN_POINT ( 'NONE',  ( -6.100000000000002309, -9.999999999999992895, 4.000000000000000000 ) ) ;
#461 = ORIENTED_EDGE ( 'NONE', *, *, #1374, .F. ) ;
#462 = EDGE_CURVE ( 'NONE', #402, #1117, #680, .T. ) ;
#463 = ORIENTED_EDGE ( 'NONE', *, *, #795, .T. ) ;
#464 = ADVANCED_FACE ( 'NONE', ( #528 ), #994, .T. ) ;
#465 = DIRECTION ( 'NONE',  ( 0.000000000000000000, 1.000000000000000000, -0.000000000000000000 ) ) ;
#466 = DIRECTION ( 'NONE',  ( -0.000000000000000000, -0.000000000000000000, -1.000000000000000000 ) ) ;
#467 = ORIENTED_EDGE ( 'NONE', *, *, #1374, .T. ) ;
#468 = ORIENTED_EDGE ( 'NONE', *, *, #1064, .T. ) ;
#469 = CARTESIAN_POINT ( 'NONE',  ( 6.099999999999998757, -9.999999999999992895, 4.000000000000000000 ) ) ;
#470 = EDGE_CURVE ( 'NONE', #1372, #1317, #147, .T. ) ;
#471 = VECTOR ( 'NONE', #777, 100.0000000000000000 ) ;
#472 = DIRECTION ( 'NONE',  ( -0.000000000000000000, -0.000000000000000000, -1.000000000000000000 ) ) ;
#473 = AXIS2_PLACEMENT_3D ( 'NONE', #1467, #442, #105 ) ;
#474 = DIRECTION ( 'NONE',  ( 0.000000000000000000, 1.000000000000000000, 0.000000000000000000 ) ) ;
#475 = ORIENTED_EDGE ( 'NONE', *, *, #371, .T. ) ;
#476 = EDGE_LOOP ( 'NONE', ( #91, #1508, #1418, #1472 ) ) ;
#477 = AXIS2_PLACEMENT_3D ( 'NONE', #758, #882, #642 ) ;
#478 = DIRECTION ( 'NONE',  ( 0.000000000000000000, 0.000000000000000000, -1.000000000000000000 ) ) ;
#479 = ORIENTED_EDGE ( 'NONE', *, *, #297, .T. ) ;
#480 = EDGE_CURVE ( 'NONE', #849, #277, #1412, .T. ) ;
#481 = CARTESIAN_POINT ( 'NONE',  ( 0.000000000000000000, 0.000000000000000000, 4.000000000000000000 ) ) ;
#482 = EDGE_CURVE ( 'NONE', #504, #73, #608, .T. ) ;
#483 = VERTEX_POINT ( 'NONE', #1294 ) ;
#484 = CARTESIAN_POINT ( 'NONE',  ( 3.999999999999999556, 4.000000000000008882, 0.8000000000000000444 ) ) ;
#485 = ORIENTED_EDGE ( 'NONE', *, *, #1381, .F. ) ;
#486 = DIRECTION ( 'NONE',  ( 0.7071067811865475727, 0.7071067811865475727, 0.000000000000000000 ) ) ;
#487 = LINE ( 'NONE', #264, #282 ) ;
#488 = ORIENTED_EDGE ( 'NONE', *, *, #1415, .T. ) ;
#489 = CARTESIAN_POINT ( 'NONE',  ( 6.999999999999998224, -9.399999999999991473, 4.000000000000000000 ) ) ;
#490 = VERTEX_POINT ( 'NONE', #398 ) ;
#491 = FACE_BOUND ( 'NONE', #868, .T. ) ;
#492 = DIRECTION ( 'NONE',  ( 0.000000000000000000, 0.000000000000000000, 1.000000000000000000 ) ) ;
#493 = PLANE ( 'NONE',  #833 ) ;
#494 = EDGE_CURVE ( 'NONE', #928, #690, #962, .T. ) ;
#495 = PRODUCT ( 'Chassis main', 'Chassis main', '', ( #204 ) ) ;
#496 = FACE_OUTER_BOUND ( 'NONE', #521, .T. ) ;
#497 = ORIENTED_EDGE ( 'NONE', *, *, #1213, .F. ) ;
#498 = CARTESIAN_POINT ( 'NONE',  ( 1.484879073461748966, 20.47618312822206477, -0.4479472343076053575 ) ) ;
#499 = ORIENTED_EDGE ( 'NONE', *, *, #761, .T. ) ;
#500 = VECTOR ( 'NONE', #991, 100.0000000000000000 ) ;
#501 = CARTESIAN_POINT ( 'NONE',  ( -7.000000000000001776, -9.999999999999992895, 4.000000000000000000 ) ) ;
#502 = VECTOR ( 'NONE', #194, 100.0000000000000000 ) ;
#503 = EDGE_CURVE ( 'NONE', #1444, #609, #852, .T. ) ;
#504 = VERTEX_POINT ( 'NONE', #1443 ) ;
#505 = CARTESIAN_POINT ( 'NONE',  ( -4.500000000000001776, -4.999999999999992006, 0.8000000000000000444 ) ) ;
#506 = CARTESIAN_POINT ( 'NONE',  ( -6.100000000000002309, -9.999999999999992895, 4.000000000000000000 ) ) ;
#507 = VERTEX_POINT ( 'NONE', #1429 ) ;
#508 = CARTESIAN_POINT ( 'NONE',  ( 6.999999999999999112, -2.399999999999991029, 0.8000000000000000444 ) ) ;
#509 = ORIENTED_EDGE ( 'NONE', *, *, #209, .F. ) ;
#510 = CARTESIAN_POINT ( 'NONE',  ( -7.000000000000001776, 2.000000000000008882, 0.000000000000000000 ) ) ;
#511 = ORIENTED_EDGE ( 'NONE', *, *, #1023, .F. ) ;
#512 = LINE ( 'NONE', #372, #1059 ) ;
#513 = ORIENTED_EDGE ( 'NONE', *, *, #1473, .T. ) ;
#514 = CARTESIAN_POINT ( 'NONE',  ( -7.000000000000001776, -9.399999999999991473, 4.000000000000000000 ) ) ;
#515 = CARTESIAN_POINT ( 'NONE',  ( -6.100000000000002309, -2.399999999999991029, 0.8000000000000000444 ) ) ;
#516 = CARTESIAN_POINT ( 'NONE',  ( 6.999999999999998224, -1.799999999999991163, 0.8000000000000000444 ) ) ;
#517 = LINE ( 'NONE', #424, #1205 ) ;
#518 = EDGE_LOOP ( 'NONE', ( #382, #915, #24, #1083, #560 ) ) ;
#519 = DIRECTION ( 'NONE',  ( -1.000000000000000000, 0.000000000000000000, 0.000000000000000000 ) ) ;
#520 = EDGE_CURVE ( 'NONE', #455, #928, #23, .T. ) ;
#521 = EDGE_LOOP ( 'NONE', ( #1390, #1013, #255, #479 ) ) ;
#522 = DIRECTION ( 'NONE',  ( 0.000000000000000000, 0.000000000000000000, -1.000000000000000000 ) ) ;
#523 = CARTESIAN_POINT ( 'NONE',  ( 3.484879073461748966, 20.47618312822206477, -0.6979472343076056351 ) ) ;
#524 = DIRECTION ( 'NONE',  ( 0.000000000000000000, -1.000000000000000000, 0.000000000000000000 ) ) ;
#525 = CARTESIAN_POINT ( 'NONE',  ( -4.000000000000001776, -9.499999999999991118, 0.000000000000000000 ) ) ;
#526 = ORIENTED_EDGE ( 'NONE', *, *, #543, .F. ) ;
#527 = VECTOR ( 'NONE', #465, 100.0000000000000000 ) ;
#528 = FACE_OUTER_BOUND ( 'NONE', #296, .T. ) ;
#529 = VECTOR ( 'NONE', #1199, 100.0000000000000000 ) ;
#530 = VECTOR ( 'NONE', #1149, 100.0000000000000000 ) ;
#531 = ADVANCED_FACE ( 'NONE', ( #1314 ), #861, .T. ) ;
#532 = ORIENTED_EDGE ( 'NONE', *, *, #145, .F. ) ;
#533 = CARTESIAN_POINT ( 'NONE',  ( 3.999999999999998224, -9.499999999999991118, -0.8000000000000003775 ) ) ;
#534 = CARTESIAN_POINT ( 'NONE',  ( 1.484879073461748966, 18.87618312822206335, -0.6979472343076054131 ) ) ;
#535 = CARTESIAN_POINT ( 'NONE',  ( 4.999999999999999112, 4.000000000000008882, 0.8000000000000000444 ) ) ;
#536 = ORIENTED_EDGE ( 'NONE', *, *, #932, .F. ) ;
#537 = CALENDAR_DATE ( 2026, 23, 8 ) ;
#538 = LINE ( 'NONE', #1002, #281 ) ;
#539 = DIRECTION ( 'NONE',  ( 1.000000000000000000, -0.000000000000000000, 0.000000000000000000 ) ) ;
#540 = DIRECTION ( 'NONE',  ( 0.000000000000000000, 1.000000000000000000, -0.000000000000000000 ) ) ;
#541 = LINE ( 'NONE', #1246, #908 ) ;
#542 = VERTEX_POINT ( 'NONE', #484 ) ;
#543 = EDGE_CURVE ( 'NONE', #47, #1444, #249, .T. ) ;
#544 = LINE ( 'NONE', #1135, #80 ) ;
#545 = FACE_OUTER_BOUND ( 'NONE', #741, .T. ) ;
#546 = DIRECTION ( 'NONE',  ( 0.000000000000000000, 0.000000000000000000, 1.000000000000000000 ) ) ;
#547 = ORIENTED_EDGE ( 'NONE', *, *, #913, .T. ) ;
#548 = EDGE_CURVE ( 'NONE', #928, #636, #604, .T. ) ;
#549 = AXIS2_PLACEMENT_3D ( 'NONE', #1264, #799, #233 ) ;
#550 = VECTOR ( 'NONE', #524, 100.0000000000000000 ) ;
#551 = VECTOR ( 'NONE', #1438, 100.0000000000000000 ) ;
#552 = LINE ( 'NONE', #895, #593 ) ;
#553 = DIRECTION ( 'NONE',  ( -1.000000000000000000, 0.000000000000000000, 0.000000000000000000 ) ) ;
#554 = ORIENTED_EDGE ( 'NONE', *, *, #746, .F. ) ;
#555 = CARTESIAN_POINT ( 'NONE',  ( 6.999999999999999112, -9.399999999999991473, 0.8000000000000000444 ) ) ;
#556 = VERTEX_POINT ( 'NONE', #1072 ) ;
#557 = ADVANCED_FACE ( 'NONE', ( #1308 ), #734, .F. ) ;
#558 = DIRECTION ( 'NONE',  ( 0.7071067811865475727, 0.7071067811865475727, 0.000000000000000000 ) ) ;
#559 = DIRECTION ( 'NONE',  ( -1.156482317317871725E-15, -1.000000000000000000, 0.000000000000000000 ) ) ;
#560 = ORIENTED_EDGE ( 'NONE', *, *, #33, .F. ) ;
#561 = ORIENTED_EDGE ( 'NONE', *, *, #857, .F. ) ;
#562 = EDGE_CURVE ( 'NONE', #700, #907, #1182, .T. ) ;
#563 = FACE_BOUND ( 'NONE', #733, .T. ) ;
#564 = CARTESIAN_POINT ( 'NONE',  ( -1.402181864324455240, 19.67618312822206406, -0.4479472343076055241 ) ) ;
#565 = EDGE_LOOP ( 'NONE', ( #1068, #993, #1105, #1267, #978, #236, #781, #301 ) ) ;
#566 = LINE ( 'NONE', #346, #930 ) ;
#567 = EDGE_LOOP ( 'NONE', ( #413, #660, #1400, #921 ) ) ;
#568 = VECTOR ( 'NONE', #950, 100.0000000000000000 ) ;
#569 = VECTOR ( 'NONE', #941, 100.0000000000000000 ) ;
#570 = CARTESIAN_POINT ( 'NONE',  ( 6.999999999999999112, -9.399999999999991473, 0.8000000000000000444 ) ) ;
#571 = APPROVAL_ROLE ( '' ) ;
#572 = CC_DESIGN_DATE_AND_TIME_ASSIGNMENT ( #1369, #218, ( #1270 ) ) ;
#573 = DIRECTION ( 'NONE',  ( 1.000000000000000000, 0.000000000000000000, 0.000000000000000000 ) ) ;
#574 = ORIENTED_EDGE ( 'NONE', *, *, #822, .T. ) ;
#575 = DIRECTION ( 'NONE',  ( 1.000000000000000000, 0.000000000000000000, 0.000000000000000000 ) ) ;
#576 = ADVANCED_FACE ( 'NONE', ( #130, #491, #597 ), #1419, .F. ) ;
#577 = ORIENTED_EDGE ( 'NONE', *, *, #920, .T. ) ;
#578 = ORIENTED_EDGE ( 'NONE', *, *, #297, .F. ) ;
#579 = CARTESIAN_POINT ( 'NONE',  ( 6.999999999999999112, 0.000000000000000000, 0.8000000000000000444 ) ) ;
#580 = CARTESIAN_POINT ( 'NONE',  ( 3.484879073461748966, 20.47618312822206477, -0.4479472343076056351 ) ) ;
#581 = CARTESIAN_POINT ( 'NONE',  ( -7.000000000000001776, -9.399999999999991473, 4.000000000000000000 ) ) ;
#582 = VERTEX_POINT ( 'NONE', #31 ) ;
#583 = EDGE_CURVE ( 'NONE', #2, #402, #1082, .T. ) ;
#584 = VERTEX_POINT ( 'NONE', #508 ) ;
#585 = CARTESIAN_POINT ( 'NONE',  ( -4.000000000000000888, 4.000000000000008882, 0.8000000000000000444 ) ) ;
#586 = DIRECTION ( 'NONE',  ( 0.000000000000000000, -1.000000000000000000, 0.000000000000000000 ) ) ;
#587 = EDGE_LOOP ( 'NONE', ( #988, #1194, #449, #248 ) ) ;
#588 = ORIENTED_EDGE ( 'NONE', *, *, #1213, .T. ) ;
#589 = LINE ( 'NONE', #817, #716 ) ;
#590 = ORIENTED_EDGE ( 'NONE', *, *, #1168, .T. ) ;
#591 = EDGE_CURVE ( 'NONE', #1185, #1282, #1060, .T. ) ;
#592 = ORIENTED_EDGE ( 'NONE', *, *, #257, .T. ) ;
#593 = VECTOR ( 'NONE', #1363, 100.0000000000000000 ) ;
#594 = CARTESIAN_POINT ( 'NONE',  ( -4.000000000000000888, 4.000000000000008882, 0.3499999999999999778 ) ) ;
#595 = VECTOR ( 'NONE', #979, 100.0000000000000000 ) ;
#596 = ORIENTED_EDGE ( 'NONE', *, *, #1473, .F. ) ;
#597 = FACE_OUTER_BOUND ( 'NONE', #1335, .T. ) ;
#598 = ORIENTED_EDGE ( 'NONE', *, *, #786, .F. ) ;
#599 = VECTOR ( 'NONE', #354, 100.0000000000000000 ) ;
#600 = CARTESIAN_POINT ( 'NONE',  ( -7.000000000000001776, -9.399999999999991473, 0.8000000000000000444 ) ) ;
#601 = APPROVAL_PERSON_ORGANIZATION ( #1265, #841, #672 ) ;
#602 = EDGE_CURVE ( 'NONE', #338, #325, #1209, .T. ) ;
#603 = CARTESIAN_POINT ( 'NONE',  ( -6.100000000000002309, -9.399999999999991473, 4.000000000000000000 ) ) ;
#604 = LINE ( 'NONE', #718, #1014 ) ;
#605 = DIRECTION ( 'NONE',  ( -1.000000000000000000, 0.000000000000000000, 0.000000000000000000 ) ) ;
#606 = CARTESIAN_POINT ( 'NONE',  ( -1.402181864324455240, 19.67618312822206406, 0.8000000000000000444 ) ) ;
#607 = CC_DESIGN_DATE_AND_TIME_ASSIGNMENT ( #1089, #1096, ( #1211 ) ) ;
#608 = LINE ( 'NONE', #514, #595 ) ;
#609 = VERTEX_POINT ( 'NONE', #676 ) ;
#610 = CARTESIAN_POINT ( 'NONE',  ( 1.484879073461748966, 19.67618312822206406, -0.4479472343076053575 ) ) ;
#611 = VERTEX_POINT ( 'NONE', #333 ) ;
#612 = CARTESIAN_POINT ( 'NONE',  ( -6.100000000000002309, -9.399999999999991473, 0.8000000000000000444 ) ) ;
#613 = ADVANCED_BREP_SHAPE_REPRESENTATION ( 'Chassis main', ( #1167, #1256 ), #256 ) ;
#614 = DIRECTION ( 'NONE',  ( 0.000000000000000000, 0.000000000000000000, -1.000000000000000000 ) ) ;
#615 = DIRECTION ( 'NONE',  ( 0.000000000000000000, -0.000000000000000000, 1.000000000000000000 ) ) ;
#616 = VECTOR ( 'NONE', #351, 100.0000000000000000 ) ;
#617 = ORIENTED_EDGE ( 'NONE', *, *, #480, .F. ) ;
#618 = DIRECTION ( 'NONE',  ( -0.7071067811865475727, 0.7071067811865475727, 0.000000000000000000 ) ) ;
#619 = CARTESIAN_POINT ( 'NONE',  ( 6.999999999999999112, -9.999999999999992895, 0.000000000000000000 ) ) ;
#620 = VECTOR ( 'NONE', #1166, 100.0000000000000000 ) ;
#621 = LINE ( 'NONE', #1316, #887 ) ;
#622 = VECTOR ( 'NONE', #728, 100.0000000000000000 ) ;
#623 = ORIENTED_EDGE ( 'NONE', *, *, #1023, .T. ) ;
#624 = EDGE_CURVE ( 'NONE', #196, #490, #1133, .T. ) ;
#625 = DIRECTION ( 'NONE',  ( -1.000000000000000000, 0.000000000000000000, 0.000000000000000000 ) ) ;
#626 = PERSON_AND_ORGANIZATION_ROLE ( 'design_supplier' ) ;
#627 = ORIENTED_EDGE ( 'NONE', *, *, #920, .F. ) ;
#628 = CARTESIAN_POINT ( 'NONE',  ( -4.500000000000001776, -4.999999999999992006, -0.8000000000000003775 ) ) ;
#629 = CARTESIAN_POINT ( 'NONE',  ( 6.999999999999999112, 0.000000000000000000, 0.8000000000000000444 ) ) ;
#630 = CARTESIAN_POINT ( 'NONE',  ( -7.000000000000001776, -2.399999999999991029, 0.8000000000000000444 ) ) ;
#631 = ADVANCED_FACE ( 'NONE', ( #1486 ), #312, .T. ) ;
#632 = ORIENTED_EDGE ( 'NONE', *, *, #1434, .T. ) ;
#633 = DIRECTION ( 'NONE',  ( 1.000000000000000000, -0.000000000000000000, 0.000000000000000000 ) ) ;
#634 = DIRECTION ( 'NONE',  ( 0.000000000000000000, 1.000000000000000000, 0.000000000000000000 ) ) ;
#635 = CARTESIAN_POINT ( 'NONE',  ( 3.999999999999999556, 16.09999999999998366, 0.8000000000000000444 ) ) ;
#636 = VERTEX_POINT ( 'NONE', #74 ) ;
#637 = ADVANCED_FACE ( 'NONE', ( #96 ), #1376, .F. ) ;
#638 = EDGE_CURVE ( 'NONE', #15, #1122, #654, .T. ) ;
#639 = DATE_AND_TIME ( #537, #12 ) ;
#640 = EDGE_LOOP ( 'NONE', ( #855, #1097, #1287, #146 ) ) ;
#641 = PLANE ( 'NONE',  #957 ) ;
#642 = DIRECTION ( 'NONE',  ( -0.7071067811865475727, -0.7071067811865475727, 0.000000000000000000 ) ) ;
#643 = FACE_OUTER_BOUND ( 'NONE', #682, .T. ) ;
#644 = LINE ( 'NONE', #1110, #1080 ) ;
#645 = ORIENTED_EDGE ( 'NONE', *, *, #879, .T. ) ;
#646 = VECTOR ( 'NONE', #1201, 100.0000000000000000 ) ;
#647 = VECTOR ( 'NONE', #1137, 100.0000000000000000 ) ;
#648 = AXIS2_PLACEMENT_3D ( 'NONE', #1394, #94, #1496 ) ;
#649 = ADVANCED_FACE ( 'NONE', ( #428 ), #683, .T. ) ;
#650 = DIRECTION ( 'NONE',  ( -1.000000000000000000, 0.000000000000000000, -0.000000000000000000 ) ) ;
#651 = CARTESIAN_POINT ( 'NONE',  ( 3.999999999999999556, 4.000000000000008882, 0.3499999999999999778 ) ) ;
#652 = CARTESIAN_POINT ( 'NONE',  ( -4.000000000000001776, -9.499999999999991118, 0.8000000000000000444 ) ) ;
#653 = VERTEX_POINT ( 'NONE', #880 ) ;
#654 = LINE ( 'NONE', #1474, #694 ) ;
#655 = PERSON_AND_ORGANIZATION ( #1237, #1016 ) ;
#656 = LINE ( 'NONE', #881, #106 ) ;
#657 = FACE_OUTER_BOUND ( 'NONE', #640, .T. ) ;
#658 = EDGE_CURVE ( 'NONE', #2, #269, #780, .T. ) ;
#659 = PLANE ( 'NONE',  #1498 ) ;
#660 = ORIENTED_EDGE ( 'NONE', *, *, #482, .F. ) ;
#661 = DIRECTION ( 'NONE',  ( -0.000000000000000000, -1.000000000000000000, -0.000000000000000000 ) ) ;
#662 = CARTESIAN_POINT ( 'NONE',  ( -6.100000000000002309, -1.799999999999991163, 0.8000000000000000444 ) ) ;
#663 = DIRECTION ( 'NONE',  ( -1.000000000000000000, -0.000000000000000000, -0.000000000000000000 ) ) ;
#664 = ORIENTED_EDGE ( 'NONE', *, *, #167, .T. ) ;
#665 = VECTOR ( 'NONE', #1510, 100.0000000000000000 ) ;
#666 = EDGE_CURVE ( 'NONE', #334, #17, #303, .T. ) ;
#667 = AXIS2_PLACEMENT_3D ( 'NONE', #750, #826, #386 ) ;
#668 = ORIENTED_EDGE ( 'NONE', *, *, #313, .F. ) ;
#669 = VECTOR ( 'NONE', #344, 100.0000000000000000 ) ;
#670 = CC_DESIGN_APPROVAL ( #771, ( #1454 ) ) ;
#671 = DIRECTION ( 'NONE',  ( 1.000000000000000000, 0.000000000000000000, -1.301042606982605321E-16 ) ) ;
#672 = APPROVAL_ROLE ( '' ) ;
#673 = CARTESIAN_POINT ( 'NONE',  ( 6.999999999999999112, -9.399999999999991473, 4.000000000000000000 ) ) ;
#674 = ORIENTED_EDGE ( 'NONE', *, *, #238, .F. ) ;
#675 = DIRECTION ( 'NONE',  ( 0.000000000000000000, 1.000000000000000000, 0.000000000000000000 ) ) ;
#676 = CARTESIAN_POINT ( 'NONE',  ( -4.000000000000001776, -4.999999999999992006, 0.8000000000000000444 ) ) ;
#677 = EDGE_CURVE ( 'NONE', #1042, #1247, #1124, .T. ) ;
#678 = PLANE ( 'NONE',  #1275 ) ;
#679 =( NAMED_UNIT ( * ) PLANE_ANGLE_UNIT ( ) SI_UNIT ( $, .RADIAN. ) );
#680 = LINE ( 'NONE', #580, #1373 ) ;
#681 = CARTESIAN_POINT ( 'NONE',  ( 6.999999999999999112, -9.999999999999992895, 0.8000000000000000444 ) ) ;
#682 = EDGE_LOOP ( 'NONE', ( #794, #126, #158, #1158 ) ) ;
#683 = PLANE ( 'NONE',  #473 ) ;
#684 = ORIENTED_EDGE ( 'NONE', *, *, #430, .F. ) ;
#685 = EDGE_CURVE ( 'NONE', #103, #1313, #88, .T. ) ;
#686 = EDGE_CURVE ( 'NONE', #840, #1362, #1388, .T. ) ;
#687 = LINE ( 'NONE', #342, #905 ) ;
#688 = PERSON_AND_ORGANIZATION ( #1237, #1016 ) ;
#689 = CARTESIAN_POINT ( 'NONE',  ( 1.484879073461748966, 19.67618312822206406, 0.3499999999999999778 ) ) ;
#690 = VERTEX_POINT ( 'NONE', #104 ) ;
#691 = DIRECTION ( 'NONE',  ( 1.000000000000000000, 0.000000000000000000, 0.000000000000000000 ) ) ;
#692 = VECTOR ( 'NONE', #68, 100.0000000000000000 ) ;
#693 = ORIENTED_EDGE ( 'NONE', *, *, #291, .F. ) ;
#694 = VECTOR ( 'NONE', #214, 100.0000000000000000 ) ;
#695 = VECTOR ( 'NONE', #829, 100.0000000000000000 ) ;
#696 = CARTESIAN_POINT ( 'NONE',  ( 4.499999999999999112, -4.999999999999992006, 0.8000000000000000444 ) ) ;
#697 = CARTESIAN_POINT ( 'NONE',  ( -4.000000000000001776, -9.499999999999991118, 0.8000000000000000444 ) ) ;
#698 = EDGE_CURVE ( 'NONE', #995, #711, #566, .T. ) ;
#699 = EDGE_LOOP ( 'NONE', ( #588, #724, #215, #1086 ) ) ;
#700 = VERTEX_POINT ( 'NONE', #1159 ) ;
#701 = APPLICATION_CONTEXT ( 'configuration controlled 3d designs of mechanical parts and assemblies' ) ;
#702 = CARTESIAN_POINT ( 'NONE',  ( -0.1000000000000007827, 16.00000000000000711, 0.8000000000000000444 ) ) ;
#703 = DIRECTION ( 'NONE',  ( -0.000000000000000000, -1.000000000000000000, -0.000000000000000000 ) ) ;
#704 = CARTESIAN_POINT ( 'NONE',  ( 1.484879073461748966, 16.10000000000000853, 0.3499999999999999778 ) ) ;
#705 = EDGE_LOOP ( 'NONE', ( #318, #1460, #954, #174 ) ) ;
#706 = VERTEX_POINT ( 'NONE', #1033 ) ;
#707 = CC_DESIGN_PERSON_AND_ORGANIZATION_ASSIGNMENT ( #62, #626, ( #1454 ) ) ;
#708 = LINE ( 'NONE', #712, #1152 ) ;
#709 = CARTESIAN_POINT ( 'NONE',  ( 6.099999999999998757, -9.999999999999992895, 4.000000000000000000 ) ) ;
#710 = ORIENTED_EDGE ( 'NONE', *, *, #1168, .F. ) ;
#711 = VERTEX_POINT ( 'NONE', #1499 ) ;
#712 = CARTESIAN_POINT ( 'NONE',  ( 0.000000000000000000, -9.999999999999992895, 0.8000000000000000444 ) ) ;
#713 = EDGE_CURVE ( 'NONE', #653, #103, #1130, .T. ) ;
#714 = AXIS2_PLACEMENT_3D ( 'NONE', #152, #614, #19 ) ;
#715 = LINE ( 'NONE', #1196, #326 ) ;
#716 = VECTOR ( 'NONE', #1069, 100.0000000000000000 ) ;
#717 = ORIENTED_EDGE ( 'NONE', *, *, #986, .F. ) ;
#718 = CARTESIAN_POINT ( 'NONE',  ( -7.000000000000001776, -9.999999999999992895, 0.8000000000000000444 ) ) ;
#719 = DIRECTION ( 'NONE',  ( -0.000000000000000000, -0.000000000000000000, -1.000000000000000000 ) ) ;
#720 = DIRECTION ( 'NONE',  ( 0.000000000000000000, 0.000000000000000000, 1.000000000000000000 ) ) ;
#721 = EDGE_LOOP ( 'NONE', ( #359, #1324, #1439, #1367, #823, #1161, #1189, #397, #684, #1146, #360, #1128, #598, #87, #170, #11, #590, #766, #1481, #789, #1428, #1164, #726, #1437 ) ) ;
#722 = ADVANCED_FACE ( 'NONE', ( #912 ), #1380, .F. ) ;
#723 = CARTESIAN_POINT ( 'NONE',  ( 6.099999999999998757, -9.999999999999992895, 0.8000000000000000444 ) ) ;
#724 = ORIENTED_EDGE ( 'NONE', *, *, #1507, .T. ) ;
#725 = CARTESIAN_POINT ( 'NONE',  ( -7.000000000000001776, -9.999999999999992895, 4.500000000000000000 ) ) ;
#726 = ORIENTED_EDGE ( 'NONE', *, *, #932, .T. ) ;
#727 = CARTESIAN_POINT ( 'NONE',  ( -6.100000000000002309, -2.399999999999991029, 4.000000000000000000 ) ) ;
#728 = DIRECTION ( 'NONE',  ( 0.000000000000000000, 1.000000000000000000, -0.000000000000000000 ) ) ;
#729 = FACE_OUTER_BOUND ( 'NONE', #67, .T. ) ;
#730 = EDGE_CURVE ( 'NONE', #153, #1185, #1268, .T. ) ;
#731 = PLANE ( 'NONE',  #985 ) ;
#732 = ADVANCED_FACE ( 'NONE', ( #808 ), #232, .T. ) ;
#733 = EDGE_LOOP ( 'NONE', ( #845, #368, #435, #578 ) ) ;
#734 = PLANE ( 'NONE',  #378 ) ;
#735 = CARTESIAN_POINT ( 'NONE',  ( 3.999999999999999556, -4.999999999999992006, 0.000000000000000000 ) ) ;
#736 = FACE_BOUND ( 'NONE', #177, .T. ) ;
#737 = ORIENTED_EDGE ( 'NONE', *, *, #1177, .T. ) ;
#738 = DIRECTION ( 'NONE',  ( -1.000000000000000000, 0.000000000000000000, -0.000000000000000000 ) ) ;
#739 = DIRECTION ( 'NONE',  ( 0.000000000000000000, 1.000000000000000000, 0.000000000000000000 ) ) ;
#740 = CLOSED_SHELL ( 'NONE', ( #631, #1174, #732, #952, #142, #46, #1147, #259, #21, #1482, #850, #332, #576, #437, #1318, #464, #722, #803, #90, #389, #274, #1197, #531, #420, #1030, #136, #904, #422, #1271, #557, #61, #649, #1494, #1488, #1365, #1007, #1466, #637, #1451, #1359, #411, #79, #1058 ) ) ;
#741 = EDGE_LOOP ( 'NONE', ( #1111, #1402, #949, #468 ) ) ;
#742 = DIRECTION ( 'NONE',  ( 0.000000000000000000, -1.000000000000000000, 0.000000000000000000 ) ) ;
#743 = LINE ( 'NONE', #287, #58 ) ;
#744 = VECTOR ( 'NONE', #227, 100.0000000000000000 ) ;
#745 = DIRECTION ( 'NONE',  ( 1.000000000000000000, -3.083952846180990774E-16, 0.000000000000000000 ) ) ;
#746 = EDGE_CURVE ( 'NONE', #1185, #1252, #133, .T. ) ;
#747 = VECTOR ( 'NONE', #72, 100.0000000000000000 ) ;
#748 = ORIENTED_EDGE ( 'NONE', *, *, #430, .T. ) ;
#749 = ORIENTED_EDGE ( 'NONE', *, *, #482, .T. ) ;
#750 = CARTESIAN_POINT ( 'NONE',  ( -7.000000000000001776, -1.799999999999991163, 4.000000000000000000 ) ) ;
#751 = ORIENTED_EDGE ( 'NONE', *, *, #52, .F. ) ;
#752 = CARTESIAN_POINT ( 'NONE',  ( -6.100000000000002309, -1.799999999999991163, 4.000000000000000000 ) ) ;
#753 = CARTESIAN_POINT ( 'NONE',  ( -6.100000000000002309, -1.799999999999991163, 4.000000000000000000 ) ) ;
#754 = EDGE_CURVE ( 'NONE', #402, #341, #828, .T. ) ;
#755 = ORIENTED_EDGE ( 'NONE', *, *, #889, .T. ) ;
#756 = ORIENTED_EDGE ( 'NONE', *, *, #1458, .T. ) ;
#757 = CARTESIAN_POINT ( 'NONE',  ( -1.402181864324455240, 19.67618312822206406, 0.8000000000000000444 ) ) ;
#758 = CARTESIAN_POINT ( 'NONE',  ( -4.500000000000004441, 4.500000000000004441, 0.8000000000000000444 ) ) ;
#759 = DIRECTION ( 'NONE',  ( 5.782411586589357392E-17, -1.000000000000000000, 0.000000000000000000 ) ) ;
#760 = CARTESIAN_POINT ( 'NONE',  ( -6.100000000000002309, -9.999999999999992895, 0.8000000000000000444 ) ) ;
#761 = EDGE_CURVE ( 'NONE', #385, #611, #244, .T. ) ;
#762 = CARTESIAN_POINT ( 'NONE',  ( -7.000000000000001776, -2.399999999999996803, 4.000000000000000000 ) ) ;
#763 = CARTESIAN_POINT ( 'NONE',  ( 6.999999999999998224, -9.999999999999992895, 4.000000000000000000 ) ) ;
#764 = VECTOR ( 'NONE', #671, 100.0000000000000000 ) ;
#765 = FACE_BOUND ( 'NONE', #331, .T. ) ;
#766 = ORIENTED_EDGE ( 'NONE', *, *, #321, .T. ) ;
#767 = VECTOR ( 'NONE', #575, 100.0000000000000000 ) ;
#768 = CIRCLE ( 'NONE', #84, 3.900000000000000799 ) ;
#769 = DIRECTION ( 'NONE',  ( -1.000000000000000000, 0.000000000000000000, 0.000000000000000000 ) ) ;
#770 = CC_DESIGN_SECURITY_CLASSIFICATION ( #1211, ( #1454 ) ) ;
#771 = APPROVAL ( #108, 'UNSPECIFIED' ) ;
#772 = LINE ( 'NONE', #1018, #7 ) ;
#773 = CARTESIAN_POINT ( 'NONE',  ( 3.999999999999999556, 0.000000000000000000, 0.8000000000000000444 ) ) ;
#774 = DIRECTION ( 'NONE',  ( 1.000000000000000000, 0.000000000000000000, 0.000000000000000000 ) ) ;
#775 = ORIENTED_EDGE ( 'NONE', *, *, #1391, .F. ) ;
#776 = CARTESIAN_POINT ( 'NONE',  ( -3.402181864324455240, 20.47618312822206477, -0.4479472343076053575 ) ) ;
#777 = DIRECTION ( 'NONE',  ( -1.000000000000000000, 0.000000000000000000, 0.000000000000000000 ) ) ;
#778 = CARTESIAN_POINT ( 'NONE',  ( 0.000000000000000000, 0.000000000000000000, 0.000000000000000000 ) ) ;
#779 = ORIENTED_EDGE ( 'NONE', *, *, #98, .F. ) ;
#780 = LINE ( 'NONE', #776, #1229 ) ;
#781 = ORIENTED_EDGE ( 'NONE', *, *, #1043, .F. ) ;
#782 = LINE ( 'NONE', #709, #1325 ) ;
#783 = DIRECTION ( 'NONE',  ( 1.000000000000000000, 0.000000000000000000, 0.000000000000000000 ) ) ;
#784 = DIRECTION ( 'NONE',  ( 0.000000000000000000, 0.000000000000000000, -1.000000000000000000 ) ) ;
#785 = VERTEX_POINT ( 'NONE', #1289 ) ;
#786 = EDGE_CURVE ( 'NONE', #582, #1143, #708, .T. ) ;
#787 = VECTOR ( 'NONE', #100, 100.0000000000000000 ) ;
#788 = VECTOR ( 'NONE', #691, 100.0000000000000000 ) ;
#789 = ORIENTED_EDGE ( 'NONE', *, *, #1066, .T. ) ;
#790 = VECTOR ( 'NONE', #1469, 100.0000000000000000 ) ;
#791 = CARTESIAN_POINT ( 'NONE',  ( -1.402181864324455240, 19.67618312822206406, 0.3499999999999999778 ) ) ;
#792 = APPROVAL_DATE_TIME ( #93, #841 ) ;
#793 = FACE_OUTER_BOUND ( 'NONE', #1216, .T. ) ;
#794 = ORIENTED_EDGE ( 'NONE', *, *, #119, .F. ) ;
#795 = EDGE_CURVE ( 'NONE', #1053, #507, #621, .T. ) ;
#796 = DIRECTION ( 'NONE',  ( 1.000000000000000000, 0.000000000000000000, 0.000000000000000000 ) ) ;
#797 = EDGE_CURVE ( 'NONE', #338, #415, #1398, .T. ) ;
#798 = ORIENTED_EDGE ( 'NONE', *, *, #52, .T. ) ;
#799 = DIRECTION ( 'NONE',  ( 0.000000000000000000, -1.000000000000000000, 0.000000000000000000 ) ) ;
#800 = FACE_OUTER_BOUND ( 'NONE', #1139, .T. ) ;
#801 = ORIENTED_EDGE ( 'NONE', *, *, #698, .T. ) ;
#802 = DIRECTION ( 'NONE',  ( 0.000000000000000000, -0.000000000000000000, -1.000000000000000000 ) ) ;
#803 = ADVANCED_FACE ( 'NONE', ( #1184 ), #272, .T. ) ;
#804 = DIRECTION ( 'NONE',  ( -0.000000000000000000, -0.000000000000000000, 1.000000000000000000 ) ) ;
#805 = APPROVAL_DATE_TIME ( #343, #771 ) ;
#806 = PLANE ( 'NONE',  #835 ) ;
#807 = ORIENTED_EDGE ( 'NONE', *, *, #1228, .F. ) ;
#808 = FACE_OUTER_BOUND ( 'NONE', #1208, .T. ) ;
#809 = ORIENTED_EDGE ( 'NONE', *, *, #175, .F. ) ;
#810 = VECTOR ( 'NONE', #1088, 100.0000000000000000 ) ;
#811 = AXIS2_PLACEMENT_3D ( 'NONE', #1084, #187, #883 ) ;
#812 = VECTOR ( 'NONE', #466, 100.0000000000000000 ) ;
#813 = EDGE_CURVE ( 'NONE', #1215, #345, #487, .T. ) ;
#814 = CARTESIAN_POINT ( 'NONE',  ( -3.402181864324455240, 20.47618312822206477, -0.6979472343076054131 ) ) ;
#815 = DIRECTION ( 'NONE',  ( -1.000000000000000000, 1.156482317317871725E-15, 0.000000000000000000 ) ) ;
#816 = ORIENTED_EDGE ( 'NONE', *, *, #746, .T. ) ;
#817 = CARTESIAN_POINT ( 'NONE',  ( 6.999999999999998224, -1.799999999999991163, 0.8000000000000000444 ) ) ;
#818 = CARTESIAN_POINT ( 'NONE',  ( 3.484879073461748966, 20.47618312822206477, -0.6979472343076056351 ) ) ;
#819 = FACE_OUTER_BOUND ( 'NONE', #1181, .T. ) ;
#820 = ORIENTED_EDGE ( 'NONE', *, *, #1255, .F. ) ;
#821 = FACE_OUTER_BOUND ( 'NONE', #974, .T. ) ;
#822 = EDGE_CURVE ( 'NONE', #1081, #1435, #1283, .T. ) ;
#823 = ORIENTED_EDGE ( 'NONE', *, *, #111, .F. ) ;
#824 = DIRECTION ( 'NONE',  ( 0.000000000000000000, 0.000000000000000000, 1.000000000000000000 ) ) ;
#825 = EDGE_LOOP ( 'NONE', ( #391, #851, #664, #1052, #53, #275 ) ) ;
#826 = DIRECTION ( 'NONE',  ( 0.000000000000000000, 1.000000000000000000, 0.000000000000000000 ) ) ;
#827 = DIRECTION ( 'NONE',  ( 0.000000000000000000, 0.000000000000000000, -1.000000000000000000 ) ) ;
#828 = LINE ( 'NONE', #927, #1057 ) ;
#829 = DIRECTION ( 'NONE',  ( -0.000000000000000000, -0.000000000000000000, 1.000000000000000000 ) ) ;
#830 = EDGE_CURVE ( 'NONE', #73, #1447, #237, .T. ) ;
#831 = EDGE_LOOP ( 'NONE', ( #463, #1243, #1257, #532, #30 ) ) ;
#832 = CARTESIAN_POINT ( 'NONE',  ( 1.484879073461748966, 19.67618312822206406, -0.6979472343076054131 ) ) ;
#833 = AXIS2_PLACEMENT_3D ( 'NONE', #1062, #1414, #370 ) ;
#834 = DIRECTION ( 'NONE',  ( 0.000000000000000000, 1.000000000000000000, 0.000000000000000000 ) ) ;
#835 = AXIS2_PLACEMENT_3D ( 'NONE', #322, #815, #559 ) ;
#836 = ORIENTED_EDGE ( 'NONE', *, *, #446, .T. ) ;
#837 = DIRECTION ( 'NONE',  ( 1.000000000000000000, 0.000000000000000000, 0.000000000000000000 ) ) ;
#838 = ORIENTED_EDGE ( 'NONE', *, *, #658, .F. ) ;
#839 = CARTESIAN_POINT ( 'NONE',  ( 6.099999999999998757, -2.399999999999991029, 4.000000000000000000 ) ) ;
#840 = VERTEX_POINT ( 'NONE', #610 ) ;
#841 = APPROVAL ( #83, 'UNSPECIFIED' ) ;
#842 = UNCERTAINTY_MEASURE_WITH_UNIT (LENGTH_MEASURE( 1.000000000000000082E-05 ), #1484, 'distance_accuracy_value', 'NONE');
#843 = EDGE_CURVE ( 'NONE', #1465, #706, #589, .T. ) ;
#844 = DIRECTION ( 'NONE',  ( -1.000000000000000000, 0.000000000000000000, 0.000000000000000000 ) ) ;
#845 = ORIENTED_EDGE ( 'NONE', *, *, #480, .T. ) ;
#846 = DIRECTION ( 'NONE',  ( 0.000000000000000000, -0.000000000000000000, -1.000000000000000000 ) ) ;
#847 = PLANE ( 'NONE',  #1151 ) ;
#848 = CARTESIAN_POINT ( 'NONE',  ( 4.999999999999999112, 4.000000000000008882, 0.000000000000000000 ) ) ;
#849 = VERTEX_POINT ( 'NONE', #364 ) ;
#850 = ADVANCED_FACE ( 'NONE', ( #736, #821 ), #493, .T. ) ;
#851 = ORIENTED_EDGE ( 'NONE', *, *, #686, .T. ) ;
#852 = LINE ( 'NONE', #270, #568 ) ;
#853 = CARTESIAN_POINT ( 'NONE',  ( 6.099999999999999645, -1.799999999999991163, 4.000000000000000000 ) ) ;
#854 = CARTESIAN_POINT ( 'NONE',  ( -4.000000000000000888, 4.000000000000008882, 0.3499999999999999778 ) ) ;
#855 = ORIENTED_EDGE ( 'NONE', *, *, #13, .F. ) ;
#856 = LINE ( 'NONE', #1303, #306 ) ;
#857 = EDGE_CURVE ( 'NONE', #490, #78, #1310, .T. ) ;
#858 = VECTOR ( 'NONE', #416, 100.0000000000000000 ) ;
#859 = PERSON_AND_ORGANIZATION_ROLE ( 'classification_officer' ) ;
#860 = VERTEX_POINT ( 'NONE', #848 ) ;
#861 = PLANE ( 'NONE',  #667 ) ;
#862 = ORIENTED_EDGE ( 'NONE', *, *, #822, .F. ) ;
#863 = AXIS2_PLACEMENT_3D ( 'NONE', #469, #125, #720 ) ;
#864 = CARTESIAN_POINT ( 'NONE',  ( 4.499999999999999112, -4.999999999999992006, 0.000000000000000000 ) ) ;
#865 = AXIS2_PLACEMENT_3D ( 'NONE', #76, #539, #278 ) ;
#866 = DIRECTION ( 'NONE',  ( -0.000000000000000000, -0.000000000000000000, -1.000000000000000000 ) ) ;
#867 = APPROVAL_STATUS ( 'not_yet_approved' ) ;
#868 = EDGE_LOOP ( 'NONE', ( #1379, #1515, #201, #1383 ) ) ;
#869 = CARTESIAN_POINT ( 'NONE',  ( -7.000000000000001776, -1.799999999999991163, 4.000000000000000000 ) ) ;
#870 = CARTESIAN_POINT ( 'NONE',  ( 0.000000000000000000, 18.87618312822206335, 0.000000000000000000 ) ) ;
#871 = CARTESIAN_POINT ( 'NONE',  ( -4.500000000000001776, -9.499999999999991118, 0.8000000000000000444 ) ) ;
#872 = DIRECTION ( 'NONE',  ( -0.000000000000000000, 0.000000000000000000, 1.000000000000000000 ) ) ;
#873 = ORIENTED_EDGE ( 'NONE', *, *, #462, .T. ) ;
#874 = PLANE ( 'NONE',  #403 ) ;
#875 = LINE ( 'NONE', #523, #1207 ) ;
#876 = CARTESIAN_POINT ( 'NONE',  ( -1.402181864324455240, 16.10000000000000853, 0.3499999999999999778 ) ) ;
#877 = LINE ( 'NONE', #85, #502 ) ;
#878 = ORIENTED_EDGE ( 'NONE', *, *, #1075, .F. ) ;
#879 = EDGE_CURVE ( 'NONE', #653, #366, #140, .T. ) ;
#880 = CARTESIAN_POINT ( 'NONE',  ( -1.402181864324455240, 19.67618312822206406, 0.8000000000000000444 ) ) ;
#881 = CARTESIAN_POINT ( 'NONE',  ( -4.500000000000004441, 4.500000000000004441, 0.8000000000000000444 ) ) ;
#882 = DIRECTION ( 'NONE',  ( -0.7071067811865475727, 0.7071067811865475727, 0.000000000000000000 ) ) ;
#883 = DIRECTION ( 'NONE',  ( -1.000000000000000000, 0.000000000000000000, 0.000000000000000000 ) ) ;
#884 = CIRCLE ( 'NONE', #224, 3.900000000000000799 ) ;
#885 = DIRECTION ( 'NONE',  ( -0.000000000000000000, -0.000000000000000000, -1.000000000000000000 ) ) ;
#886 = ORIENTED_EDGE ( 'NONE', *, *, #1262, .F. ) ;
#887 = VECTOR ( 'NONE', #252, 100.0000000000000000 ) ;
#888 = VECTOR ( 'NONE', #866, 100.0000000000000000 ) ;
#889 = EDGE_CURVE ( 'NONE', #1150, #17, #25, .T. ) ;
#890 = CARTESIAN_POINT ( 'NONE',  ( 6.999999999999999112, -2.399999999999991029, 4.000000000000000000 ) ) ;
#891 = CARTESIAN_POINT ( 'NONE',  ( 0.000000000000000000, -4.999999999999992006, 0.000000000000000000 ) ) ;
#892 = ORIENTED_EDGE ( 'NONE', *, *, #470, .T. ) ;
#893 = CARTESIAN_POINT ( 'NONE',  ( -7.000000000000001776, -2.399999999999991029, 4.000000000000000000 ) ) ;
#894 = EDGE_CURVE ( 'NONE', #395, #1447, #379, .T. ) ;
#895 = CARTESIAN_POINT ( 'NONE',  ( -1.402181864324455240, 19.67618312822206406, -0.4479472343076053575 ) ) ;
#896 = PLANE ( 'NONE',  #60 ) ;
#897 = ORIENTED_EDGE ( 'NONE', *, *, #624, .T. ) ;
#898 = ORIENTED_EDGE ( 'NONE', *, *, #383, .T. ) ;
#899 = DIRECTION ( 'NONE',  ( 0.000000000000000000, 1.000000000000000000, -0.000000000000000000 ) ) ;
#900 = CALENDAR_DATE ( 2026, 23, 8 ) ;
#901 = EDGE_CURVE ( 'NONE', #196, #504, #34, .T. ) ;
#902 = LINE ( 'NONE', #673, #812 ) ;
#903 = ORIENTED_EDGE ( 'NONE', *, *, #543, .T. ) ;
#904 = ADVANCED_FACE ( 'NONE', ( #1431 ), #1332, .T. ) ;
#905 = VECTOR ( 'NONE', #1392, 100.0000000000000000 ) ;
#906 = AXIS2_PLACEMENT_3D ( 'NONE', #89, #1261, #317 ) ;
#907 = VERTEX_POINT ( 'NONE', #1338 ) ;
#908 = VECTOR ( 'NONE', #553, 100.0000000000000000 ) ;
#909 = CARTESIAN_POINT ( 'NONE',  ( 6.099999999999998757, -2.399999999999991029, 0.8000000000000000444 ) ) ;
#910 = PLANE ( 'NONE',  #1178 ) ;
#911 = EDGE_LOOP ( 'NONE', ( #1311, #261, #1274, #809 ) ) ;
#912 = FACE_OUTER_BOUND ( 'NONE', #1235, .T. ) ;
#913 = EDGE_CURVE ( 'NONE', #338, #1081, #1099, .T. ) ;
#914 = VERTEX_POINT ( 'NONE', #1322 ) ;
#915 = ORIENTED_EDGE ( 'NONE', *, *, #1382, .T. ) ;
#916 = CARTESIAN_POINT ( 'NONE',  ( -6.100000000000002309, -9.999999999999992895, 4.000000000000000000 ) ) ;
#917 = CARTESIAN_POINT ( 'NONE',  ( 6.999999999999999112, -2.399999999999991029, 4.000000000000000000 ) ) ;
#918 = CARTESIAN_POINT ( 'NONE',  ( -1.402181864324455240, 18.87618312822206335, 0.8000000000000000444 ) ) ;
#919 = ORIENTED_EDGE ( 'NONE', *, *, #889, .F. ) ;
#920 = EDGE_CURVE ( 'NONE', #440, #1405, #309, .T. ) ;
#921 = ORIENTED_EDGE ( 'NONE', *, *, #894, .T. ) ;
#922 = FACE_OUTER_BOUND ( 'NONE', #1387, .T. ) ;
#923 = LINE ( 'NONE', #1195, #1375 ) ;
#924 = LINE ( 'NONE', #704, #1277 ) ;
#925 = EDGE_LOOP ( 'NONE', ( #577, #347, #1290, #1343 ) ) ;
#926 = ORIENTED_EDGE ( 'NONE', *, *, #456, .F. ) ;
#927 = CARTESIAN_POINT ( 'NONE',  ( 3.484879073461748966, 20.47618312822206477, -0.4479472343076056351 ) ) ;
#928 = VERTEX_POINT ( 'NONE', #55 ) ;
#929 = CIRCLE ( 'NONE', #1032, 3.800000000000000711 ) ;
#930 = VECTOR ( 'NONE', #675, 100.0000000000000000 ) ;
#931 = AXIS2_PLACEMENT_3D ( 'NONE', #870, #1231, #400 ) ;
#932 = EDGE_CURVE ( 'NONE', #542, #1307, #1003, .T. ) ;
#933 = LINE ( 'NONE', #1404, #132 ) ;
#934 = PLANE ( 'NONE',  #648 ) ;
#935 = ORIENTED_EDGE ( 'NONE', *, *, #369, .F. ) ;
#936 = ORIENTED_EDGE ( 'NONE', *, *, #624, .F. ) ;
#937 = CARTESIAN_POINT ( 'NONE',  ( 0.000000000000000000, 4.000000000000008882, 0.8000000000000000444 ) ) ;
#938 = ORIENTED_EDGE ( 'NONE', *, *, #1301, .F. ) ;
#939 = VERTEX_POINT ( 'NONE', #864 ) ;
#940 = DIRECTION ( 'NONE',  ( 0.000000000000000000, 0.000000000000000000, -1.000000000000000000 ) ) ;
#941 = DIRECTION ( 'NONE',  ( -0.000000000000000000, -0.000000000000000000, -1.000000000000000000 ) ) ;
#942 = EDGE_CURVE ( 'NONE', #325, #995, #1346, .T. ) ;
#943 = ORIENTED_EDGE ( 'NONE', *, *, #1349, .F. ) ;
#944 = DIRECTION ( 'NONE',  ( -0.000000000000000000, -0.000000000000000000, 1.000000000000000000 ) ) ;
#945 = ORIENTED_EDGE ( 'NONE', *, *, #209, .T. ) ;
#946 = DIRECTION ( 'NONE',  ( 0.000000000000000000, 0.000000000000000000, -1.000000000000000000 ) ) ;
#947 = LINE ( 'NONE', #723, #810 ) ;
#948 = DIRECTION ( 'NONE',  ( 0.000000000000000000, 1.000000000000000000, -0.000000000000000000 ) ) ;
#949 = ORIENTED_EDGE ( 'NONE', *, *, #111, .T. ) ;
#950 = DIRECTION ( 'NONE',  ( 1.000000000000000000, 0.000000000000000000, 0.000000000000000000 ) ) ;
#951 = CARTESIAN_POINT ( 'NONE',  ( 1.484879073461748966, 19.67618312822206406, 0.8000000000000000444 ) ) ;
#952 = ADVANCED_FACE ( 'NONE', ( #643 ), #1241, .T. ) ;
#953 = DIRECTION ( 'NONE',  ( -0.000000000000000000, -0.000000000000000000, 1.000000000000000000 ) ) ;
#954 = ORIENTED_EDGE ( 'NONE', *, *, #986, .T. ) ;
#955 = EDGE_CURVE ( 'NONE', #1117, #230, #973, .T. ) ;
#956 = DIRECTION ( 'NONE',  ( -0.7071067811865475727, 0.7071067811865475727, 0.000000000000000000 ) ) ;
#957 = AXIS2_PLACEMENT_3D ( 'NONE', #533, #1125, #1106 ) ;
#958 = VECTOR ( 'NONE', #48, 100.0000000000000000 ) ;
#959 = FACE_OUTER_BOUND ( 'NONE', #1442, .T. ) ;
#960 = VECTOR ( 'NONE', #948, 100.0000000000000000 ) ;
#961 = EDGE_LOOP ( 'NONE', ( #1513, #596, #97, #873 ) ) ;
#962 = LINE ( 'NONE', #725, #182 ) ;
#963 = CARTESIAN_POINT ( 'NONE',  ( 0.000000000000000000, 4.000000000000008882, 0.8000000000000000444 ) ) ;
#964 = APPROVAL_PERSON_ORGANIZATION ( #655, #191, #176 ) ;
#965 = DIRECTION ( 'NONE',  ( -0.000000000000000000, -1.000000000000000000, -0.000000000000000000 ) ) ;
#966 = ORIENTED_EDGE ( 'NONE', *, *, #1085, .F. ) ;
#967 = EDGE_CURVE ( 'NONE', #1307, #103, #160, .T. ) ;
#968 = PLANE ( 'NONE',  #357 ) ;
#969 = DIRECTION ( 'NONE',  ( 0.000000000000000000, -0.000000000000000000, 1.000000000000000000 ) ) ;
#970 = ORIENTED_EDGE ( 'NONE', *, *, #998, .F. ) ;
#971 = DIRECTION ( 'NONE',  ( 1.000000000000000000, 0.000000000000000000, 0.000000000000000000 ) ) ;
#972 = VERTEX_POINT ( 'NONE', #630 ) ;
#973 = LINE ( 'NONE', #65, #1476 ) ;
#974 = EDGE_LOOP ( 'NONE', ( #1198, #280, #1502, #756, #123, #1492 ) ) ;
#975 = CARTESIAN_POINT ( 'NONE',  ( -4.000000000000001776, 16.00000000000000711, 0.3499999999999999778 ) ) ;
#976 = EDGE_CURVE ( 'NONE', #1435, #325, #517, .T. ) ;
#977 = CALENDAR_DATE ( 2026, 23, 8 ) ;
#978 = ORIENTED_EDGE ( 'NONE', *, *, #976, .F. ) ;
#979 = DIRECTION ( 'NONE',  ( -0.000000000000000000, -0.000000000000000000, -1.000000000000000000 ) ) ;
#980 = FACE_OUTER_BOUND ( 'NONE', #961, .T. ) ;
#981 = DIRECTION ( 'NONE',  ( -0.000000000000000000, -1.000000000000000000, -0.000000000000000000 ) ) ;
#982 = LINE ( 'NONE', #752, #550 ) ;
#983 = EDGE_LOOP ( 'NONE', ( #1291, #1260, #127, #1366, #1420, #243 ) ) ;
#984 = DIRECTION ( 'NONE',  ( 0.000000000000000000, -0.000000000000000000, 1.000000000000000000 ) ) ;
#985 = AXIS2_PLACEMENT_3D ( 'NONE', #1292, #247, #1079 ) ;
#986 = EDGE_CURVE ( 'NONE', #1219, #490, #982, .T. ) ;
#987 = APPROVAL_DATE_TIME ( #639, #191 ) ;
#988 = ORIENTED_EDGE ( 'NONE', *, *, #1441, .T. ) ;
#989 = FACE_OUTER_BOUND ( 'NONE', #983, .T. ) ;
#990 = VECTOR ( 'NONE', #1296, 100.0000000000000000 ) ;
#991 = DIRECTION ( 'NONE',  ( 0.000000000000000000, 1.000000000000000000, -0.000000000000000000 ) ) ;
#992 = CARTESIAN_POINT ( 'NONE',  ( 0.000000000000000000, 0.000000000000000000, 0.8000000000000000444 ) ) ;
#993 = ORIENTED_EDGE ( 'NONE', *, *, #119, .T. ) ;
#994 = PLANE ( 'NONE',  #451 ) ;
#995 = VERTEX_POINT ( 'NONE', #651 ) ;
#996 = CARTESIAN_POINT ( 'NONE',  ( -0.1000000000000007827, 16.00000000000000711, 0.8000000000000000444 ) ) ;
#997 = DIRECTION ( 'NONE',  ( -1.000000000000000000, 0.000000000000000000, -0.000000000000000000 ) ) ;
#998 = EDGE_CURVE ( 'NONE', #153, #1411, #1224, .T. ) ;
#999 = FACE_OUTER_BOUND ( 'NONE', #587, .T. ) ;
#1000 = VERTEX_POINT ( 'NONE', #179 ) ;
#1001 = SECURITY_CLASSIFICATION_LEVEL ( 'unclassified' ) ;
#1002 = CARTESIAN_POINT ( 'NONE',  ( 6.999999999999999112, 0.000000000000000000, 0.000000000000000000 ) ) ;
#1003 = LINE ( 'NONE', #773, #500 ) ;
#1004 = FACE_BOUND ( 'NONE', #141, .T. ) ;
#1005 = CC_DESIGN_PERSON_AND_ORGANIZATION_ASSIGNMENT ( #407, #859, ( #1211 ) ) ;
#1006 = EDGE_LOOP ( 'NONE', ( #54, #63, #475, #798 ) ) ;
#1007 = ADVANCED_FACE ( 'NONE', ( #44 ), #1456, .T. ) ;
#1008 = CARTESIAN_POINT ( 'NONE',  ( 0.000000000000000000, 19.67618312822206406, 0.8000000000000000444 ) ) ;
#1009 = CARTESIAN_POINT ( 'NONE',  ( 1.484879073461748966, 19.67618312822206406, 0.8000000000000000444 ) ) ;
#1010 = FACE_OUTER_BOUND ( 'NONE', #348, .T. ) ;
#1011 = VECTOR ( 'NONE', #1327, 100.0000000000000000 ) ;
#1012 = CARTESIAN_POINT ( 'NONE',  ( -5.000000000000001776, 4.000000000000008882, 0.000000000000000000 ) ) ;
#1013 = ORIENTED_EDGE ( 'NONE', *, *, #894, .F. ) ;
#1014 = VECTOR ( 'NONE', #1190, 100.0000000000000000 ) ;
#1015 = AXIS2_PLACEMENT_3D ( 'NONE', #110, #573, #784 ) ;
#1016 = ORGANIZATION ( 'UNSPECIFIED', 'UNSPECIFIED', '' ) ;
#1017 = EDGE_CURVE ( 'NONE', #914, #1210, #401, .T. ) ;
#1018 = CARTESIAN_POINT ( 'NONE',  ( -1.402181864324455240, 19.67618312822206406, 0.8000000000000000444 ) ) ;
#1019 = CARTESIAN_POINT ( 'NONE',  ( -1.402181864324455240, 19.67618312822206406, -0.6979472343076054131 ) ) ;
#1020 = DIRECTION ( 'NONE',  ( -0.000000000000000000, 0.000000000000000000, -1.000000000000000000 ) ) ;
#1021 = ORIENTED_EDGE ( 'NONE', *, *, #145, .T. ) ;
#1022 = ORIENTED_EDGE ( 'NONE', *, *, #223, .T. ) ;
#1023 = EDGE_CURVE ( 'NONE', #1411, #1252, #410, .T. ) ;
#1024 = CARTESIAN_POINT ( 'NONE',  ( 0.1999999999999994837, 16.10000000000000853, 0.3499999999999999778 ) ) ;
#1025 = DIRECTION ( 'NONE',  ( -0.000000000000000000, -0.000000000000000000, -1.000000000000000000 ) ) ;
#1026 = ORIENTED_EDGE ( 'NONE', *, *, #1160, .F. ) ;
#1027 = DIRECTION ( 'NONE',  ( 0.000000000000000000, 1.000000000000000000, 0.000000000000000000 ) ) ;
#1028 = PERSON_AND_ORGANIZATION_ROLE ( 'creator' ) ;
#1029 = DIRECTION ( 'NONE',  ( 0.000000000000000000, 1.000000000000000000, 0.000000000000000000 ) ) ;
#1030 = ADVANCED_FACE ( 'NONE', ( #1463 ), #1217, .F. ) ;
#1031 = EDGE_LOOP ( 'NONE', ( #935, #878, #311, #755 ) ) ;
#1032 = AXIS2_PLACEMENT_3D ( 'NONE', #1024, #1483, #178 ) ;
#1033 = CARTESIAN_POINT ( 'NONE',  ( 6.099999999999999645, -1.799999999999991163, 0.8000000000000000444 ) ) ;
#1034 = AXIS2_PLACEMENT_3D ( 'NONE', #1008, #1145, #190 ) ;
#1035 = ORIENTED_EDGE ( 'NONE', *, *, #591, .T. ) ;
#1036 = VECTOR ( 'NONE', #299, 100.0000000000000000 ) ;
#1037 = ORIENTED_EDGE ( 'NONE', *, *, #677, .T. ) ;
#1038 = LOCAL_TIME ( 16, 12, 34.00000000000000000, #414 ) ;
#1039 = LINE ( 'NONE', #121, #665 ) ;
#1040 = COORDINATED_UNIVERSAL_TIME_OFFSET ( 5, 30, .AHEAD. ) ;
#1041 = DIRECTION ( 'NONE',  ( 0.000000000000000000, 0.000000000000000000, 1.000000000000000000 ) ) ;
#1042 = VERTEX_POINT ( 'NONE', #510 ) ;
#1043 = EDGE_CURVE ( 'NONE', #507, #366, #394, .T. ) ;
#1044 = ORIENTED_EDGE ( 'NONE', *, *, #456, .T. ) ;
#1045 = ORIENTED_EDGE ( 'NONE', *, *, #195, .F. ) ;
#1046 = DIRECTION ( 'NONE',  ( -0.000000000000000000, 0.000000000000000000, 1.000000000000000000 ) ) ;
#1047 = CARTESIAN_POINT ( 'NONE',  ( -7.000000000000001776, 2.000000000000008882, 0.8000000000000000444 ) ) ;
#1048 = ORIENTED_EDGE ( 'NONE', *, *, #730, .T. ) ;
#1049 = VERTEX_POINT ( 'NONE', #1233 ) ;
#1050 = CARTESIAN_POINT ( 'NONE',  ( 6.999999999999999112, 2.000000000000008882, 0.8000000000000000444 ) ) ;
#1051 = CARTESIAN_POINT ( 'NONE',  ( -7.000000000000001776, -1.799999999999991163, 0.8000000000000000444 ) ) ;
#1052 = ORIENTED_EDGE ( 'NONE', *, *, #879, .F. ) ;
#1053 = VERTEX_POINT ( 'NONE', #144 ) ;
#1054 = CARTESIAN_POINT ( 'NONE',  ( -4.000000000000000888, 0.000000000000000000, 0.8000000000000000444 ) ) ;
#1055 = VECTOR ( 'NONE', #472, 100.0000000000000000 ) ;
#1056 = ORIENTED_EDGE ( 'NONE', *, *, #223, .F. ) ;
#1057 = VECTOR ( 'NONE', #478, 100.0000000000000000 ) ;
#1058 = ADVANCED_FACE ( 'NONE', ( #819 ), #1070, .T. ) ;
#1059 = VECTOR ( 'NONE', #1087, 100.0000000000000000 ) ;
#1060 = LINE ( 'NONE', #1436, #81 ) ;
#1061 = ORIENTED_EDGE ( 'NONE', *, *, #462, .F. ) ;
#1062 = CARTESIAN_POINT ( 'NONE',  ( -7.000000000000001776, 0.000000000000000000, 0.8000000000000000444 ) ) ;
#1063 = ORIENTED_EDGE ( 'NONE', *, *, #1160, .T. ) ;
#1064 = EDGE_CURVE ( 'NONE', #415, #1247, #1180, .T. ) ;
#1065 = DIRECTION ( 'NONE',  ( 1.000000000000000000, 0.000000000000000000, -0.000000000000000000 ) ) ;
#1066 = EDGE_CURVE ( 'NONE', #1465, #700, #1306, .T. ) ;
#1067 = DIRECTION ( 'NONE',  ( 0.000000000000000000, -1.000000000000000000, 0.000000000000000000 ) ) ;
#1068 = ORIENTED_EDGE ( 'NONE', *, *, #1382, .F. ) ;
#1069 = DIRECTION ( 'NONE',  ( -1.000000000000000000, 0.000000000000000000, 0.000000000000000000 ) ) ;
#1070 = PLANE ( 'NONE',  #1232 ) ;
#1071 = VERTEX_POINT ( 'NONE', #1417 ) ;
#1072 = CARTESIAN_POINT ( 'NONE',  ( -7.000000000000001776, 2.000000000000008882, 0.8000000000000000444 ) ) ;
#1073 = CARTESIAN_POINT ( 'NONE',  ( 1.484879073461748966, 19.67618312822206406, 0.8000000000000000444 ) ) ;
#1074 = DIRECTION ( 'NONE',  ( -0.000000000000000000, -0.000000000000000000, -1.000000000000000000 ) ) ;
#1075 = EDGE_CURVE ( 'NONE', #277, #582, #374, .T. ) ;
#1076 = CARTESIAN_POINT ( 'NONE',  ( -4.000000000000000888, 15.99999999999997868, 0.8000000000000000444 ) ) ;
#1077 = VECTOR ( 'NONE', #804, 100.0000000000000000 ) ;
#1078 = VECTOR ( 'NONE', #1514, 100.0000000000000000 ) ;
#1079 = DIRECTION ( 'NONE',  ( 0.000000000000000000, -0.000000000000000000, 1.000000000000000000 ) ) ;
#1080 = VECTOR ( 'NONE', #425, 100.0000000000000000 ) ;
#1081 = VERTEX_POINT ( 'NONE', #1076 ) ;
#1082 = LINE ( 'NONE', #498, #1300 ) ;
#1083 = ORIENTED_EDGE ( 'NONE', *, *, #1262, .T. ) ;
#1084 = CARTESIAN_POINT ( 'NONE',  ( 0.1999999999999994837, 16.10000000000000853, 0.8000000000000000444 ) ) ;
#1085 = EDGE_CURVE ( 'NONE', #1210, #443, #1422, .T. ) ;
#1086 = ORIENTED_EDGE ( 'NONE', *, *, #99, .F. ) ;
#1087 = DIRECTION ( 'NONE',  ( 0.000000000000000000, 1.000000000000000000, 0.000000000000000000 ) ) ;
#1088 = DIRECTION ( 'NONE',  ( 0.000000000000000000, 1.000000000000000000, 0.000000000000000000 ) ) ;
#1089 = DATE_AND_TIME ( #977, #1038 ) ;
#1090 = ORIENTED_EDGE ( 'NONE', *, *, #1095, .T. ) ;
#1091 = DIRECTION ( 'NONE',  ( -0.000000000000000000, -1.000000000000000000, -0.000000000000000000 ) ) ;
#1092 = CARTESIAN_POINT ( 'NONE',  ( -4.500000000000001776, -4.999999999999992006, 0.000000000000000000 ) ) ;
#1093 = CARTESIAN_POINT ( 'NONE',  ( 3.999999999999998224, -9.499999999999991118, -0.8000000000000003775 ) ) ;
#1094 = ORIENTED_EDGE ( 'NONE', *, *, #942, .T. ) ;
#1095 = EDGE_CURVE ( 'NONE', #483, #443, #265, .T. ) ;
#1096 = DATE_TIME_ROLE ( 'classification_date' ) ;
#1097 = ORIENTED_EDGE ( 'NONE', *, *, #795, .F. ) ;
#1098 = DIRECTION ( 'NONE',  ( 0.000000000000000000, -0.000000000000000000, -1.000000000000000000 ) ) ;
#1099 = LINE ( 'NONE', #1212, #353 ) ;
#1100 = PLANE ( 'NONE',  #1450 ) ;
#1101 = CARTESIAN_POINT ( 'NONE',  ( 6.999999999999998224, -2.399999999999996803, 4.000000000000000000 ) ) ;
#1102 = EDGE_CURVE ( 'NONE', #636, #1042, #1297, .T. ) ;
#1103 = AXIS2_PLACEMENT_3D ( 'NONE', #481, #940, #738 ) ;
#1104 = VECTOR ( 'NONE', #82, 100.0000000000000000 ) ;
#1105 = ORIENTED_EDGE ( 'NONE', *, *, #698, .F. ) ;
#1106 = DIRECTION ( 'NONE',  ( 0.000000000000000000, -0.000000000000000000, -1.000000000000000000 ) ) ;
#1107 = CARTESIAN_POINT ( 'NONE',  ( -7.000000000000001776, 0.000000000000000000, 0.8000000000000000444 ) ) ;
#1108 = AXIS2_PLACEMENT_3D ( 'NONE', #339, #221, #802 ) ;
#1109 = DIRECTION ( 'NONE',  ( 0.000000000000000000, 0.000000000000000000, -1.000000000000000000 ) ) ;
#1110 = CARTESIAN_POINT ( 'NONE',  ( 3.999999999999998224, -9.499999999999991118, 0.8000000000000000444 ) ) ;
#1111 = ORIENTED_EDGE ( 'NONE', *, *, #677, .F. ) ;
#1112 = CC_DESIGN_PERSON_AND_ORGANIZATION_ASSIGNMENT ( #336, #1141, ( #495 ) ) ;
#1113 = CARTESIAN_POINT ( 'NONE',  ( 6.999999999999998224, -1.799999999999991163, 4.000000000000000000 ) ) ;
#1114 = CARTESIAN_POINT ( 'NONE',  ( 3.999999999999998224, -9.499999999999991118, -0.8000000000000003775 ) ) ;
#1115 = CARTESIAN_POINT ( 'NONE',  ( 6.999999999999998224, -9.999999999999992895, 4.500000000000000000 ) ) ;
#1116 = EDGE_CURVE ( 'NONE', #785, #455, #1193, .T. ) ;
#1117 = VERTEX_POINT ( 'NONE', #1361 ) ;
#1118 = COORDINATED_UNIVERSAL_TIME_OFFSET ( 5, 30, .AHEAD. ) ;
#1119 = DIRECTION ( 'NONE',  ( 0.000000000000000000, 1.000000000000000000, -0.000000000000000000 ) ) ;
#1120 = LINE ( 'NONE', #1107, #205 ) ;
#1121 = LINE ( 'NONE', #77, #1401 ) ;
#1122 = VERTEX_POINT ( 'NONE', #173 ) ;
#1123 = EDGE_CURVE ( 'NONE', #1307, #711, #439, .T. ) ;
#1124 = LINE ( 'NONE', #1236, #37 ) ;
#1125 = DIRECTION ( 'NONE',  ( 0.000000000000000000, -1.000000000000000000, 0.000000000000000000 ) ) ;
#1126 = APPLICATION_PROTOCOL_DEFINITION ( 'international standard', 'config_control_design', 1994, #701 ) ;
#1127 = CARTESIAN_POINT ( 'NONE',  ( 4.500000000000003553, 4.500000000000003553, 0.8000000000000000444 ) ) ;
#1128 = ORIENTED_EDGE ( 'NONE', *, *, #304, .F. ) ;
#1129 = VECTOR ( 'NONE', #294, 100.0000000000000000 ) ;
#1130 = LINE ( 'NONE', #457, #767 ) ;
#1131 = VECTOR ( 'NONE', #1025, 100.0000000000000000 ) ;
#1132 = EDGE_CURVE ( 'NONE', #47, #1282, #300, .T. ) ;
#1133 = LINE ( 'NONE', #893, #1425 ) ;
#1134 = ORIENTED_EDGE ( 'NONE', *, *, #1340, .T. ) ;
#1135 = CARTESIAN_POINT ( 'NONE',  ( -0.000000000000000000, -4.999999999999992006, 0.000000000000000000 ) ) ;
#1136 = COORDINATED_UNIVERSAL_TIME_OFFSET ( 5, 30, .AHEAD. ) ;
#1137 = DIRECTION ( 'NONE',  ( 0.000000000000000000, 1.000000000000000000, 0.000000000000000000 ) ) ;
#1138 = ORIENTED_EDGE ( 'NONE', *, *, #1423, .F. ) ;
#1139 = EDGE_LOOP ( 'NONE', ( #1090, #945, #497, #943 ) ) ;
#1140 = DIRECTION ( 'NONE',  ( 0.000000000000000000, -0.000000000000000000, 1.000000000000000000 ) ) ;
#1141 = PERSON_AND_ORGANIZATION_ROLE ( 'design_owner' ) ;
#1142 = CARTESIAN_POINT ( 'NONE',  ( 3.999999999999999556, 4.000000000000008882, 0.8000000000000000444 ) ) ;
#1143 = VERTEX_POINT ( 'NONE', #760 ) ;
#1144 = CARTESIAN_POINT ( 'NONE',  ( -1.402181864324455240, 19.67618312822206406, -0.4479472343076053575 ) ) ;
#1145 = DIRECTION ( 'NONE',  ( 0.000000000000000000, 1.000000000000000000, 0.000000000000000000 ) ) ;
#1146 = ORIENTED_EDGE ( 'NONE', *, *, #362, .F. ) ;
#1147 = ADVANCED_FACE ( 'NONE', ( #999 ), #1100, .F. ) ;
#1148 = LINE ( 'NONE', #211, #1077 ) ;
#1149 = DIRECTION ( 'NONE',  ( -1.000000000000000000, 0.000000000000000000, 0.000000000000000000 ) ) ;
#1150 = VERTEX_POINT ( 'NONE', #1485 ) ;
#1151 = AXIS2_PLACEMENT_3D ( 'NONE', #139, #1315, #1200 ) ;
#1152 = VECTOR ( 'NONE', #1192, 100.0000000000000000 ) ;
#1153 = VECTOR ( 'NONE', #380, 100.0000000000000000 ) ;
#1154 = ORIENTED_EDGE ( 'NONE', *, *, #1423, .T. ) ;
#1155 = FACE_OUTER_BOUND ( 'NONE', #222, .T. ) ;
#1156 =( NAMED_UNIT ( * ) SI_UNIT ( $, .STERADIAN. ) SOLID_ANGLE_UNIT ( ) );
#1157 = CARTESIAN_POINT ( 'NONE',  ( -3.402181864324455240, 20.47618312822206477, -0.6979472343076054131 ) ) ;
#1158 = ORIENTED_EDGE ( 'NONE', *, *, #1123, .T. ) ;
#1159 = CARTESIAN_POINT ( 'NONE',  ( 6.999999999999999112, 2.000000000000008882, 0.8000000000000000444 ) ) ;
#1160 = EDGE_CURVE ( 'NONE', #41, #636, #541, .T. ) ;
#1161 = ORIENTED_EDGE ( 'NONE', *, *, #1500, .F. ) ;
#1162 = CARTESIAN_POINT ( 'NONE',  ( 6.099999999999998757, -1.799999999999991163, 4.000000000000000000 ) ) ;
#1163 = CARTESIAN_POINT ( 'NONE',  ( -4.000000000000001776, -4.999999999999992006, 0.000000000000000000 ) ) ;
#1164 = ORIENTED_EDGE ( 'NONE', *, *, #1403, .T. ) ;
#1165 = ORIENTED_EDGE ( 'NONE', *, *, #200, .T. ) ;
#1166 = DIRECTION ( 'NONE',  ( -0.000000000000000000, -0.000000000000000000, -1.000000000000000000 ) ) ;
#1167 = MANIFOLD_SOLID_BREP ( 'Boss-Extrude7', #740 ) ;
#1168 = EDGE_CURVE ( 'NONE', #584, #611, #877, .T. ) ;
#1169 = ORIENTED_EDGE ( 'NONE', *, *, #591, .F. ) ;
#1170 = DIRECTION ( 'NONE',  ( 1.000000000000000000, 0.000000000000000000, 0.000000000000000000 ) ) ;
#1171 = ORIENTED_EDGE ( 'NONE', *, *, #901, .F. ) ;
#1172 = ORIENTED_EDGE ( 'NONE', *, *, #1132, .T. ) ;
#1173 = DIRECTION ( 'NONE',  ( -1.000000000000000000, 0.000000000000000000, 0.000000000000000000 ) ) ;
#1174 = ADVANCED_FACE ( 'NONE', ( #1364, #1004, #765 ), #659, .T. ) ;
#1175 = VECTOR ( 'NONE', #522, 100.0000000000000000 ) ;
#1176 = VECTOR ( 'NONE', #18, 100.0000000000000000 ) ;
#1177 = EDGE_CURVE ( 'NONE', #1053, #1509, #412, .T. ) ;
#1178 = AXIS2_PLACEMENT_3D ( 'NONE', #918, #1378, #1041 ) ;
#1179 = DIRECTION ( 'NONE',  ( 1.000000000000000000, 0.000000000000000000, 0.000000000000000000 ) ) ;
#1180 = LINE ( 'NONE', #241, #569 ) ;
#1181 = EDGE_LOOP ( 'NONE', ( #779, #1334, #45, #1348 ) ) ;
#1182 = LINE ( 'NONE', #1330, #450 ) ;
#1183 = CARTESIAN_POINT ( 'NONE',  ( 3.484879073461748966, 20.47618312822206477, -0.4479472343076056351 ) ) ;
#1184 = FACE_OUTER_BOUND ( 'NONE', #1031, .T. ) ;
#1185 = VERTEX_POINT ( 'NONE', #525 ) ;
#1186 = CARTESIAN_POINT ( 'NONE',  ( -1.402181864324455240, 19.67618312822206406, -0.4479472343076053575 ) ) ;
#1187 = EDGE_CURVE ( 'NONE', #690, #785, #1464, .T. ) ;
#1188 = LINE ( 'NONE', #284, #1011 ) ;
#1189 = ORIENTED_EDGE ( 'NONE', *, *, #1255, .T. ) ;
#1190 = DIRECTION ( 'NONE',  ( -0.000000000000000000, -0.000000000000000000, -1.000000000000000000 ) ) ;
#1191 = PLANE ( 'NONE',  #302 ) ;
#1192 = DIRECTION ( 'NONE',  ( -1.000000000000000000, 0.000000000000000000, 0.000000000000000000 ) ) ;
#1193 = LINE ( 'NONE', #198, #1328 ) ;
#1194 = ORIENTED_EDGE ( 'NONE', *, *, #1226, .F. ) ;
#1195 = CARTESIAN_POINT ( 'NONE',  ( 0.000000000000000000, 4.000000000000008882, 0.8000000000000000444 ) ) ;
#1196 = CARTESIAN_POINT ( 'NONE',  ( -7.000000000000001776, -2.399999999999991029, 0.8000000000000000444 ) ) ;
#1197 = ADVANCED_FACE ( 'NONE', ( #1471 ), #896, .T. ) ;
#1198 = ORIENTED_EDGE ( 'NONE', *, *, #1102, .F. ) ;
#1199 = DIRECTION ( 'NONE',  ( 1.000000000000000000, 0.000000000000000000, 0.000000000000000000 ) ) ;
#1200 = DIRECTION ( 'NONE',  ( 0.000000000000000000, 0.000000000000000000, -1.000000000000000000 ) ) ;
#1201 = DIRECTION ( 'NONE',  ( -0.000000000000000000, -0.000000000000000000, -1.000000000000000000 ) ) ;
#1202 = CARTESIAN_POINT ( 'NONE',  ( 4.499999999999999112, -9.499999999999991118, -0.8000000000000003775 ) ) ;
#1203 = ORIENTED_EDGE ( 'NONE', *, *, #195, .T. ) ;
#1204 = VECTOR ( 'NONE', #185, 100.0000000000000000 ) ;
#1205 = VECTOR ( 'NONE', #759, 100.0000000000000000 ) ;
#1206 = FACE_OUTER_BOUND ( 'NONE', #565, .T. ) ;
#1207 = VECTOR ( 'NONE', #981, 100.0000000000000000 ) ;
#1208 = EDGE_LOOP ( 'NONE', ( #574, #1459, #1396, #547 ) ) ;
#1209 = LINE ( 'NONE', #164, #958 ) ;
#1210 = VERTEX_POINT ( 'NONE', #1234 ) ;
#1211 = SECURITY_CLASSIFICATION ( '', '', #1001 ) ;
#1212 = CARTESIAN_POINT ( 'NONE',  ( -4.000000000000000888, 0.000000000000000000, 0.8000000000000000444 ) ) ;
#1213 = EDGE_CURVE ( 'NONE', #939, #263, #1218, .T. ) ;
#1214 = DIRECTION ( 'NONE',  ( 0.000000000000000000, 1.000000000000000000, 0.000000000000000000 ) ) ;
#1215 = VERTEX_POINT ( 'NONE', #1339 ) ;
#1216 = EDGE_LOOP ( 'NONE', ( #285, #838, #668, #892 ) ) ;
#1217 = PLANE ( 'NONE',  #113 ) ;
#1218 = LINE ( 'NONE', #1457, #329 ) ;
#1219 = VERTEX_POINT ( 'NONE', #295 ) ;
#1220 = EDGE_CURVE ( 'NONE', #1210, #1122, #644, .T. ) ;
#1221 = CARTESIAN_POINT ( 'NONE',  ( -4.500000000000001776, -9.499999999999991118, 0.8000000000000000444 ) ) ;
#1222 = ORIENTED_EDGE ( 'NONE', *, *, #1507, .F. ) ;
#1223 = LINE ( 'NONE', #890, #1350 ) ;
#1224 = LINE ( 'NONE', #1446, #327 ) ;
#1225 = DIRECTION ( 'NONE',  ( 0.000000000000000000, 1.000000000000000000, 0.000000000000000000 ) ) ;
#1226 = EDGE_CURVE ( 'NONE', #907, #860, #66, .T. ) ;
#1227 = VECTOR ( 'NONE', #719, 100.0000000000000000 ) ;
#1228 = EDGE_CURVE ( 'NONE', #1317, #269, #1121, .T. ) ;
#1229 = VECTOR ( 'NONE', #661, 100.0000000000000000 ) ;
#1230 = LINE ( 'NONE', #1113, #692 ) ;
#1231 = DIRECTION ( 'NONE',  ( 0.000000000000000000, 1.000000000000000000, 0.000000000000000000 ) ) ;
#1232 = AXIS2_PLACEMENT_3D ( 'NONE', #1285, #739, #615 ) ;
#1233 = CARTESIAN_POINT ( 'NONE',  ( 1.484879073461748966, 19.67618312822206406, -0.6979472343076054131 ) ) ;
#1234 = CARTESIAN_POINT ( 'NONE',  ( 3.999999999999998224, -9.499999999999991118, 0.8000000000000000444 ) ) ;
#1235 = EDGE_LOOP ( 'NONE', ( #447, #919, #1248, #1134 ) ) ;
#1236 = CARTESIAN_POINT ( 'NONE',  ( -4.500000000000004441, 4.500000000000004441, 0.000000000000000000 ) ) ;
#1237 = PERSON ( 'UNSPECIFIED', 'UNSPECIFIED', 'UNSPECIFIED', ('UNSPECIFIED'), ('UNSPECIFIED'), ('UNSPECIFIED') ) ;
#1238 = EDGE_CURVE ( 'NONE', #196, #972, #419, .T. ) ;
#1239 = SHAPE_DEFINITION_REPRESENTATION ( #151, #613 ) ;
#1240 = CARTESIAN_POINT ( 'NONE',  ( -4.500000000000001776, -9.499999999999991118, 0.000000000000000000 ) ) ;
#1241 = CYLINDRICAL_SURFACE ( 'NONE', #811, 3.800000000000000711 ) ;
#1242 = DIRECTION ( 'NONE',  ( -0.7071067811865475727, -0.7071067811865475727, 0.000000000000000000 ) ) ;
#1243 = ORIENTED_EDGE ( 'NONE', *, *, #1043, .T. ) ;
#1244 = DIRECTION ( 'NONE',  ( 0.000000000000000000, 1.000000000000000000, 0.000000000000000000 ) ) ;
#1245 = CC_DESIGN_PERSON_AND_ORGANIZATION_ASSIGNMENT ( #226, #1028, ( #1270 ) ) ;
#1246 = CARTESIAN_POINT ( 'NONE',  ( -0.000000000000000000, -9.999999999999992895, 0.000000000000000000 ) ) ;
#1247 = VERTEX_POINT ( 'NONE', #1012 ) ;
#1248 = ORIENTED_EDGE ( 'NONE', *, *, #307, .F. ) ;
#1249 = CARTESIAN_POINT ( 'NONE',  ( -7.000000000000001776, -9.399999999999991473, 4.000000000000000000 ) ) ;
#1250 = AXIS2_PLACEMENT_3D ( 'NONE', #506, #844, #824 ) ;
#1251 = CARTESIAN_POINT ( 'NONE',  ( -0.1000000000000007827, 16.00000000000000711, 0.3499999999999999778 ) ) ;
#1252 = VERTEX_POINT ( 'NONE', #652 ) ;
#1253 = AXIS2_PLACEMENT_3D ( 'NONE', #1093, #745, #193 ) ;
#1254 = VECTOR ( 'NONE', #229, 100.0000000000000000 ) ;
#1255 = EDGE_CURVE ( 'NONE', #1389, #1000, #434, .T. ) ;
#1256 = AXIS2_PLACEMENT_3D ( 'NONE', #778, #320, #783 ) ;
#1257 = ORIENTED_EDGE ( 'NONE', *, *, #167, .F. ) ;
#1258 = CARTESIAN_POINT ( 'NONE',  ( 3.999999999999999556, 0.000000000000000000, 0.8000000000000000444 ) ) ;
#1259 = LINE ( 'NONE', #1386, #1501 ) ;
#1260 = ORIENTED_EDGE ( 'NONE', *, *, #1187, .F. ) ;
#1261 = DIRECTION ( 'NONE',  ( 0.000000000000000000, 1.000000000000000000, 0.000000000000000000 ) ) ;
#1262 = EDGE_CURVE ( 'NONE', #345, #1049, #1259, .T. ) ;
#1263 = EDGE_LOOP ( 'NONE', ( #467, #1329, #1497, #239, #1094, #938, #1413, #426 ) ) ;
#1264 = CARTESIAN_POINT ( 'NONE',  ( 0.000000000000000000, -9.999999999999992895, 0.8000000000000000444 ) ) ;
#1265 = PERSON_AND_ORGANIZATION ( #1237, #1016 ) ;
#1266 = PLANE ( 'NONE',  #1015 ) ;
#1267 = ORIENTED_EDGE ( 'NONE', *, *, #942, .F. ) ;
#1268 = LINE ( 'NONE', #436, #788 ) ;
#1269 = ORIENTED_EDGE ( 'NONE', *, *, #658, .T. ) ;
#1270 = PRODUCT_DEFINITION ( 'UNKNOWN', '', #1454, #1440 ) ;
#1271 = ADVANCED_FACE ( 'NONE', ( #800 ), #934, .F. ) ;
#1272 = CARTESIAN_POINT ( 'NONE',  ( 1.484879073461748966, 18.87618312822206335, -0.6979472343076054131 ) ) ;
#1273 = FACE_OUTER_BOUND ( 'NONE', #1006, .T. ) ;
#1274 = ORIENTED_EDGE ( 'NONE', *, *, #1095, .F. ) ;
#1275 = AXIS2_PLACEMENT_3D ( 'NONE', #1258, #3, #116 ) ;
#1276 = VECTOR ( 'NONE', #965, 100.0000000000000000 ) ;
#1277 = VECTOR ( 'NONE', #586, 100.0000000000000000 ) ;
#1278 = LINE ( 'NONE', #814, #787 ) ;
#1279 = LINE ( 'NONE', #337, #530 ) ;
#1280 = EDGE_CURVE ( 'NONE', #556, #1042, #206, .T. ) ;
#1281 = EDGE_LOOP ( 'NONE', ( #120, #623, #554, #112 ) ) ;
#1282 = VERTEX_POINT ( 'NONE', #1163 ) ;
#1283 = LINE ( 'NONE', #1407, #202 ) ;
#1284 = PLANE ( 'NONE',  #1397 ) ;
#1285 = CARTESIAN_POINT ( 'NONE',  ( 0.000000000000000000, 20.47618312822206477, 0.000000000000000000 ) ) ;
#1286 = ORIENTED_EDGE ( 'NONE', *, *, #548, .T. ) ;
#1287 = ORIENTED_EDGE ( 'NONE', *, *, #383, .F. ) ;
#1288 = EDGE_CURVE ( 'NONE', #690, #41, #445, .T. ) ;
#1289 = CARTESIAN_POINT ( 'NONE',  ( 6.999999999999998224, -1.799999999999991163, 4.500000000000000000 ) ) ;
#1290 = ORIENTED_EDGE ( 'NONE', *, *, #267, .F. ) ;
#1291 = ORIENTED_EDGE ( 'NONE', *, *, #200, .F. ) ;
#1292 = CARTESIAN_POINT ( 'NONE',  ( 4.499999999999999112, -4.999999999999992006, -0.8000000000000003775 ) ) ;
#1293 = ORIENTED_EDGE ( 'NONE', *, *, #494, .F. ) ;
#1294 = CARTESIAN_POINT ( 'NONE',  ( 4.499999999999999112, -9.499999999999991118, 0.000000000000000000 ) ) ;
#1295 = FACE_OUTER_BOUND ( 'NONE', #1263, .T. ) ;
#1296 = DIRECTION ( 'NONE',  ( -0.000000000000000000, -0.000000000000000000, -1.000000000000000000 ) ) ;
#1297 = LINE ( 'NONE', #253, #622 ) ;
#1298 = ORIENTED_EDGE ( 'NONE', *, *, #291, .T. ) ;
#1299 = AXIS2_PLACEMENT_3D ( 'NONE', #629, #155, #393 ) ;
#1300 = VECTOR ( 'NONE', #42, 100.0000000000000000 ) ;
#1301 = EDGE_CURVE ( 'NONE', #542, #995, #1491, .T. ) ;
#1302 = VECTOR ( 'NONE', #286, 100.0000000000000000 ) ;
#1303 = CARTESIAN_POINT ( 'NONE',  ( 4.500000000000003553, 4.500000000000003553, 0.000000000000000000 ) ) ;
#1304 = VECTOR ( 'NONE', #310, 100.0000000000000000 ) ;
#1305 = CARTESIAN_POINT ( 'NONE',  ( 4.499999999999999112, -9.499999999999991118, 0.8000000000000000444 ) ) ;
#1306 = LINE ( 'NONE', #20, #960 ) ;
#1307 = VERTEX_POINT ( 'NONE', #212 ) ;
#1308 = FACE_OUTER_BOUND ( 'NONE', #1281, .T. ) ;
#1309 = ORIENTED_EDGE ( 'NONE', *, *, #1220, .F. ) ;
#1310 = LINE ( 'NONE', #727, #990 ) ;
#1311 = ORIENTED_EDGE ( 'NONE', *, *, #1017, .T. ) ;
#1312 = CARTESIAN_POINT ( 'NONE',  ( 6.099999999999998757, -2.399999999999991029, 4.000000000000000000 ) ) ;
#1313 = VERTEX_POINT ( 'NONE', #689 ) ;
#1314 = FACE_OUTER_BOUND ( 'NONE', #235, .T. ) ;
#1315 = DIRECTION ( 'NONE',  ( 1.000000000000000000, -0.000000000000000000, 0.000000000000000000 ) ) ;
#1316 = CARTESIAN_POINT ( 'NONE',  ( -1.402181864324455240, 18.87618312822206335, 0.8000000000000000444 ) ) ;
#1317 = VERTEX_POINT ( 'NONE', #122 ) ;
#1318 = ADVANCED_FACE ( 'NONE', ( #1273 ), #806, .T. ) ;
#1319 = ORIENTED_EDGE ( 'NONE', *, *, #1333, .T. ) ;
#1320 = CARTESIAN_POINT ( 'NONE',  ( -4.500000000000001776, -9.499999999999991118, -0.8000000000000003775 ) ) ;
#1321 = CARTESIAN_POINT ( 'NONE',  ( 6.099999999999998757, -9.399999999999991473, 0.8000000000000000444 ) ) ;
#1322 = CARTESIAN_POINT ( 'NONE',  ( 3.999999999999998224, -9.499999999999991118, 0.000000000000000000 ) ) ;
#1323 = APPLICATION_CONTEXT ( 'configuration controlled 3d designs of mechanical parts and assemblies' ) ;
#1324 = ORIENTED_EDGE ( 'NONE', *, *, #245, .T. ) ;
#1325 = VECTOR ( 'NONE', #1027, 100.0000000000000000 ) ;
#1326 = VECTOR ( 'NONE', #944, 100.0000000000000000 ) ;
#1327 = DIRECTION ( 'NONE',  ( -1.000000000000000000, 0.000000000000000000, 0.000000000000000000 ) ) ;
#1328 = VECTOR ( 'NONE', #663, 100.0000000000000000 ) ;
#1329 = ORIENTED_EDGE ( 'NONE', *, *, #1064, .F. ) ;
#1330 = CARTESIAN_POINT ( 'NONE',  ( 4.500000000000003553, 4.500000000000003553, 0.8000000000000000444 ) ) ;
#1331 = PLANE ( 'NONE',  #1424 ) ;
#1332 = PLANE ( 'NONE',  #1253 ) ;
#1333 = EDGE_CURVE ( 'NONE', #849, #395, #454, .T. ) ;
#1334 = ORIENTED_EDGE ( 'NONE', *, *, #313, .T. ) ;
#1335 = EDGE_LOOP ( 'NONE', ( #461, #1452, #421, #1063, #22, #1037 ) ) ;
#1336 = LINE ( 'NONE', #1477, #764 ) ;
#1337 = DIRECTION ( 'NONE',  ( 1.000000000000000000, -0.000000000000000000, 0.000000000000000000 ) ) ;
#1338 = CARTESIAN_POINT ( 'NONE',  ( 4.999999999999999112, 4.000000000000008882, 0.8000000000000000444 ) ) ;
#1339 = CARTESIAN_POINT ( 'NONE',  ( 1.484879073461748966, 18.87618312822206335, 0.3499999999999999778 ) ) ;
#1340 = EDGE_CURVE ( 'NONE', #440, #334, #902, .T. ) ;
#1341 = ORIENTED_EDGE ( 'NONE', *, *, #955, .F. ) ;
#1342 = EDGE_CURVE ( 'NONE', #1252, #609, #234, .T. ) ;
#1343 = ORIENTED_EDGE ( 'NONE', *, *, #1340, .F. ) ;
#1344 = LINE ( 'NONE', #869, #1204 ) ;
#1345 = CARTESIAN_POINT ( 'NONE',  ( 4.499999999999999112, -4.999999999999992006, 0.8000000000000000444 ) ) ;
#1346 = LINE ( 'NONE', #854, #1129 ) ;
#1347 = CARTESIAN_POINT ( 'NONE',  ( -7.000000000000001776, -2.399999999999991029, 4.000000000000000000 ) ) ;
#1348 = ORIENTED_EDGE ( 'NONE', *, *, #754, .T. ) ;
#1349 = EDGE_CURVE ( 'NONE', #483, #939, #102, .T. ) ;
#1350 = VECTOR ( 'NONE', #409, 100.0000000000000000 ) ;
#1351 = AXIS2_PLACEMENT_3D ( 'NONE', #276, #376, #837 ) ;
#1352 = CYLINDRICAL_SURFACE ( 'NONE', #349, 3.900000000000000799 ) ;
#1353 = FACE_OUTER_BOUND ( 'NONE', #518, .T. ) ;
#1354 = AXIS2_PLACEMENT_3D ( 'NONE', #534, #70, #997 ) ;
#1355 = DIRECTION ( 'NONE',  ( -0.000000000000000000, -0.000000000000000000, 1.000000000000000000 ) ) ;
#1356 = DIRECTION ( 'NONE',  ( -0.000000000000000000, -0.000000000000000000, 1.000000000000000000 ) ) ;
#1357 = APPROVAL_PERSON_ORGANIZATION ( #688, #771, #571 ) ;
#1358 = ORIENTED_EDGE ( 'NONE', *, *, #446, .F. ) ;
#1359 = ADVANCED_FACE ( 'NONE', ( #793 ), #1266, .F. ) ;
#1360 = LINE ( 'NONE', #298, #471 ) ;
#1361 = CARTESIAN_POINT ( 'NONE',  ( 3.484879073461748966, 19.67618312822206406, -0.4479472343076056351 ) ) ;
#1362 = VERTEX_POINT ( 'NONE', #564 ) ;
#1363 = DIRECTION ( 'NONE',  ( -1.000000000000000000, 0.000000000000000000, 0.000000000000000000 ) ) ;
#1364 = FACE_OUTER_BOUND ( 'NONE', #721, .T. ) ;
#1365 = ADVANCED_FACE ( 'NONE', ( #1371 ), #910, .T. ) ;
#1366 = ORIENTED_EDGE ( 'NONE', *, *, #208, .T. ) ;
#1367 = ORIENTED_EDGE ( 'NONE', *, *, #797, .T. ) ;
#1368 = LINE ( 'NONE', #909, #1475 ) ;
#1369 = DATE_AND_TIME ( #900, #135 ) ;
#1370 = VECTOR ( 'NONE', #899, 100.0000000000000000 ) ;
#1371 = FACE_OUTER_BOUND ( 'NONE', #831, .T. ) ;
#1372 = VERTEX_POINT ( 'NONE', #1157 ) ;
#1373 = VECTOR ( 'NONE', #703, 100.0000000000000000 ) ;
#1374 = EDGE_CURVE ( 'NONE', #860, #1247, #1279, .T. ) ;
#1375 = VECTOR ( 'NONE', #266, 100.0000000000000000 ) ;
#1376 = PLANE ( 'NONE',  #906 ) ;
#1377 = PLANE ( 'NONE',  #549 ) ;
#1378 = DIRECTION ( 'NONE',  ( -1.000000000000000000, 0.000000000000000000, 0.000000000000000000 ) ) ;
#1379 = ORIENTED_EDGE ( 'NONE', *, *, #257, .F. ) ;
#1380 = PLANE ( 'NONE',  #1108 ) ;
#1381 = EDGE_CURVE ( 'NONE', #504, #395, #117, .T. ) ;
#1382 = EDGE_CURVE ( 'NONE', #1313, #1215, #924, .T. ) ;
#1383 = ORIENTED_EDGE ( 'NONE', *, *, #99, .T. ) ;
#1384 = CARTESIAN_POINT ( 'NONE',  ( 6.999999999999999112, -9.399999999999991473, 4.000000000000000000 ) ) ;
#1385 = CALENDAR_DATE ( 2026, 23, 8 ) ;
#1386 = CARTESIAN_POINT ( 'NONE',  ( 1.484879073461748966, 18.87618312822206335, -0.6979472343076054131 ) ) ;
#1387 = EDGE_LOOP ( 'NONE', ( #748, #561, #936, #375 ) ) ;
#1388 = LINE ( 'NONE', #1144, #9 ) ;
#1389 = VERTEX_POINT ( 'NONE', #1051 ) ;
#1390 = ORIENTED_EDGE ( 'NONE', *, *, #304, .T. ) ;
#1391 = EDGE_CURVE ( 'NONE', #1435, #366, #768, .T. ) ;
#1392 = DIRECTION ( 'NONE',  ( 0.000000000000000000, 1.000000000000000000, 0.000000000000000000 ) ) ;
#1393 = LINE ( 'NONE', #1186, #231 ) ;
#1394 = CARTESIAN_POINT ( 'NONE',  ( 4.499999999999999112, -9.499999999999991118, -0.8000000000000003775 ) ) ;
#1395 = ORIENTED_EDGE ( 'NONE', *, *, #1301, .T. ) ;
#1396 = ORIENTED_EDGE ( 'NONE', *, *, #602, .F. ) ;
#1397 = AXIS2_PLACEMENT_3D ( 'NONE', #217, #452, #1140 ) ;
#1398 = LINE ( 'NONE', #937, #1078 ) ;
#1399 = VECTOR ( 'NONE', #634, 100.0000000000000000 ) ;
#1400 = ORIENTED_EDGE ( 'NONE', *, *, #1381, .T. ) ;
#1401 = VECTOR ( 'NONE', #546, 100.0000000000000000 ) ;
#1402 = ORIENTED_EDGE ( 'NONE', *, *, #1280, .F. ) ;
#1403 = EDGE_CURVE ( 'NONE', #907, #542, #923, .T. ) ;
#1404 = CARTESIAN_POINT ( 'NONE',  ( -6.100000000000002309, -1.799999999999991163, 4.000000000000000000 ) ) ;
#1405 = VERTEX_POINT ( 'NONE', #1101 ) ;
#1406 = EDGE_LOOP ( 'NONE', ( #1172, #1298, #95, #526 ) ) ;
#1407 = CARTESIAN_POINT ( 'NONE',  ( -4.000000000000000888, 15.99999999999997868, 0.8000000000000000444 ) ) ;
#1408 = EDGE_LOOP ( 'NONE', ( #1395, #801, #246, #536 ) ) ;
#1409 = ORIENTED_EDGE ( 'NONE', *, *, #901, .T. ) ;
#1410 = FACE_OUTER_BOUND ( 'NONE', #699, .T. ) ;
#1411 = VERTEX_POINT ( 'NONE', #1221 ) ;
#1412 = LINE ( 'NONE', #16, #529 ) ;
#1413 = ORIENTED_EDGE ( 'NONE', *, *, #1403, .F. ) ;
#1414 = DIRECTION ( 'NONE',  ( -1.000000000000000000, 0.000000000000000000, 0.000000000000000000 ) ) ;
#1415 = EDGE_CURVE ( 'NONE', #230, #1049, #27, .T. ) ;
#1416 = LINE ( 'NONE', #373, #59 ) ;
#1417 = CARTESIAN_POINT ( 'NONE',  ( 6.999999999999999112, 2.000000000000008882, 0.000000000000000000 ) ) ;
#1418 = ORIENTED_EDGE ( 'NONE', *, *, #1187, .T. ) ;
#1419 = PLANE ( 'NONE',  #1351 ) ;
#1420 = ORIENTED_EDGE ( 'NONE', *, *, #340, .F. ) ;
#1421 = DIRECTION ( 'NONE',  ( -0.000000000000000000, -0.000000000000000000, -1.000000000000000000 ) ) ;
#1422 = LINE ( 'NONE', #273, #1153 ) ;
#1423 = EDGE_CURVE ( 'NONE', #1117, #840, #1393, .T. ) ;
#1424 = AXIS2_PLACEMENT_3D ( 'NONE', #1183, #605, #492 ) ;
#1425 = VECTOR ( 'NONE', #796, 100.0000000000000000 ) ;
#1426 = VECTOR ( 'NONE', #1511, 100.0000000000000000 ) ;
#1427 = DIRECTION ( 'NONE',  ( 1.156482317317871725E-15, 1.000000000000000000, 0.000000000000000000 ) ) ;
#1428 = ORIENTED_EDGE ( 'NONE', *, *, #562, .T. ) ;
#1429 = CARTESIAN_POINT ( 'NONE',  ( -1.402181864324455240, 18.87618312822206335, 0.3499999999999999778 ) ) ;
#1430 = FACE_BOUND ( 'NONE', #925, .T. ) ;
#1431 = FACE_OUTER_BOUND ( 'NONE', #292, .T. ) ;
#1432 = DIRECTION ( 'NONE',  ( -0.000000000000000000, -0.000000000000000000, -1.000000000000000000 ) ) ;
#1433 = CARTESIAN_POINT ( 'NONE',  ( 0.000000000000000000, 19.67618312822206406, 0.000000000000000000 ) ) ;
#1434 = EDGE_CURVE ( 'NONE', #1411, #1444, #512, .T. ) ;
#1435 = VERTEX_POINT ( 'NONE', #975 ) ;
#1436 = CARTESIAN_POINT ( 'NONE',  ( -4.000000000000001776, 0.000000000000000000, 0.000000000000000000 ) ) ;
#1437 = ORIENTED_EDGE ( 'NONE', *, *, #967, .T. ) ;
#1438 = DIRECTION ( 'NONE',  ( -0.000000000000000000, -0.000000000000000000, 1.000000000000000000 ) ) ;
#1439 = ORIENTED_EDGE ( 'NONE', *, *, #913, .F. ) ;
#1440 = DESIGN_CONTEXT ( 'detailed design', #1323, 'design' ) ;
#1441 = EDGE_CURVE ( 'NONE', #1071, #860, #856, .T. ) ;
#1442 = EDGE_LOOP ( 'NONE', ( #1138, #1061, #1487, #1269, #1056, #32 ) ) ;
#1443 = CARTESIAN_POINT ( 'NONE',  ( -7.000000000000001776, -9.399999999999991473, 4.000000000000000000 ) ) ;
#1444 = VERTEX_POINT ( 'NONE', #505 ) ;
#1445 = PLANE ( 'NONE',  #477 ) ;
#1446 = CARTESIAN_POINT ( 'NONE',  ( -4.500000000000001776, -9.499999999999991118, -0.8000000000000003775 ) ) ;
#1447 = VERTEX_POINT ( 'NONE', #612 ) ;
#1448 = LINE ( 'NONE', #406, #888 ) ;
#1449 = AXIS2_PLACEMENT_3D ( 'NONE', #14, #969, #1065 ) ;
#1450 = AXIS2_PLACEMENT_3D ( 'NONE', #1127, #1242, #56 ) ;
#1451 = ADVANCED_FACE ( 'NONE', ( #729 ), #968, .F. ) ;
#1452 = ORIENTED_EDGE ( 'NONE', *, *, #1441, .F. ) ;
#1453 = ORIENTED_EDGE ( 'NONE', *, *, #1116, .F. ) ;
#1454 = PRODUCT_DEFINITION_FORMATION_WITH_SPECIFIED_SOURCE ( 'ANY', '', #495, .NOT_KNOWN. ) ;
#1455 = CARTESIAN_POINT ( 'NONE',  ( 1.484879073461748966, 18.87618312822206335, 0.8000000000000000444 ) ) ;
#1456 = PLANE ( 'NONE',  #1354 ) ;
#1457 = CARTESIAN_POINT ( 'NONE',  ( 4.499999999999999112, -4.999999999999992006, -0.8000000000000003775 ) ) ;
#1458 = EDGE_CURVE ( 'NONE', #455, #1389, #1448, .T. ) ;
#1459 = ORIENTED_EDGE ( 'NONE', *, *, #976, .T. ) ;
#1460 = ORIENTED_EDGE ( 'NONE', *, *, #350, .F. ) ;
#1461 = DIRECTION ( 'NONE',  ( -1.000000000000000000, 0.000000000000000000, 0.000000000000000000 ) ) ;
#1462 = PLANE ( 'NONE',  #931 ) ;
#1463 = FACE_OUTER_BOUND ( 'NONE', #476, .T. ) ;
#1464 = LINE ( 'NONE', #1115, #1304 ) ;
#1465 = VERTEX_POINT ( 'NONE', #516 ) ;
#1466 = ADVANCED_FACE ( 'NONE', ( #657 ), #1462, .F. ) ;
#1467 = CARTESIAN_POINT ( 'NONE',  ( -4.500000000000001776, -4.999999999999992006, -0.8000000000000003775 ) ) ;
#1468 = DIRECTION ( 'NONE',  ( 0.000000000000000000, -0.000000000000000000, 1.000000000000000000 ) ) ;
#1469 = DIRECTION ( 'NONE',  ( -1.000000000000000000, 0.000000000000000000, 0.000000000000000000 ) ) ;
#1470 = DIRECTION ( 'NONE',  ( -0.000000000000000000, 0.000000000000000000, 1.000000000000000000 ) ) ;
#1471 = FACE_OUTER_BOUND ( 'NONE', #705, .T. ) ;
#1472 = ORIENTED_EDGE ( 'NONE', *, *, #1116, .T. ) ;
#1473 = EDGE_CURVE ( 'NONE', #341, #230, #875, .T. ) ;
#1474 = CARTESIAN_POINT ( 'NONE',  ( 3.999999999999999556, -4.999999999999992006, -0.8000000000000003775 ) ) ;
#1475 = VECTOR ( 'NONE', #1489, 100.0000000000000000 ) ;
#1476 = VECTOR ( 'NONE', #279, 100.0000000000000000 ) ;
#1477 = CARTESIAN_POINT ( 'NONE',  ( 1.484879073461748966, 20.47618312822206477, -0.6979472343076054131 ) ) ;
#1478 = LINE ( 'NONE', #1345, #790 ) ;
#1479 = VECTOR ( 'NONE', #1225, 100.0000000000000000 ) ;
#1480 = DIRECTION ( 'NONE',  ( 1.000000000000000000, 0.000000000000000000, 0.000000000000000000 ) ) ;
#1481 = ORIENTED_EDGE ( 'NONE', *, *, #843, .F. ) ;
#1482 = ADVANCED_FACE ( 'NONE', ( #545 ), #1445, .T. ) ;
#1483 = DIRECTION ( 'NONE',  ( 0.000000000000000000, 0.000000000000000000, -1.000000000000000000 ) ) ;
#1484 =( LENGTH_UNIT ( ) NAMED_UNIT ( * ) SI_UNIT ( .CENTI., .METRE. ) );
#1485 = CARTESIAN_POINT ( 'NONE',  ( 6.099999999999998757, -9.399999999999991473, 4.000000000000000000 ) ) ;
#1486 = FACE_OUTER_BOUND ( 'NONE', #825, .T. ) ;
#1487 = ORIENTED_EDGE ( 'NONE', *, *, #583, .F. ) ;
#1488 = ADVANCED_FACE ( 'NONE', ( #1353 ), #288, .T. ) ;
#1489 = DIRECTION ( 'NONE',  ( 1.156482317317871725E-15, 1.000000000000000000, 0.000000000000000000 ) ) ;
#1490 = COORDINATED_UNIVERSAL_TIME_OFFSET ( 5, 30, .AHEAD. ) ;
#1491 = LINE ( 'NONE', #1142, #599 ) ;
#1492 = ORIENTED_EDGE ( 'NONE', *, *, #1280, .T. ) ;
#1493 = LINE ( 'NONE', #579, #527 ) ;
#1494 = ADVANCED_FACE ( 'NONE', ( #1010 ), #69, .F. ) ;
#1495 = AXIS2_PLACEMENT_3D ( 'NONE', #1054, #1173, #8 ) ;
#1496 = DIRECTION ( 'NONE',  ( 0.000000000000000000, 0.000000000000000000, -1.000000000000000000 ) ) ;
#1497 = ORIENTED_EDGE ( 'NONE', *, *, #797, .F. ) ;
#1498 = AXIS2_PLACEMENT_3D ( 'NONE', #992, #872, #1480 ) ;
#1499 = CARTESIAN_POINT ( 'NONE',  ( 3.999999999999999556, 16.10000000000000853, 0.3499999999999999778 ) ) ;
#1500 = EDGE_CURVE ( 'NONE', #1389, #556, #1120, .T. ) ;
#1501 = VECTOR ( 'NONE', #474, 100.0000000000000000 ) ;
#1502 = ORIENTED_EDGE ( 'NONE', *, *, #520, .F. ) ;
#1503 = FACE_OUTER_BOUND ( 'NONE', #1408, .T. ) ;
#1504 = APPLICATION_PROTOCOL_DEFINITION ( 'international standard', 'config_control_design', 1994, #1323 ) ;
#1505 = CARTESIAN_POINT ( 'NONE',  ( -7.000000000000001776, -1.799999999999991163, 0.8000000000000000444 ) ) ;
#1506 = ORIENTED_EDGE ( 'NONE', *, *, #362, .T. ) ;
#1507 = EDGE_CURVE ( 'NONE', #263, #1122, #1478, .T. ) ;
#1508 = ORIENTED_EDGE ( 'NONE', *, *, #494, .T. ) ;
#1509 = VERTEX_POINT ( 'NONE', #1019 ) ;
#1510 = DIRECTION ( 'NONE',  ( 3.083952846180990774E-16, 1.000000000000000000, 0.000000000000000000 ) ) ;
#1511 = DIRECTION ( 'NONE',  ( 1.000000000000000000, 0.000000000000000000, 0.000000000000000000 ) ) ;
#1512 = EDGE_LOOP ( 'NONE', ( #124, #926, #627, #131, #674, #617, #1319, #485, #1171, #897, #717, #399 ) ) ;
#1513 = ORIENTED_EDGE ( 'NONE', *, *, #955, .T. ) ;
#1514 = DIRECTION ( 'NONE',  ( -1.000000000000000000, 0.000000000000000000, 0.000000000000000000 ) ) ;
#1515 = ORIENTED_EDGE ( 'NONE', *, *, #175, .T. ) ;
ENDSEC;
END-ISO-10303-21;
