ISO-10303-21;
HEADER;
FILE_DESCRIPTION (( 'STEP AP203' ),
    '1' );
FILE_NAME ('CHASSIS FINAL Front Part 3D print.STEP',
    '2026-08-29T13:48:56',
    ( '' ),
    ( '' ),
    'SwSTEP 2.0',
    'SolidWorks 2026',
    '' );
FILE_SCHEMA (( 'CONFIG_CONTROL_DESIGN' ));
ENDSEC;

DATA;
#1 = CIRCLE ( 'NONE', #280, 0.1700000000000000122 ) ;
#2 = APPROVAL_ROLE ( '' ) ;
#3 = DIRECTION ( 'NONE',  ( -1.000000000000000000, 0.000000000000000000, 0.000000000000000000 ) ) ;
#4 = DIRECTION ( 'NONE',  ( -0.000000000000000000, 0.000000000000000000, 1.000000000000000000 ) ) ;
#5 = EDGE_CURVE ( 'NONE', #1175, #688, #1784, .T. ) ;
#6 = ORIENTED_EDGE ( 'NONE', *, *, #1815, .T. ) ;
#7 = DIRECTION ( 'NONE',  ( 1.000000000000000000, 0.000000000000000000, 0.000000000000000000 ) ) ;
#8 = VECTOR ( 'NONE', #1922, 100.0000000000000000 ) ;
#9 = CARTESIAN_POINT ( 'NONE',  ( -1.750000000000000222, 4.600000000000001421, 0.2999999999999999889 ) ) ;
#10 = VERTEX_POINT ( 'NONE', #656 ) ;
#11 = CARTESIAN_POINT ( 'NONE',  ( -1.569999999999999840, 3.000000000000000444, 0.2999999999999999889 ) ) ;
#12 = DIRECTION ( 'NONE',  ( 0.000000000000000000, -0.000000000000000000, -1.000000000000000000 ) ) ;
#13 = ORIENTED_EDGE ( 'NONE', *, *, #1666, .T. ) ;
#14 = CC_DESIGN_DATE_AND_TIME_ASSIGNMENT ( #1864, #2796, ( #2881 ) ) ;
#15 = ADVANCED_FACE ( 'NONE', ( #2319 ), #464, .F. ) ;
#16 = EDGE_CURVE ( 'NONE', #964, #1891, #1186, .T. ) ;
#17 = ORIENTED_EDGE ( 'NONE', *, *, #1164, .F. ) ;
#18 = CARTESIAN_POINT ( 'NONE',  ( 1.399999999999999467, 1.000000000000000888, 0.2999999999999999889 ) ) ;
#19 = DIRECTION ( 'NONE',  ( 1.443675383471039126E-15, -1.000000000000000000, 0.000000000000000000 ) ) ;
#20 = LINE ( 'NONE', #1579, #171 ) ;
#21 = PERSON ( 'UNSPECIFIED', 'UNSPECIFIED', 'UNSPECIFIED', ('UNSPECIFIED'), ('UNSPECIFIED'), ('UNSPECIFIED') ) ;
#22 = CIRCLE ( 'NONE', #489, 0.1700000000000000122 ) ;
#23 = ORIENTED_EDGE ( 'NONE', *, *, #978, .F. ) ;
#24 = AXIS2_PLACEMENT_3D ( 'NONE', #2670, #2608, #1066 ) ;
#25 = CARTESIAN_POINT ( 'NONE',  ( -2.750000000000000444, 6.005462270129656943, 0.2999999999999999889 ) ) ;
#26 = EDGE_CURVE ( 'NONE', #52, #2085, #747, .T. ) ;
#27 = DIRECTION ( 'NONE',  ( 0.000000000000000000, -0.000000000000000000, -1.000000000000000000 ) ) ;
#28 = VECTOR ( 'NONE', #127, 100.0000000000000000 ) ;
#29 = ORIENTED_EDGE ( 'NONE', *, *, #1142, .T. ) ;
#30 = DIRECTION ( 'NONE',  ( 0.000000000000000000, 0.000000000000000000, 1.000000000000000000 ) ) ;
#31 = LINE ( 'NONE', #690, #1551 ) ;
#32 = ORIENTED_EDGE ( 'NONE', *, *, #2871, .T. ) ;
#33 = AXIS2_PLACEMENT_3D ( 'NONE', #2739, #2230, #682 ) ;
#34 = VECTOR ( 'NONE', #1393, 100.0000000000000000 ) ;
#35 = EDGE_CURVE ( 'NONE', #1482, #2577, #1645, .T. ) ;
#36 = ORIENTED_EDGE ( 'NONE', *, *, #594, .F. ) ;
#37 = DIRECTION ( 'NONE',  ( -0.000000000000000000, 0.000000000000000000, 1.000000000000000000 ) ) ;
#38 = LINE ( 'NONE', #294, #394 ) ;
#39 = DIRECTION ( 'NONE',  ( 0.000000000000000000, 0.000000000000000000, 1.000000000000000000 ) ) ;
#40 = ORIENTED_EDGE ( 'NONE', *, *, #2865, .T. ) ;
#41 = FACE_OUTER_BOUND ( 'NONE', #2056, .T. ) ;
#42 = CARTESIAN_POINT ( 'NONE',  ( -1.750000000000000222, 5.700000000000001066, 0.2999999999999999889 ) ) ;
#43 = VERTEX_POINT ( 'NONE', #732 ) ;
#44 = CARTESIAN_POINT ( 'NONE',  ( -1.399999999999999911, -2.999999999999999112, 0.2999999999999999889 ) ) ;
#45 = CIRCLE ( 'NONE', #2712, 0.1000000000000000888 ) ;
#46 = DIRECTION ( 'NONE',  ( 1.000000000000000000, 0.000000000000000000, 0.000000000000000000 ) ) ;
#47 = ORIENTED_EDGE ( 'NONE', *, *, #2105, .T. ) ;
#48 = VECTOR ( 'NONE', #2288, 100.0000000000000000 ) ;
#49 = DIRECTION ( 'NONE',  ( 1.000000000000000000, 0.000000000000000000, 0.000000000000000000 ) ) ;
#50 = DIRECTION ( 'NONE',  ( 1.000000000000000000, 0.000000000000000000, 0.000000000000000000 ) ) ;
#51 = ADVANCED_FACE ( 'NONE', ( #1658 ), #1884, .F. ) ;
#52 = VERTEX_POINT ( 'NONE', #54 ) ;
#53 = CARTESIAN_POINT ( 'NONE',  ( -5.732272311883346738, 11.04262037481126058, 0.2999999999999999889 ) ) ;
#54 = CARTESIAN_POINT ( 'NONE',  ( 1.750000000000000222, 6.006408686711816713, 0.5999999999999999778 ) ) ;
#55 = ORIENTED_EDGE ( 'NONE', *, *, #1195, .F. ) ;
#56 = DIRECTION ( 'NONE',  ( 1.000000000000000000, 0.000000000000000000, 0.000000000000000000 ) ) ;
#57 = DIRECTION ( 'NONE',  ( -1.000000000000000000, 0.000000000000000000, 0.000000000000000000 ) ) ;
#58 = ORIENTED_EDGE ( 'NONE', *, *, #2386, .F. ) ;
#59 = APPLICATION_CONTEXT ( 'configuration controlled 3d designs of mechanical parts and assemblies' ) ;
#60 = AXIS2_PLACEMENT_3D ( 'NONE', #2473, #246, #231 ) ;
#61 = EDGE_CURVE ( 'NONE', #999, #157, #1, .T. ) ;
#62 = CARTESIAN_POINT ( 'NONE',  ( -1.569999999999999840, -2.999999999999999112, 0.000000000000000000 ) ) ;
#63 = CARTESIAN_POINT ( 'NONE',  ( 0.4224040601249796634, 4.887775894410474997, 0.000000000000000000 ) ) ;
#64 = CIRCLE ( 'NONE', #1064, 0.1000000000000000888 ) ;
#65 = VERTEX_POINT ( 'NONE', #232 ) ;
#66 = AXIS2_PLACEMENT_3D ( 'NONE', #25, #1673, #2094 ) ;
#67 = PLANE ( 'NONE',  #2113 ) ;
#68 = DIRECTION ( 'NONE',  ( 0.000000000000000000, 0.000000000000000000, 1.000000000000000000 ) ) ;
#69 = ORIENTED_EDGE ( 'NONE', *, *, #895, .T. ) ;
#70 = CARTESIAN_POINT ( 'NONE',  ( -1.229999999999999760, -2.999999999999999112, 0.2999999999999999889 ) ) ;
#71 = EDGE_CURVE ( 'NONE', #1790, #1302, #2912, .T. ) ;
#72 = FACE_OUTER_BOUND ( 'NONE', #813, .T. ) ;
#73 = ORIENTED_EDGE ( 'NONE', *, *, #2672, .F. ) ;
#74 = AXIS2_PLACEMENT_3D ( 'NONE', #673, #1587, #2052 ) ;
#75 = ORIENTED_EDGE ( 'NONE', *, *, #2000, .F. ) ;
#76 = CARTESIAN_POINT ( 'NONE',  ( 5.617727688116653795, 0.000000000000000000, 0.2999999999999999889 ) ) ;
#77 = CARTESIAN_POINT ( 'NONE',  ( 6.070000000000000284, 8.630348062927913233, 0.5999999999999999778 ) ) ;
#78 = ORIENTED_EDGE ( 'NONE', *, *, #890, .T. ) ;
#79 = CARTESIAN_POINT ( 'NONE',  ( 6.067727688116653972, 11.03171190698623860, 0.5999999999999999778 ) ) ;
#80 = DIRECTION ( 'NONE',  ( 0.000000000000000000, -0.000000000000000000, 1.000000000000000000 ) ) ;
#81 = ORIENTED_EDGE ( 'NONE', *, *, #2495, .F. ) ;
#82 = DIRECTION ( 'NONE',  ( -0.000000000000000000, -0.000000000000000000, -1.000000000000000000 ) ) ;
#83 = ORIENTED_EDGE ( 'NONE', *, *, #284, .F. ) ;
#84 = EDGE_CURVE ( 'NONE', #2627, #1643, #144, .T. ) ;
#85 = AXIS2_PLACEMENT_3D ( 'NONE', #1470, #1265, #1483 ) ;
#86 = ORIENTED_EDGE ( 'NONE', *, *, #2894, .T. ) ;
#87 = FACE_BOUND ( 'NONE', #705, .T. ) ;
#88 = APPROVAL_STATUS ( 'not_yet_approved' ) ;
#89 = DIRECTION ( 'NONE',  ( -1.000000000000000000, 0.000000000000000000, 0.000000000000000000 ) ) ;
#90 = CARTESIAN_POINT ( 'NONE',  ( 0.000000000000000000, -4.499999999999998224, 0.2999999999999999889 ) ) ;
#91 = EDGE_LOOP ( 'NONE', ( #58, #2260 ) ) ;
#92 = CYLINDRICAL_SURFACE ( 'NONE', #2645, 0.1000000000000000888 ) ;
#93 = DIRECTION ( 'NONE',  ( 1.000000000000000000, 0.000000000000000000, 0.000000000000000000 ) ) ;
#94 = ORIENTED_EDGE ( 'NONE', *, *, #2825, .T. ) ;
#95 = FACE_OUTER_BOUND ( 'NONE', #2913, .T. ) ;
#96 = VERTEX_POINT ( 'NONE', #42 ) ;
#97 = ORIENTED_EDGE ( 'NONE', *, *, #1746, .F. ) ;
#98 = LINE ( 'NONE', #371, #2201 ) ;
#99 = DIRECTION ( 'NONE',  ( -0.000000000000000000, 0.000000000000000000, 1.000000000000000000 ) ) ;
#100 = CIRCLE ( 'NONE', #201, 0.1700000000000000122 ) ;
#101 = EDGE_CURVE ( 'NONE', #2298, #1780, #1389, .T. ) ;
#102 = EDGE_CURVE ( 'NONE', #503, #1534, #1999, .T. ) ;
#103 = FACE_OUTER_BOUND ( 'NONE', #105, .T. ) ;
#104 = FACE_BOUND ( 'NONE', #2270, .T. ) ;
#105 = EDGE_LOOP ( 'NONE', ( #2143, #806, #2751, #1333 ) ) ;
#106 = DIRECTION ( 'NONE',  ( 1.000000000000000000, 0.000000000000000000, 0.000000000000000000 ) ) ;
#107 = DIRECTION ( 'NONE',  ( -0.000000000000000000, -0.000000000000000000, -1.000000000000000000 ) ) ;
#108 = VECTOR ( 'NONE', #459, 100.0000000000000000 ) ;
#109 = ORIENTED_EDGE ( 'NONE', *, *, #5, .F. ) ;
#110 = DIRECTION ( 'NONE',  ( 0.000000000000000000, 0.000000000000000000, 1.000000000000000000 ) ) ;
#111 = CARTESIAN_POINT ( 'NONE',  ( 5.517727688116654150, 8.971230929720350744, 0.2999999999999999889 ) ) ;
#112 = ORIENTED_EDGE ( 'NONE', *, *, #1107, .T. ) ;
#113 = AXIS2_PLACEMENT_3D ( 'NONE', #1688, #345, #2427 ) ;
#114 = EDGE_LOOP ( 'NONE', ( #875, #613, #762, #1755 ) ) ;
#115 = CIRCLE ( 'NONE', #400, 0.1700000000000000122 ) ;
#116 = CARTESIAN_POINT ( 'NONE',  ( -6.082272311883346383, 10.94262037481125915, 0.2999999999999999889 ) ) ;
#117 = FACE_BOUND ( 'NONE', #1076, .T. ) ;
#118 = CIRCLE ( 'NONE', #1546, 0.1699999999999994849 ) ;
#119 = DIRECTION ( 'NONE',  ( 0.000000000000000000, -0.000000000000000000, -1.000000000000000000 ) ) ;
#120 = PLANE ( 'NONE',  #415 ) ;
#121 = ADVANCED_FACE ( 'NONE', ( #2276 ), #703, .F. ) ;
#122 = VECTOR ( 'NONE', #1765, 100.0000000000000000 ) ;
#123 = CARTESIAN_POINT ( 'NONE',  ( -1.229999999999999760, 2.000000000000000888, 0.000000000000000000 ) ) ;
#124 = DIRECTION ( 'NONE',  ( 0.000000000000000000, 0.000000000000000000, 1.000000000000000000 ) ) ;
#125 = DIRECTION ( 'NONE',  ( 0.9333456062030595080, 0.3589790793088694087, 0.000000000000000000 ) ) ;
#126 = ORIENTED_EDGE ( 'NONE', *, *, #2665, .T. ) ;
#127 = DIRECTION ( 'NONE',  ( -0.000000000000000000, -0.000000000000000000, 1.000000000000000000 ) ) ;
#128 = DIRECTION ( 'NONE',  ( 1.000000000000000000, 0.000000000000000000, 0.000000000000000000 ) ) ;
#129 = VERTEX_POINT ( 'NONE', #1198 ) ;
#130 = EDGE_LOOP ( 'NONE', ( #2713, #1867, #2419, #1558 ) ) ;
#131 = CARTESIAN_POINT ( 'NONE',  ( -2.087003757707245555, 2.511387036089636648, 0.000000000000000000 ) ) ;
#132 = CARTESIAN_POINT ( 'NONE',  ( -0.9093266739736218796, 7.225000000000020073, 0.5999999999999999778 ) ) ;
#133 = ADVANCED_FACE ( 'NONE', ( #1173 ), #1375, .F. ) ;
#134 = AXIS2_PLACEMENT_3D ( 'NONE', #2631, #839, #344 ) ;
#135 = CARTESIAN_POINT ( 'NONE',  ( -1.750000000000000222, 0.000000000000000000, 0.2999999999999999889 ) ) ;
#136 = DIRECTION ( 'NONE',  ( -0.000000000000000000, 0.000000000000000000, 1.000000000000000000 ) ) ;
#137 = CARTESIAN_POINT ( 'NONE',  ( -6.082272311883345495, 8.421071038315055546, 0.2999999999999999889 ) ) ;
#138 = CARTESIAN_POINT ( 'NONE',  ( 1.399999999999999467, 2.000000000000000888, 0.2999999999999999889 ) ) ;
#139 = PRODUCT_RELATED_PRODUCT_CATEGORY ( 'detail', '', ( #588 ) ) ;
#140 = DIRECTION ( 'NONE',  ( -0.000000000000000000, 0.000000000000000000, 1.000000000000000000 ) ) ;
#141 = EDGE_CURVE ( 'NONE', #1131, #963, #686, .T. ) ;
#142 = UNCERTAINTY_MEASURE_WITH_UNIT (LENGTH_MEASURE( 1.000000000000000082E-05 ), #458, 'distance_accuracy_value', 'NONE');
#143 = ORIENTED_EDGE ( 'NONE', *, *, #281, .F. ) ;
#144 = CIRCLE ( 'NONE', #2093, 0.1700000000000000122 ) ;
#145 = DIRECTION ( 'NONE',  ( 0.000000000000000000, 1.000000000000000000, -0.000000000000000000 ) ) ;
#146 = ADVANCED_FACE ( 'NONE', ( #1843 ), #716, .F. ) ;
#147 = VERTEX_POINT ( 'NONE', #2760 ) ;
#148 = VERTEX_POINT ( 'NONE', #2545 ) ;
#149 = CARTESIAN_POINT ( 'NONE',  ( -5.632272311883347093, 10.94262037481125915, 0.5999999999999999778 ) ) ;
#150 = DIRECTION ( 'NONE',  ( 0.9748040140364172546, -0.2230630722878367278, 0.000000000000000000 ) ) ;
#151 = ADVANCED_FACE ( 'NONE', ( #493 ), #1602, .F. ) ;
#152 = CIRCLE ( 'NONE', #2008, 0.1700000000000000122 ) ;
#153 = CARTESIAN_POINT ( 'NONE',  ( -6.082272311883346383, 10.94262037481125915, 0.5999999999999999778 ) ) ;
#154 = CARTESIAN_POINT ( 'NONE',  ( -1.079326673973621364, 7.225000000000020073, 0.2999999999999999889 ) ) ;
#155 = CARTESIAN_POINT ( 'NONE',  ( 5.617727688116653795, 10.93171190698623896, 0.2999999999999999889 ) ) ;
#156 = DIRECTION ( 'NONE',  ( 1.443675383471039521E-15, -1.000000000000000000, 0.000000000000000000 ) ) ;
#157 = VERTEX_POINT ( 'NONE', #827 ) ;
#158 = CARTESIAN_POINT ( 'NONE',  ( 1.978872763268170409, 5.310493624339570395, 0.2999999999999999889 ) ) ;
#159 = EDGE_LOOP ( 'NONE', ( #889, #229, #2205, #1274 ) ) ;
#160 = ADVANCED_FACE ( 'NONE', ( #1241 ), #519, .T. ) ;
#161 = ORIENTED_EDGE ( 'NONE', *, *, #1445, .F. ) ;
#162 = CIRCLE ( 'NONE', #828, 0.1700000000000000122 ) ;
#163 = FACE_OUTER_BOUND ( 'NONE', #1541, .T. ) ;
#164 = LINE ( 'NONE', #2840, #1104 ) ;
#165 = VECTOR ( 'NONE', #492, 100.0000000000000000 ) ;
#166 = FACE_OUTER_BOUND ( 'NONE', #2493, .T. ) ;
#167 = AXIS2_PLACEMENT_3D ( 'NONE', #1081, #2834, #1465 ) ;
#168 = VERTEX_POINT ( 'NONE', #1019 ) ;
#169 = CARTESIAN_POINT ( 'NONE',  ( 1.229999999999999538, -1.999999999999999112, 0.2999999999999999889 ) ) ;
#170 = DIRECTION ( 'NONE',  ( -0.000000000000000000, -0.000000000000000000, -1.000000000000000000 ) ) ;
#171 = VECTOR ( 'NONE', #697, 100.0000000000000000 ) ;
#172 = VERTEX_POINT ( 'NONE', #1899 ) ;
#173 = DIRECTION ( 'NONE',  ( 1.000000000000000000, 0.000000000000000000, 0.000000000000000000 ) ) ;
#174 = VERTEX_POINT ( 'NONE', #333 ) ;
#175 = VECTOR ( 'NONE', #290, 100.0000000000000000 ) ;
#176 = ORIENTED_EDGE ( 'NONE', *, *, #2080, .F. ) ;
#177 = DIRECTION ( 'NONE',  ( -0.000000000000000000, 0.000000000000000000, 1.000000000000000000 ) ) ;
#178 = DIRECTION ( 'NONE',  ( -0.000000000000000000, -0.000000000000000000, -1.000000000000000000 ) ) ;
#179 = ORIENTED_EDGE ( 'NONE', *, *, #2446, .F. ) ;
#180 = EDGE_CURVE ( 'NONE', #2700, #503, #302, .T. ) ;
#181 = APPROVAL_PERSON_ORGANIZATION ( #741, #1904, #327 ) ;
#182 = CIRCLE ( 'NONE', #1563, 0.1700000000000000122 ) ;
#183 = VERTEX_POINT ( 'NONE', #1476 ) ;
#184 = DIRECTION ( 'NONE',  ( -1.000000000000000000, 0.000000000000000000, 0.000000000000000000 ) ) ;
#185 = CYLINDRICAL_SURFACE ( 'NONE', #2253, 0.1700000000000000122 ) ;
#186 = DIRECTION ( 'NONE',  ( 0.000000000000000000, 0.000000000000000000, 1.000000000000000000 ) ) ;
#187 = ADVANCED_FACE ( 'NONE', ( #1945 ), #2576, .F. ) ;
#188 = ORIENTED_EDGE ( 'NONE', *, *, #1280, .T. ) ;
#189 = CARTESIAN_POINT ( 'NONE',  ( -1.399999999999999911, 2.000000000000000888, 0.000000000000000000 ) ) ;
#190 = EDGE_CURVE ( 'NONE', #43, #2348, #1215, .T. ) ;
#191 = VERTEX_POINT ( 'NONE', #2397 ) ;
#192 = ORIENTED_EDGE ( 'NONE', *, *, #1418, .F. ) ;
#193 = DIRECTION ( 'NONE',  ( -0.000000000000000000, 0.000000000000000000, 1.000000000000000000 ) ) ;
#194 = FACE_OUTER_BOUND ( 'NONE', #1289, .T. ) ;
#195 = ORIENTED_EDGE ( 'NONE', *, *, #2513, .F. ) ;
#196 = EDGE_CURVE ( 'NONE', #2348, #2479, #2329, .T. ) ;
#197 = EDGE_CURVE ( 'NONE', #1190, #275, #1046, .T. ) ;
#198 =( NAMED_UNIT ( * ) SI_UNIT ( $, .STERADIAN. ) SOLID_ANGLE_UNIT ( ) );
#199 = CARTESIAN_POINT ( 'NONE',  ( 1.148327140807688052, 5.200000000000001066, 0.000000000000000000 ) ) ;
#200 = CYLINDRICAL_SURFACE ( 'NONE', #1267, 0.1700000000000000122 ) ;
#201 = AXIS2_PLACEMENT_3D ( 'NONE', #2501, #2726, #1316 ) ;
#202 = ORIENTED_EDGE ( 'NONE', *, *, #2719, .F. ) ;
#203 = CARTESIAN_POINT ( 'NONE',  ( 0.1700000000000000122, 5.650000000000002132, 0.2999999999999999889 ) ) ;
#204 = ORIENTED_EDGE ( 'NONE', *, *, #359, .F. ) ;
#205 = ORIENTED_EDGE ( 'NONE', *, *, #2865, .F. ) ;
#206 = CARTESIAN_POINT ( 'NONE',  ( 6.167727688116653617, 10.93171190698623896, 0.2999999999999999889 ) ) ;
#207 = DIRECTION ( 'NONE',  ( 0.000000000000000000, -0.000000000000000000, 1.000000000000000000 ) ) ;
#208 = ORIENTED_EDGE ( 'NONE', *, *, #2823, .T. ) ;
#209 = VECTOR ( 'NONE', #2197, 100.0000000000000000 ) ;
#210 = DIRECTION ( 'NONE',  ( 1.000000000000000000, 0.000000000000000000, 0.000000000000000000 ) ) ;
#211 = FACE_OUTER_BOUND ( 'NONE', #1036, .T. ) ;
#212 = DIRECTION ( 'NONE',  ( 1.000000000000000000, 0.000000000000000000, 0.000000000000000000 ) ) ;
#213 = AXIS2_PLACEMENT_3D ( 'NONE', #1950, #1709, #2624 ) ;
#214 = ADVANCED_FACE ( 'NONE', ( #565 ), #580, .T. ) ;
#215 = AXIS2_PLACEMENT_3D ( 'NONE', #1463, #110, #1022 ) ;
#216 = VERTEX_POINT ( 'NONE', #2363 ) ;
#217 = DIRECTION ( 'NONE',  ( 0.000000000000000000, 0.000000000000000000, 1.000000000000000000 ) ) ;
#218 = ORIENTED_EDGE ( 'NONE', *, *, #1503, .T. ) ;
#219 = VERTEX_POINT ( 'NONE', #2830 ) ;
#220 = DIRECTION ( 'NONE',  ( 1.000000000000000000, 0.000000000000000000, 0.000000000000000000 ) ) ;
#221 = CARTESIAN_POINT ( 'NONE',  ( -1.229999999999999760, 2.000000000000000888, 0.2999999999999999889 ) ) ;
#222 = VERTEX_POINT ( 'NONE', #988 ) ;
#223 = ADVANCED_FACE ( 'NONE', ( #1704 ), #2620, .F. ) ;
#224 = EDGE_CURVE ( 'NONE', #2231, #1302, #1932, .T. ) ;
#225 = ORIENTED_EDGE ( 'NONE', *, *, #594, .T. ) ;
#226 = PERSON_AND_ORGANIZATION_ROLE ( 'design_owner' ) ;
#227 = DIRECTION ( 'NONE',  ( -1.000000000000000000, 0.000000000000000000, 0.000000000000000000 ) ) ;
#228 = CARTESIAN_POINT ( 'NONE',  ( -6.117190242076239848, 8.327365445360076279, 0.5999999999999999778 ) ) ;
#229 = ORIENTED_EDGE ( 'NONE', *, *, #61, .F. ) ;
#230 = EDGE_CURVE ( 'NONE', #470, #2108, #2623, .T. ) ;
#231 = DIRECTION ( 'NONE',  ( 1.000000000000000000, 0.000000000000000000, 0.000000000000000000 ) ) ;
#232 = CARTESIAN_POINT ( 'NONE',  ( -0.4257497785096041043, 4.887775894410474997, 0.000000000000000000 ) ) ;
#233 = EDGE_CURVE ( 'NONE', #1394, #469, #512, .T. ) ;
#234 = ORIENTED_EDGE ( 'NONE', *, *, #442, .T. ) ;
#235 = LINE ( 'NONE', #892, #1303 ) ;
#236 = EDGE_CURVE ( 'NONE', #1619, #1593, #873, .T. ) ;
#237 = CARTESIAN_POINT ( 'NONE',  ( -1.750000000000000222, 0.000000000000000000, 0.2999999999999999889 ) ) ;
#238 = ORIENTED_EDGE ( 'NONE', *, *, #2531, .F. ) ;
#239 = VECTOR ( 'NONE', #316, 100.0000000000000000 ) ;
#240 = EDGE_CURVE ( 'NONE', #860, #1570, #1141, .T. ) ;
#241 = ORIENTED_EDGE ( 'NONE', *, *, #2184, .T. ) ;
#242 = DIRECTION ( 'NONE',  ( 1.000000000000000000, 0.000000000000000000, 0.000000000000000000 ) ) ;
#243 = DIRECTION ( 'NONE',  ( 0.7673412907487273671, -0.6412389129740000415, 0.000000000000000000 ) ) ;
#244 = AXIS2_PLACEMENT_3D ( 'NONE', #707, #1636, #482 ) ;
#245 = VERTEX_POINT ( 'NONE', #2379 ) ;
#246 = DIRECTION ( 'NONE',  ( -0.000000000000000000, 0.000000000000000000, 1.000000000000000000 ) ) ;
#247 = VECTOR ( 'NONE', #2026, 100.0000000000000000 ) ;
#248 = CARTESIAN_POINT ( 'NONE',  ( 5.900000000000000355, 8.630348062927913233, 0.2999999999999999889 ) ) ;
#249 = VECTOR ( 'NONE', #2181, 100.0000000000000000 ) ;
#250 = ORIENTED_EDGE ( 'NONE', *, *, #2069, .F. ) ;
#251 = DIRECTION ( 'NONE',  ( -0.000000000000000000, 0.000000000000000000, 1.000000000000000000 ) ) ;
#252 = DIRECTION ( 'NONE',  ( 1.000000000000000000, 0.000000000000000000, 0.000000000000000000 ) ) ;
#253 = EDGE_LOOP ( 'NONE', ( #2009, #2430 ) ) ;
#254 = EDGE_CURVE ( 'NONE', #2227, #2774, #2848, .T. ) ;
#255 = AXIS2_PLACEMENT_3D ( 'NONE', #1181, #2089, #1865 ) ;
#256 = ORIENTED_EDGE ( 'NONE', *, *, #717, .T. ) ;
#257 = CARTESIAN_POINT ( 'NONE',  ( 1.229999999999999538, 1.000000000000000888, 0.2999999999999999889 ) ) ;
#258 = DIRECTION ( 'NONE',  ( -0.000000000000000000, 0.000000000000000000, 1.000000000000000000 ) ) ;
#259 = FACE_BOUND ( 'NONE', #1334, .T. ) ;
#260 = VERTEX_POINT ( 'NONE', #2862 ) ;
#261 = CIRCLE ( 'NONE', #2551, 0.1700000000000000122 ) ;
#262 = LINE ( 'NONE', #286, #2259 ) ;
#263 = DIRECTION ( 'NONE',  ( -1.000000000000000000, 0.000000000000000000, 0.000000000000000000 ) ) ;
#264 = AXIS2_PLACEMENT_3D ( 'NONE', #991, #1260, #2456 ) ;
#265 = VERTEX_POINT ( 'NONE', #365 ) ;
#266 = DIRECTION ( 'NONE',  ( 0.000000000000000000, -0.000000000000000000, -1.000000000000000000 ) ) ;
#267 = DIRECTION ( 'NONE',  ( 1.000000000000000000, 0.000000000000000000, 0.000000000000000000 ) ) ;
#268 = ORIENTED_EDGE ( 'NONE', *, *, #1294, .T. ) ;
#269 = CIRCLE ( 'NONE', #790, 0.1700000000000000122 ) ;
#270 = LINE ( 'NONE', #1639, #1253 ) ;
#271 = FACE_BOUND ( 'NONE', #1728, .T. ) ;
#272 = EDGE_LOOP ( 'NONE', ( #86, #2402, #952, #551 ) ) ;
#273 = CARTESIAN_POINT ( 'NONE',  ( -1.750000000000000222, -4.499999999999998224, 0.2999999999999999889 ) ) ;
#274 = DIRECTION ( 'NONE',  ( -0.000000000000000000, -0.000000000000000000, -1.000000000000000000 ) ) ;
#275 = VERTEX_POINT ( 'NONE', #1961 ) ;
#276 = LINE ( 'NONE', #1188, #1881 ) ;
#277 = CIRCLE ( 'NONE', #2233, 0.1700000000000000122 ) ;
#278 = DIRECTION ( 'NONE',  ( 1.000000000000000000, 0.000000000000000000, 0.000000000000000000 ) ) ;
#279 = ORIENTED_EDGE ( 'NONE', *, *, #1906, .F. ) ;
#280 = AXIS2_PLACEMENT_3D ( 'NONE', #248, #2079, #505 ) ;
#281 = EDGE_CURVE ( 'NONE', #842, #993, #1273, .T. ) ;
#282 = CARTESIAN_POINT ( 'NONE',  ( -0.000000000000000000, 11.03171190698623860, 0.2999999999999999889 ) ) ;
#283 = CARTESIAN_POINT ( 'NONE',  ( 1.399999999999999467, 3.000000000000000444, 0.2999999999999999889 ) ) ;
#284 = EDGE_CURVE ( 'NONE', #2673, #829, #377, .T. ) ;
#285 = EDGE_LOOP ( 'NONE', ( #2140, #208, #2764, #635 ) ) ;
#286 = CARTESIAN_POINT ( 'NONE',  ( 1.229999999999999538, -3.999999999999996003, 0.2999999999999999889 ) ) ;
#287 = CARTESIAN_POINT ( 'NONE',  ( 1.750000000000000222, 0.000000000000000000, 0.2999999999999999889 ) ) ;
#288 = ORIENTED_EDGE ( 'NONE', *, *, #2823, .F. ) ;
#289 = DIRECTION ( 'NONE',  ( -0.000000000000000000, -0.000000000000000000, -1.000000000000000000 ) ) ;
#290 = DIRECTION ( 'NONE',  ( -0.000000000000000000, -0.000000000000000000, -1.000000000000000000 ) ) ;
#291 = VERTEX_POINT ( 'NONE', #2653 ) ;
#292 = ORIENTED_EDGE ( 'NONE', *, *, #443, .T. ) ;
#293 = SHAPE_DEFINITION_REPRESENTATION ( #2114, #1009 ) ;
#294 = CARTESIAN_POINT ( 'NONE',  ( 1.750000000000000222, 0.000000000000000000, 0.2999999999999999889 ) ) ;
#295 = AXIS2_PLACEMENT_3D ( 'NONE', #898, #666, #417 ) ;
#296 = FACE_BOUND ( 'NONE', #1204, .T. ) ;
#297 = AXIS2_PLACEMENT_3D ( 'NONE', #2647, #1941, #89 ) ;
#298 = EDGE_LOOP ( 'NONE', ( #1743, #475, #1583, #303 ) ) ;
#299 = CIRCLE ( 'NONE', #399, 0.1700000000000000122 ) ;
#300 = CARTESIAN_POINT ( 'NONE',  ( -6.182272311883345139, 8.421071038315055546, 0.5999999999999999778 ) ) ;
#301 = EDGE_CURVE ( 'NONE', #2159, #729, #599, .T. ) ;
#302 = LINE ( 'NONE', #2815, #1714 ) ;
#303 = ORIENTED_EDGE ( 'NONE', *, *, #2213, .T. ) ;
#304 = CARTESIAN_POINT ( 'NONE',  ( -1.399999999999999911, 1.000000000000000666, 0.2999999999999999889 ) ) ;
#305 = ORIENTED_EDGE ( 'NONE', *, *, #311, .F. ) ;
#306 = CIRCLE ( 'NONE', #683, 0.1000000000000000888 ) ;
#307 = ORIENTED_EDGE ( 'NONE', *, *, #2250, .T. ) ;
#308 = FACE_BOUND ( 'NONE', #2124, .T. ) ;
#309 = AXIS2_PLACEMENT_3D ( 'NONE', #1356, #4, #1314 ) ;
#310 = PERSON_AND_ORGANIZATION ( #21, #1751 ) ;
#311 = EDGE_CURVE ( 'NONE', #219, #2476, #1625, .T. ) ;
#312 = LINE ( 'NONE', #2630, #1828 ) ;
#313 = DIRECTION ( 'NONE',  ( -0.000000000000000000, 0.000000000000000000, 1.000000000000000000 ) ) ;
#314 = ORIENTED_EDGE ( 'NONE', *, *, #1069, .T. ) ;
#315 = LINE ( 'NONE', #1717, #529 ) ;
#316 = DIRECTION ( 'NONE',  ( -0.000000000000000000, -0.000000000000000000, -1.000000000000000000 ) ) ;
#317 = ORIENTED_EDGE ( 'NONE', *, *, #2568, .F. ) ;
#318 = CYLINDRICAL_SURFACE ( 'NONE', #215, 0.1000000000000000888 ) ;
#319 = EDGE_CURVE ( 'NONE', #1175, #406, #1150, .T. ) ;
#320 = EDGE_LOOP ( 'NONE', ( #1622, #225 ) ) ;
#321 = EDGE_CURVE ( 'NONE', #1098, #1512, #2011, .T. ) ;
#322 = VECTOR ( 'NONE', #186, 100.0000000000000000 ) ;
#323 = ORIENTED_EDGE ( 'NONE', *, *, #2220, .T. ) ;
#324 = DIRECTION ( 'NONE',  ( 1.000000000000000000, 0.000000000000000000, 0.000000000000000000 ) ) ;
#325 = CARTESIAN_POINT ( 'NONE',  ( 1.399999999999999467, -2.999999999999999112, 0.2999999999999999889 ) ) ;
#326 = CC_DESIGN_APPROVAL ( #2254, ( #2881 ) ) ;
#327 = APPROVAL_ROLE ( '' ) ;
#328 = FACE_OUTER_BOUND ( 'NONE', #285, .T. ) ;
#329 = CARTESIAN_POINT ( 'NONE',  ( 1.750000000000000222, 8.300000000000002487, 0.2999999999999999889 ) ) ;
#330 = AXIS2_PLACEMENT_3D ( 'NONE', #1719, #140, #93 ) ;
#331 = VERTEX_POINT ( 'NONE', #2660 ) ;
#332 = CARTESIAN_POINT ( 'NONE',  ( 0.7393266739737027748, 7.224999999999980105, 0.5999999999999999778 ) ) ;
#333 = CARTESIAN_POINT ( 'NONE',  ( 1.569999999999999618, 3.000000000000000444, 0.2999999999999999889 ) ) ;
#334 = ORIENTED_EDGE ( 'NONE', *, *, #2772, .F. ) ;
#335 = CARTESIAN_POINT ( 'NONE',  ( 0.000000000000000000, 4.887775894410474997, 0.000000000000000000 ) ) ;
#336 = LINE ( 'NONE', #1245, #1396 ) ;
#337 = ORIENTED_EDGE ( 'NONE', *, *, #941, .F. ) ;
#338 = VERTEX_POINT ( 'NONE', #2407 ) ;
#339 = DIRECTION ( 'NONE',  ( -0.000000000000000000, -0.000000000000000000, -1.000000000000000000 ) ) ;
#340 = DIRECTION ( 'NONE',  ( 1.000000000000000000, 0.000000000000000000, 0.000000000000000000 ) ) ;
#341 = ORIENTED_EDGE ( 'NONE', *, *, #1617, .F. ) ;
#342 = EDGE_CURVE ( 'NONE', #1190, #2447, #1713, .T. ) ;
#343 = CARTESIAN_POINT ( 'NONE',  ( 1.399999999999999467, 3.000000000000000444, 0.2999999999999999889 ) ) ;
#344 = DIRECTION ( 'NONE',  ( 1.000000000000000000, 0.000000000000000000, 0.000000000000000000 ) ) ;
#345 = DIRECTION ( 'NONE',  ( -0.000000000000000000, -0.000000000000000000, -1.000000000000000000 ) ) ;
#346 = CYLINDRICAL_SURFACE ( 'NONE', #1028, 0.1700000000000000122 ) ;
#347 = CARTESIAN_POINT ( 'NONE',  ( 1.569999999999999618, -3.999999999999996003, 0.2999999999999999889 ) ) ;
#348 = AXIS2_PLACEMENT_3D ( 'NONE', #2378, #1959, #2651 ) ;
#349 = ORIENTED_EDGE ( 'NONE', *, *, #352, .T. ) ;
#350 = DIRECTION ( 'NONE',  ( -1.000000000000000000, 0.000000000000000000, 0.000000000000000000 ) ) ;
#351 = DIRECTION ( 'NONE',  ( 1.000000000000000000, 0.000000000000000000, 0.000000000000000000 ) ) ;
#352 = EDGE_CURVE ( 'NONE', #2380, #2486, #164, .T. ) ;
#353 = ORIENTED_EDGE ( 'NONE', *, *, #1895, .F. ) ;
#354 = ORIENTED_EDGE ( 'NONE', *, *, #369, .F. ) ;
#355 = VECTOR ( 'NONE', #2308, 99.99999999999998579 ) ;
#356 = FACE_BOUND ( 'NONE', #2160, .T. ) ;
#357 = CARTESIAN_POINT ( 'NONE',  ( 1.399999999999999467, 3.000000000000000444, 0.2999999999999999889 ) ) ;
#358 = VECTOR ( 'NONE', #1496, 100.0000000000000000 ) ;
#359 = EDGE_CURVE ( 'NONE', #174, #183, #2538, .T. ) ;
#360 = DIRECTION ( 'NONE',  ( 1.000000000000000000, 0.000000000000000000, 0.000000000000000000 ) ) ;
#361 = CYLINDRICAL_SURFACE ( 'NONE', #1367, 0.1700000000000000122 ) ;
#362 = AXIS2_PLACEMENT_3D ( 'NONE', #1363, #2053, #2875 ) ;
#363 = DIRECTION ( 'NONE',  ( 1.000000000000000000, 0.000000000000000000, 0.000000000000000000 ) ) ;
#364 = DIRECTION ( 'NONE',  ( -0.000000000000000000, 0.000000000000000000, 1.000000000000000000 ) ) ;
#365 = CARTESIAN_POINT ( 'NONE',  ( 1.569999999999999618, 1.000000000000000888, 0.2999999999999999889 ) ) ;
#366 = ORIENTED_EDGE ( 'NONE', *, *, #2408, .T. ) ;
#367 = DIRECTION ( 'NONE',  ( -0.7690969352569497763, -0.6391321492292240114, 0.000000000000000000 ) ) ;
#368 = ORIENTED_EDGE ( 'NONE', *, *, #744, .T. ) ;
#369 = EDGE_CURVE ( 'NONE', #1087, #2015, #836, .T. ) ;
#370 = ORIENTED_EDGE ( 'NONE', *, *, #2871, .F. ) ;
#371 = CARTESIAN_POINT ( 'NONE',  ( 1.229999999999999538, -1.999999999999999112, 0.2999999999999999889 ) ) ;
#372 = DIRECTION ( 'NONE',  ( 0.000000000000000000, 0.000000000000000000, -1.000000000000000000 ) ) ;
#373 = CARTESIAN_POINT ( 'NONE',  ( 6.067727688116653972, 10.93171190698623896, 0.2999999999999999889 ) ) ;
#374 = DIRECTION ( 'NONE',  ( 0.000000000000000000, 0.000000000000000000, -1.000000000000000000 ) ) ;
#375 = DIRECTION ( 'NONE',  ( -1.000000000000000000, 0.000000000000000000, 0.000000000000000000 ) ) ;
#376 = DIRECTION ( 'NONE',  ( -0.000000000000000000, 0.000000000000000000, 1.000000000000000000 ) ) ;
#377 = LINE ( 'NONE', #1509, #563 ) ;
#378 = EDGE_CURVE ( 'NONE', #714, #2854, #2371, .T. ) ;
#379 = ORIENTED_EDGE ( 'NONE', *, *, #84, .F. ) ;
#380 = AXIS2_PLACEMENT_3D ( 'NONE', #915, #959, #975 ) ;
#381 = LINE ( 'NONE', #158, #1584 ) ;
#382 = EDGE_LOOP ( 'NONE', ( #1721, #2434 ) ) ;
#383 = EDGE_LOOP ( 'NONE', ( #793, #1833, #323, #1902 ) ) ;
#384 = FACE_OUTER_BOUND ( 'NONE', #1610, .T. ) ;
#385 = LINE ( 'NONE', #1073, #2152 ) ;
#386 = DIRECTION ( 'NONE',  ( -0.000000000000000000, 0.000000000000000000, 1.000000000000000000 ) ) ;
#387 = DIRECTION ( 'NONE',  ( -0.000000000000000000, -0.000000000000000000, -1.000000000000000000 ) ) ;
#388 = PLANE ( 'NONE',  #2466 ) ;
#389 = ORIENTED_EDGE ( 'NONE', *, *, #537, .T. ) ;
#390 = EDGE_CURVE ( 'NONE', #2464, #2937, #1745, .T. ) ;
#391 = CARTESIAN_POINT ( 'NONE',  ( -1.399999999999999911, -2.999999999999999112, 0.000000000000000000 ) ) ;
#392 = ORIENTED_EDGE ( 'NONE', *, *, #2825, .F. ) ;
#393 = EDGE_CURVE ( 'NONE', #1482, #2159, #2682, .T. ) ;
#394 = VECTOR ( 'NONE', #1385, 100.0000000000000000 ) ;
#395 = ORIENTED_EDGE ( 'NONE', *, *, #2040, .T. ) ;
#396 = DIRECTION ( 'NONE',  ( 0.000000000000000000, 0.000000000000000000, -1.000000000000000000 ) ) ;
#397 = CYLINDRICAL_SURFACE ( 'NONE', #2247, 0.1700000000000000122 ) ;
#398 = ORIENTED_EDGE ( 'NONE', *, *, #1908, .T. ) ;
#399 = AXIS2_PLACEMENT_3D ( 'NONE', #420, #2245, #1644 ) ;
#400 = AXIS2_PLACEMENT_3D ( 'NONE', #633, #1529, #1117 ) ;
#401 = VECTOR ( 'NONE', #82, 100.0000000000000000 ) ;
#402 = LINE ( 'NONE', #2817, #1263 ) ;
#403 = DIRECTION ( 'NONE',  ( -1.000000000000000000, 0.000000000000000000, 0.000000000000000000 ) ) ;
#404 = DIRECTION ( 'NONE',  ( -0.000000000000000000, 0.000000000000000000, 1.000000000000000000 ) ) ;
#405 = AXIS2_PLACEMENT_3D ( 'NONE', #1750, #2171, #2215 ) ;
#406 = VERTEX_POINT ( 'NONE', #605 ) ;
#407 = DIRECTION ( 'NONE',  ( 1.000000000000000000, 0.000000000000000000, 0.000000000000000000 ) ) ;
#408 = ORIENTED_EDGE ( 'NONE', *, *, #1069, .F. ) ;
#409 = ADVANCED_FACE ( 'NONE', ( #573 ), #1484, .T. ) ;
#410 = ORIENTED_EDGE ( 'NONE', *, *, #2844, .F. ) ;
#411 = CARTESIAN_POINT ( 'NONE',  ( -5.900000000000000355, 8.630348062927911457, 0.5999999999999999778 ) ) ;
#412 = DIRECTION ( 'NONE',  ( -1.000000000000000000, 0.000000000000000000, 0.000000000000000000 ) ) ;
#413 = VERTEX_POINT ( 'NONE', #2423 ) ;
#414 = ADVANCED_FACE ( 'NONE', ( #2612 ), #1954, .F. ) ;
#415 = AXIS2_PLACEMENT_3D ( 'NONE', #1986, #1748, #2648 ) ;
#416 = CARTESIAN_POINT ( 'NONE',  ( 5.717727688116654328, 11.03171190698623860, 0.2999999999999999889 ) ) ;
#417 = DIRECTION ( 'NONE',  ( 1.000000000000000000, 0.000000000000000000, 0.000000000000000000 ) ) ;
#418 = CYLINDRICAL_SURFACE ( 'NONE', #1451, 0.1700000000000000122 ) ;
#419 = EDGE_LOOP ( 'NONE', ( #1678, #1841 ) ) ;
#420 = CARTESIAN_POINT ( 'NONE',  ( -1.400000000000000133, -3.999999999999996003, 0.000000000000000000 ) ) ;
#421 = VERTEX_POINT ( 'NONE', #2163 ) ;
#422 = AXIS2_PLACEMENT_3D ( 'NONE', #2530, #1827, #2803 ) ;
#423 = ORIENTED_EDGE ( 'NONE', *, *, #1332, .T. ) ;
#424 = CARTESIAN_POINT ( 'NONE',  ( 2.085101991264611154, 2.495146225451545963, 0.2999999999999999889 ) ) ;
#425 = DIRECTION ( 'NONE',  ( -0.000000000000000000, 0.000000000000000000, 1.000000000000000000 ) ) ;
#426 = ORIENTED_EDGE ( 'NONE', *, *, #2837, .F. ) ;
#427 = ADVANCED_FACE ( 'NONE', ( #805, #821, #1730, #117, #1027, #1940, #592, #2857 ), #1516, .F. ) ;
#428 = CYLINDRICAL_SURFACE ( 'NONE', #1170, 0.1700000000000000122 ) ;
#429 = CARTESIAN_POINT ( 'NONE',  ( -1.399999999999999911, -1.999999999999999112, 0.2999999999999999889 ) ) ;
#430 = CARTESIAN_POINT ( 'NONE',  ( 1.079326673973703521, 7.224999999999980105, 0.5999999999999999778 ) ) ;
#431 = ORIENTED_EDGE ( 'NONE', *, *, #1985, .F. ) ;
#432 = EDGE_CURVE ( 'NONE', #1442, #1024, #385, .T. ) ;
#433 = DIRECTION ( 'NONE',  ( -0.000000000000000000, 0.000000000000000000, 1.000000000000000000 ) ) ;
#434 = VERTEX_POINT ( 'NONE', #2902 ) ;
#435 = EDGE_LOOP ( 'NONE', ( #1021, #603, #2282, #454 ) ) ;
#436 = DIRECTION ( 'NONE',  ( -0.000000000000000000, -0.000000000000000000, -1.000000000000000000 ) ) ;
#437 = VECTOR ( 'NONE', #1552, 100.0000000000000000 ) ;
#438 = DIRECTION ( 'NONE',  ( 1.000000000000000000, 0.000000000000000000, 0.000000000000000000 ) ) ;
#439 = ORIENTED_EDGE ( 'NONE', *, *, #2587, .F. ) ;
#440 = VECTOR ( 'NONE', #1497, 100.0000000000000000 ) ;
#441 = VECTOR ( 'NONE', #746, 100.0000000000000000 ) ;
#442 = EDGE_CURVE ( 'NONE', #694, #172, #2923, .T. ) ;
#443 = EDGE_CURVE ( 'NONE', #1380, #1358, #1002, .T. ) ;
#444 = CARTESIAN_POINT ( 'NONE',  ( -2.750000000000000444, 6.005462270129656943, 0.5999999999999999778 ) ) ;
#445 = DIRECTION ( 'NONE',  ( 1.000000000000000000, 0.000000000000000000, 0.000000000000000000 ) ) ;
#446 = VECTOR ( 'NONE', #1771, 99.99999999999998579 ) ;
#447 = EDGE_CURVE ( 'NONE', #1656, #671, #1769, .T. ) ;
#448 = ORIENTED_EDGE ( 'NONE', *, *, #837, .F. ) ;
#449 = CARTESIAN_POINT ( 'NONE',  ( -5.730000000000000426, 8.630348062927911457, 0.5999999999999999778 ) ) ;
#450 = CARTESIAN_POINT ( 'NONE',  ( 0.000000000000000000, 5.650000000000002132, 0.2999999999999999889 ) ) ;
#451 = ORIENTED_EDGE ( 'NONE', *, *, #1285, .T. ) ;
#452 = CARTESIAN_POINT ( 'NONE',  ( -1.569999999999999840, -0.9999999999999990008, 0.000000000000000000 ) ) ;
#453 = CYLINDRICAL_SURFACE ( 'NONE', #362, 0.1700000000000000122 ) ;
#454 = ORIENTED_EDGE ( 'NONE', *, *, #1575, .F. ) ;
#455 = EDGE_CURVE ( 'NONE', #2641, #1694, #474, .T. ) ;
#456 = APPROVAL_PERSON_ORGANIZATION ( #1369, #2254, #2 ) ;
#457 = ORIENTED_EDGE ( 'NONE', *, *, #570, .F. ) ;
#458 =( LENGTH_UNIT ( ) NAMED_UNIT ( * ) SI_UNIT ( .CENTI., .METRE. ) );
#459 = DIRECTION ( 'NONE',  ( -0.000000000000000000, -1.000000000000000000, -0.000000000000000000 ) ) ;
#460 = DIRECTION ( 'NONE',  ( 1.000000000000000000, 0.000000000000000000, 0.000000000000000000 ) ) ;
#461 = ORIENTED_EDGE ( 'NONE', *, *, #2531, .T. ) ;
#462 = DIRECTION ( 'NONE',  ( -0.000000000000000000, -0.000000000000000000, -1.000000000000000000 ) ) ;
#463 = EDGE_CURVE ( 'NONE', #2835, #1570, #2776, .T. ) ;
#464 = CYLINDRICAL_SURFACE ( 'NONE', #422, 0.1700000000000003730 ) ;
#465 = PRODUCT_DEFINITION_FORMATION_WITH_SPECIFIED_SOURCE ( 'ANY', '', #588, .NOT_KNOWN. ) ;
#466 = ORIENTED_EDGE ( 'NONE', *, *, #1395, .T. ) ;
#467 = CYLINDRICAL_SURFACE ( 'NONE', #1543, 0.1700000000000000122 ) ;
#468 = LINE ( 'NONE', #2322, #34 ) ;
#469 = VERTEX_POINT ( 'NONE', #1407 ) ;
#470 = VERTEX_POINT ( 'NONE', #2280 ) ;
#471 = LINE ( 'NONE', #1595, #1232 ) ;
#472 = DIRECTION ( 'NONE',  ( -0.000000000000000000, 0.000000000000000000, 1.000000000000000000 ) ) ;
#473 = DIRECTION ( 'NONE',  ( 1.000000000000000000, 0.000000000000000000, 0.000000000000000000 ) ) ;
#474 = CIRCLE ( 'NONE', #2148, 0.1700000000000000122 ) ;
#475 = ORIENTED_EDGE ( 'NONE', *, *, #1105, .F. ) ;
#476 = CARTESIAN_POINT ( 'NONE',  ( 6.070000000000000284, 8.630348062927913233, 0.2999999999999999889 ) ) ;
#477 = CIRCLE ( 'NONE', #2632, 0.1700000000000000122 ) ;
#478 = CARTESIAN_POINT ( 'NONE',  ( 1.569999999999999618, -0.9999999999999987788, 0.2999999999999999889 ) ) ;
#479 = VECTOR ( 'NONE', #1057, 100.0000000000000000 ) ;
#480 = EDGE_LOOP ( 'NONE', ( #1452, #649, #1847, #1007 ) ) ;
#481 = CARTESIAN_POINT ( 'NONE',  ( 1.399999999999999467, 2.000000000000000888, 0.2999999999999999889 ) ) ;
#482 = DIRECTION ( 'NONE',  ( -1.000000000000000000, 0.000000000000000000, 0.000000000000000000 ) ) ;
#483 = ORIENTED_EDGE ( 'NONE', *, *, #1854, .T. ) ;
#484 = AXIS2_PLACEMENT_3D ( 'NONE', #501, #2101, #2754 ) ;
#485 = ORIENTED_EDGE ( 'NONE', *, *, #2514, .F. ) ;
#486 = DATE_TIME_ROLE ( 'classification_date' ) ;
#487 = DIRECTION ( 'NONE',  ( 0.9748040140364172546, -0.2230630722878367278, 0.000000000000000000 ) ) ;
#488 = FACE_BOUND ( 'NONE', #1844, .T. ) ;
#489 = AXIS2_PLACEMENT_3D ( 'NONE', #2330, #957, #535 ) ;
#490 = ORIENTED_EDGE ( 'NONE', *, *, #2366, .F. ) ;
#491 = AXIS2_PLACEMENT_3D ( 'NONE', #2805, #2109, #706 ) ;
#492 = DIRECTION ( 'NONE',  ( -0.000000000000000000, -0.000000000000000000, 1.000000000000000000 ) ) ;
#493 = FACE_OUTER_BOUND ( 'NONE', #1354, .T. ) ;
#494 = CIRCLE ( 'NONE', #1687, 0.1000000000000007827 ) ;
#495 = ORIENTED_EDGE ( 'NONE', *, *, #2513, .T. ) ;
#496 = DIRECTION ( 'NONE',  ( 1.000000000000000000, 0.000000000000000000, 0.000000000000000000 ) ) ;
#497 = CARTESIAN_POINT ( 'NONE',  ( 5.900000000000000355, 10.76034806292791224, 0.2999999999999999889 ) ) ;
#498 = ORIENTED_EDGE ( 'NONE', *, *, #2105, .F. ) ;
#499 = EDGE_CURVE ( 'NONE', #1643, #2627, #2293, .T. ) ;
#500 = APPROVAL_STATUS ( 'not_yet_approved' ) ;
#501 = CARTESIAN_POINT ( 'NONE',  ( 0.000000000000000000, 5.650000000000002132, 0.8500000000000000888 ) ) ;
#502 = DIRECTION ( 'NONE',  ( 0.000000000000000000, -0.000000000000000000, -1.000000000000000000 ) ) ;
#503 = VERTEX_POINT ( 'NONE', #2098 ) ;
#504 = DIRECTION ( 'NONE',  ( 1.000000000000000000, 0.000000000000000000, 0.000000000000000000 ) ) ;
#505 = DIRECTION ( 'NONE',  ( 1.000000000000000000, 0.000000000000000000, 0.000000000000000000 ) ) ;
#506 = ORIENTED_EDGE ( 'NONE', *, *, #2699, .T. ) ;
#507 = DIRECTION ( 'NONE',  ( -0.000000000000000000, 0.000000000000000000, 1.000000000000000000 ) ) ;
#508 = AXIS2_PLACEMENT_3D ( 'NONE', #2783, #1866, #2327 ) ;
#509 = CARTESIAN_POINT ( 'NONE',  ( 0.1700000000000000122, 5.650000000000002132, 0.8500000000000000888 ) ) ;
#510 = EDGE_LOOP ( 'NONE', ( #349, #1212, #1428, #1675 ) ) ;
#511 = VERTEX_POINT ( 'NONE', #919 ) ;
#512 = CIRCLE ( 'NONE', #1329, 0.1700000000000000122 ) ;
#513 = EDGE_CURVE ( 'NONE', #2700, #2234, #1526, .T. ) ;
#514 = APPROVAL_DATE_TIME ( #1907, #2254 ) ;
#515 = CARTESIAN_POINT ( 'NONE',  ( -5.732272311883346738, 10.94262037481125915, 0.5999999999999999778 ) ) ;
#516 = FACE_BOUND ( 'NONE', #949, .T. ) ;
#517 = ORIENTED_EDGE ( 'NONE', *, *, #2136, .F. ) ;
#518 = CARTESIAN_POINT ( 'NONE',  ( -1.570000000000000284, 4.163336342344337027E-15, 0.000000000000000000 ) ) ;
#519 = PLANE ( 'NONE',  #1421 ) ;
#520 = VERTEX_POINT ( 'NONE', #1648 ) ;
#521 = DIRECTION ( 'NONE',  ( -1.000000000000000000, 0.000000000000000000, 0.000000000000000000 ) ) ;
#522 = AXIS2_PLACEMENT_3D ( 'NONE', #893, #2929, #438 ) ;
#523 = DIRECTION ( 'NONE',  ( 1.000000000000000000, 0.000000000000000000, 0.000000000000000000 ) ) ;
#524 = EDGE_LOOP ( 'NONE', ( #97, #1649, #1855, #466 ) ) ;
#525 = EDGE_CURVE ( 'NONE', #65, #2360, #1832, .T. ) ;
#526 = EDGE_LOOP ( 'NONE', ( #752, #1422, #2745, #920 ) ) ;
#527 = FACE_BOUND ( 'NONE', #672, .T. ) ;
#528 = CARTESIAN_POINT ( 'NONE',  ( -1.230000000000000204, -3.999999999999996003, 0.000000000000000000 ) ) ;
#529 = VECTOR ( 'NONE', #1062, 100.0000000000000000 ) ;
#530 = FACE_OUTER_BOUND ( 'NONE', #272, .T. ) ;
#531 = EDGE_CURVE ( 'NONE', #2819, #147, #2077, .T. ) ;
#532 = EDGE_CURVE ( 'NONE', #265, #1766, #31, .T. ) ;
#533 = ORIENTED_EDGE ( 'NONE', *, *, #1746, .T. ) ;
#534 = AXIS2_PLACEMENT_3D ( 'NONE', #2558, #2786, #1616 ) ;
#535 = DIRECTION ( 'NONE',  ( 1.000000000000000000, 0.000000000000000000, 0.000000000000000000 ) ) ;
#536 = CARTESIAN_POINT ( 'NONE',  ( -1.399999999999999911, -0.9999999999999990008, 0.2999999999999999889 ) ) ;
#537 = EDGE_CURVE ( 'NONE', #2234, #1534, #2535, .T. ) ;
#538 = ORIENTED_EDGE ( 'NONE', *, *, #1817, .T. ) ;
#539 = CARTESIAN_POINT ( 'NONE',  ( 3.981432234456317776, 8.380348062927913233, 0.5999999999999999778 ) ) ;
#540 = ORIENTED_EDGE ( 'NONE', *, *, #941, .T. ) ;
#541 = CIRCLE ( 'NONE', #1020, 1.000000000000000000 ) ;
#542 = ORIENTED_EDGE ( 'NONE', *, *, #2705, .T. ) ;
#543 = CARTESIAN_POINT ( 'NONE',  ( -1.399999999999999911, -0.9999999999999990008, 0.000000000000000000 ) ) ;
#544 = DIRECTION ( 'NONE',  ( 1.000000000000000000, 0.000000000000000000, 0.000000000000000000 ) ) ;
#545 = ADVANCED_FACE ( 'NONE', ( #951 ), #1160, .F. ) ;
#546 = FACE_OUTER_BOUND ( 'NONE', #1933, .T. ) ;
#547 = CARTESIAN_POINT ( 'NONE',  ( -1.229999999999999760, 3.000000000000000444, 0.000000000000000000 ) ) ;
#548 = ORIENTED_EDGE ( 'NONE', *, *, #2918, .F. ) ;
#549 = FACE_OUTER_BOUND ( 'NONE', #1187, .T. ) ;
#550 = DIRECTION ( 'NONE',  ( -0.000000000000000000, 0.000000000000000000, 1.000000000000000000 ) ) ;
#551 = ORIENTED_EDGE ( 'NONE', *, *, #2570, .F. ) ;
#552 = LINE ( 'NONE', #2637, #28 ) ;
#553 = EDGE_CURVE ( 'NONE', #1624, #1966, #468, .T. ) ;
#554 = LINE ( 'NONE', #2191, #637 ) ;
#555 = EDGE_LOOP ( 'NONE', ( #2582, #2879 ) ) ;
#556 = AXIS2_PLACEMENT_3D ( 'NONE', #2341, #775, #1211 ) ;
#557 = ORIENTED_EDGE ( 'NONE', *, *, #1285, .F. ) ;
#558 = DIRECTION ( 'NONE',  ( -0.000000000000000000, -0.000000000000000000, -1.000000000000000000 ) ) ;
#559 = DIRECTION ( 'NONE',  ( 0.000000000000000000, 0.000000000000000000, 1.000000000000000000 ) ) ;
#560 = CIRCLE ( 'NONE', #2376, 0.1700000000000000122 ) ;
#561 = CARTESIAN_POINT ( 'NONE',  ( -5.632272311883346205, 8.733560568322646489, 0.2999999999999999889 ) ) ;
#562 = CARTESIAN_POINT ( 'NONE',  ( -1.399999999999999911, -0.9999999999999990008, 0.000000000000000000 ) ) ;
#563 = VECTOR ( 'NONE', #1737, 100.0000000000000000 ) ;
#564 = CARTESIAN_POINT ( 'NONE',  ( 1.229999999999999538, 2.000000000000000888, 0.2999999999999999889 ) ) ;
#565 = FACE_OUTER_BOUND ( 'NONE', #2246, .T. ) ;
#566 = VERTEX_POINT ( 'NONE', #722 ) ;
#567 = CARTESIAN_POINT ( 'NONE',  ( -0.4257497785096041043, 5.887775894410474997, -0.7000000000000000666 ) ) ;
#568 = CARTESIAN_POINT ( 'NONE',  ( 2.750000000000000444, 6.006408686711816713, 0.5999999999999999778 ) ) ;
#569 = ORIENTED_EDGE ( 'NONE', *, *, #1592, .F. ) ;
#570 = EDGE_CURVE ( 'NONE', #688, #2486, #2375, .T. ) ;
#571 = ORIENTED_EDGE ( 'NONE', *, *, #1294, .F. ) ;
#572 = CARTESIAN_POINT ( 'NONE',  ( 5.517727688116654150, 8.971230929720350744, 0.2999999999999999889 ) ) ;
#573 = FACE_OUTER_BOUND ( 'NONE', #480, .T. ) ;
#574 = AXIS2_PLACEMENT_3D ( 'NONE', #1758, #848, #2251 ) ;
#575 = LINE ( 'NONE', #1223, #582 ) ;
#576 = DIRECTION ( 'NONE',  ( -0.000000000000000000, 0.000000000000000000, 1.000000000000000000 ) ) ;
#577 = AXIS2_PLACEMENT_3D ( 'NONE', #515, #942, #1058 ) ;
#578 = CYLINDRICAL_SURFACE ( 'NONE', #2347, 0.1700000000000000122 ) ;
#579 = CARTESIAN_POINT ( 'NONE',  ( -3.988704546339663537, 8.280348062927911812, 0.5999999999999999778 ) ) ;
#580 = PLANE ( 'NONE',  #2720 ) ;
#581 = ADVANCED_FACE ( 'NONE', ( #2294 ), #2792, .T. ) ;
#582 = VECTOR ( 'NONE', #1487, 100.0000000000000000 ) ;
#583 = ORIENTED_EDGE ( 'NONE', *, *, #1783, .T. ) ;
#584 = VECTOR ( 'NONE', #1047, 100.0000000000000000 ) ;
#585 = CARTESIAN_POINT ( 'NONE',  ( 1.399999999999999467, 4.163336342344337027E-15, 0.000000000000000000 ) ) ;
#586 = CARTESIAN_POINT ( 'NONE',  ( 6.067727688116653084, 8.421986695411733947, 0.2999999999999999889 ) ) ;
#587 = ORIENTED_EDGE ( 'NONE', *, *, #1120, .F. ) ;
#588 = PRODUCT ( 'CHASSIS FINAL Front Part 3D print', 'CHASSIS FINAL Front Part 3D print', '', ( #2031 ) ) ;
#589 = ORIENTED_EDGE ( 'NONE', *, *, #2255, .T. ) ;
#590 = AXIS2_PLACEMENT_3D ( 'NONE', #1023, #1977, #1723 ) ;
#591 = FACE_BOUND ( 'NONE', #1372, .T. ) ;
#592 = FACE_BOUND ( 'NONE', #253, .T. ) ;
#593 = AXIS2_PLACEMENT_3D ( 'NONE', #720, #1633, #496 ) ;
#594 = EDGE_CURVE ( 'NONE', #1570, #860, #2073, .T. ) ;
#595 = PLANE ( 'NONE',  #1343 ) ;
#596 = CARTESIAN_POINT ( 'NONE',  ( -1.079326673973621364, 7.225000000000020073, 0.5999999999999999778 ) ) ;
#597 = CYLINDRICAL_SURFACE ( 'NONE', #1580, 0.1000000000000000888 ) ;
#598 = DIRECTION ( 'NONE',  ( 1.000000000000000000, 0.000000000000000000, 0.000000000000000000 ) ) ;
#599 = LINE ( 'NONE', #1043, #1384 ) ;
#600 = EDGE_LOOP ( 'NONE', ( #1127, #1420, #1900, #2518 ) ) ;
#601 = FACE_OUTER_BOUND ( 'NONE', #2022, .T. ) ;
#602 = ORIENTED_EDGE ( 'NONE', *, *, #1738, .T. ) ;
#603 = ORIENTED_EDGE ( 'NONE', *, *, #233, .T. ) ;
#604 = CARTESIAN_POINT ( 'NONE',  ( 5.717727688116654328, 10.93171190698623896, 0.2999999999999999889 ) ) ;
#605 = CARTESIAN_POINT ( 'NONE',  ( -4.011010853568447665, 8.282867661524271341, 0.2999999999999999889 ) ) ;
#606 = AXIS2_PLACEMENT_3D ( 'NONE', #937, #1875, #1379 ) ;
#607 = LINE ( 'NONE', #838, #2884 ) ;
#608 = CARTESIAN_POINT ( 'NONE',  ( 5.617727688116653795, 8.971230929720350744, 0.5999999999999999778 ) ) ;
#609 = VECTOR ( 'NONE', #1803, 100.0000000000000000 ) ;
#610 = EDGE_CURVE ( 'NONE', #2496, #1163, #2549, .T. ) ;
#611 = DIRECTION ( 'NONE',  ( -0.000000000000000000, 0.000000000000000000, -1.000000000000000000 ) ) ;
#612 = CARTESIAN_POINT ( 'NONE',  ( 6.167727688116653617, 10.93171190698623896, 0.5999999999999999778 ) ) ;
#613 = ORIENTED_EDGE ( 'NONE', *, *, #463, .T. ) ;
#614 = CARTESIAN_POINT ( 'NONE',  ( -1.570000000000000284, 4.163336342344337027E-15, 0.2999999999999999889 ) ) ;
#615 = EDGE_LOOP ( 'NONE', ( #2179, #844 ) ) ;
#616 = ORIENTED_EDGE ( 'NONE', *, *, #2780, .F. ) ;
#617 = CARTESIAN_POINT ( 'NONE',  ( -1.229999999999999760, -1.999999999999999112, 0.000000000000000000 ) ) ;
#618 = LINE ( 'NONE', #1515, #2537 ) ;
#619 = EDGE_LOOP ( 'NONE', ( #1882, #2671, #2472, #2176, #1462, #517, #2244, #2706, #801, #2475, #1315, #398, #431, #1067, #1095, #1998, #1184, #2235, #1929, #2735, #1994, #1247, #354, #1161, #2725, #205 ) ) ;
#620 = ADVANCED_FACE ( 'NONE', ( #2956 ), #453, .F. ) ;
#621 = AXIS2_PLACEMENT_3D ( 'NONE', #604, #648, #835 ) ;
#622 = FACE_BOUND ( 'NONE', #2669, .T. ) ;
#623 = VECTOR ( 'NONE', #1236, 100.0000000000000000 ) ;
#624 = ORIENTED_EDGE ( 'NONE', *, *, #525, .F. ) ;
#625 = CARTESIAN_POINT ( 'NONE',  ( -0.000000000000000000, 11.04262037481126058, 0.5999999999999999778 ) ) ;
#626 = CARTESIAN_POINT ( 'NONE',  ( -5.900000000000000355, 10.76034806292791224, 0.2999999999999999889 ) ) ;
#627 = EDGE_CURVE ( 'NONE', #1106, #710, #269, .T. ) ;
#628 = ORIENTED_EDGE ( 'NONE', *, *, #1339, .F. ) ;
#629 = DIRECTION ( 'NONE',  ( -0.000000000000000000, -0.000000000000000000, 1.000000000000000000 ) ) ;
#630 = EDGE_CURVE ( 'NONE', #1836, #708, #1549, .T. ) ;
#631 = ORIENTED_EDGE ( 'NONE', *, *, #442, .F. ) ;
#632 = ORIENTED_EDGE ( 'NONE', *, *, #767, .F. ) ;
#633 = CARTESIAN_POINT ( 'NONE',  ( -1.399999999999999911, 2.000000000000000888, 0.000000000000000000 ) ) ;
#634 = DIRECTION ( 'NONE',  ( 0.000000000000000000, 0.000000000000000000, 1.000000000000000000 ) ) ;
#635 = ORIENTED_EDGE ( 'NONE', *, *, #2332, .F. ) ;
#636 = CIRCLE ( 'NONE', #2306, 0.1700000000000000122 ) ;
#637 = VECTOR ( 'NONE', #145, 100.0000000000000000 ) ;
#638 = AXIS2_PLACEMENT_3D ( 'NONE', #1312, #1692, #2141 ) ;
#639 = CARTESIAN_POINT ( 'NONE',  ( 5.553625596047541357, 8.877896369100044538, 0.5999999999999999778 ) ) ;
#640 = FACE_OUTER_BOUND ( 'NONE', #600, .T. ) ;
#641 = DIRECTION ( 'NONE',  ( -0.000000000000000000, 0.000000000000000000, 1.000000000000000000 ) ) ;
#642 = VERTEX_POINT ( 'NONE', #2415 ) ;
#643 = DIRECTION ( 'NONE',  ( 1.000000000000000000, 0.000000000000000000, 0.000000000000000000 ) ) ;
#644 = CARTESIAN_POINT ( 'NONE',  ( -3.988704546339663537, 8.280348062927911812, 0.2999999999999999889 ) ) ;
#645 = ADVANCED_FACE ( 'NONE', ( #2186 ), #388, .T. ) ;
#646 = EDGE_LOOP ( 'NONE', ( #1286, #1276 ) ) ;
#647 = CARTESIAN_POINT ( 'NONE',  ( -1.229999999999999760, -1.999999999999999112, 0.2999999999999999889 ) ) ;
#648 = DIRECTION ( 'NONE',  ( 0.000000000000000000, 0.000000000000000000, 1.000000000000000000 ) ) ;
#649 = ORIENTED_EDGE ( 'NONE', *, *, #2001, .F. ) ;
#650 = CIRCLE ( 'NONE', #1323, 0.1700000000000000122 ) ;
#651 = CARTESIAN_POINT ( 'NONE',  ( 5.617727688116653795, 8.971230929720350744, 0.2999999999999999889 ) ) ;
#652 = CARTESIAN_POINT ( 'NONE',  ( -0.9093266739736218796, 7.225000000000020073, 0.8500000000000000888 ) ) ;
#653 = EDGE_CURVE ( 'NONE', #2360, #2489, #1174, .T. ) ;
#654 = ORIENTED_EDGE ( 'NONE', *, *, #2332, .T. ) ;
#655 = CARTESIAN_POINT ( 'NONE',  ( 1.399999999999999467, -1.999999999999999112, 0.2999999999999999889 ) ) ;
#656 = CARTESIAN_POINT ( 'NONE',  ( 1.569999999999999618, 2.000000000000000888, 0.000000000000000000 ) ) ;
#657 = VECTOR ( 'NONE', #2122, 100.0000000000000000 ) ;
#658 = ORIENTED_EDGE ( 'NONE', *, *, #653, .T. ) ;
#659 = DIRECTION ( 'NONE',  ( 1.000000000000000000, 0.000000000000000000, 0.000000000000000000 ) ) ;
#660 = LINE ( 'NONE', #2450, #2584 ) ;
#661 = ORIENTED_EDGE ( 'NONE', *, *, #748, .T. ) ;
#662 = APPROVAL ( #88, 'UNSPECIFIED' ) ;
#663 = ADVANCED_FACE ( 'NONE', ( #1284 ), #346, .F. ) ;
#664 = ADVANCED_FACE ( 'NONE', ( #2428 ), #2668, .F. ) ;
#665 = DIRECTION ( 'NONE',  ( -0.000000000000000000, 0.000000000000000000, 1.000000000000000000 ) ) ;
#666 = DIRECTION ( 'NONE',  ( 0.000000000000000000, 0.000000000000000000, 1.000000000000000000 ) ) ;
#667 = LINE ( 'NONE', #1110, #1596 ) ;
#668 = VERTEX_POINT ( 'NONE', #1256 ) ;
#669 = DIRECTION ( 'NONE',  ( -1.000000000000000000, 0.000000000000000000, 0.000000000000000000 ) ) ;
#670 = ADVANCED_FACE ( 'NONE', ( #72 ), #1202, .F. ) ;
#671 = VERTEX_POINT ( 'NONE', #612 ) ;
#672 = EDGE_LOOP ( 'NONE', ( #2067, #1808 ) ) ;
#673 = CARTESIAN_POINT ( 'NONE',  ( -1.399999999999999911, 1.000000000000000666, 0.000000000000000000 ) ) ;
#674 = DIRECTION ( 'NONE',  ( 1.000000000000000000, 0.000000000000000000, 0.000000000000000000 ) ) ;
#675 = EDGE_LOOP ( 'NONE', ( #1405, #2899 ) ) ;
#676 = CIRCLE ( 'NONE', #2649, 1.000000000000000222 ) ;
#677 = CIRCLE ( 'NONE', #1682, 0.1000000000000000888 ) ;
#678 = ADVANCED_FACE ( 'NONE', ( #2442 ), #2111, .F. ) ;
#679 = ORIENTED_EDGE ( 'NONE', *, *, #463, .F. ) ;
#680 = CARTESIAN_POINT ( 'NONE',  ( 1.399999999999999467, 3.000000000000000444, 0.2999999999999999889 ) ) ;
#681 = LINE ( 'NONE', #1341, #2880 ) ;
#682 = DIRECTION ( 'NONE',  ( -1.000000000000000000, 0.000000000000000000, 0.000000000000000000 ) ) ;
#683 = AXIS2_PLACEMENT_3D ( 'NONE', #111, #2175, #351 ) ;
#684 = EDGE_LOOP ( 'NONE', ( #1349, #218 ) ) ;
#685 = LINE ( 'NONE', #2261, #879 ) ;
#686 = LINE ( 'NONE', #2517, #2047 ) ;
#687 = CIRCLE ( 'NONE', #2846, 0.1700000000000000122 ) ;
#688 = VERTEX_POINT ( 'NONE', #579 ) ;
#689 = CARTESIAN_POINT ( 'NONE',  ( -1.750000000000000222, 4.600000000000001421, 0.5999999999999999778 ) ) ;
#690 = CARTESIAN_POINT ( 'NONE',  ( 1.569999999999999618, 1.000000000000000888, 0.2999999999999999889 ) ) ;
#691 = EDGE_LOOP ( 'NONE', ( #410, #1671 ) ) ;
#692 = MANIFOLD_SOLID_BREP ( 'Fillet10', #2482 ) ;
#693 = CC_DESIGN_APPROVAL ( #1904, ( #465 ) ) ;
#694 = VERTEX_POINT ( 'NONE', #2396 ) ;
#695 = DIRECTION ( 'NONE',  ( -0.000000000000000000, 0.000000000000000000, 1.000000000000000000 ) ) ;
#696 = CARTESIAN_POINT ( 'NONE',  ( 1.399999999999999467, -1.999999999999999112, 0.2999999999999999889 ) ) ;
#697 = DIRECTION ( 'NONE',  ( -0.000000000000000000, -0.000000000000000000, -1.000000000000000000 ) ) ;
#698 = EDGE_CURVE ( 'NONE', #739, #2099, #979, .T. ) ;
#699 = AXIS2_PLACEMENT_3D ( 'NONE', #1880, #1194, #971 ) ;
#700 = EDGE_CURVE ( 'NONE', #1836, #2015, #2806, .T. ) ;
#701 = ORIENTED_EDGE ( 'NONE', *, *, #2888, .T. ) ;
#702 = LINE ( 'NONE', #476, #2352 ) ;
#703 = CYLINDRICAL_SURFACE ( 'NONE', #903, 0.1700000000000000122 ) ;
#704 = CC_DESIGN_APPROVAL ( #662, ( #2903 ) ) ;
#705 = EDGE_LOOP ( 'NONE', ( #631, #1317 ) ) ;
#706 = DIRECTION ( 'NONE',  ( 1.000000000000000000, 0.000000000000000000, 0.000000000000000000 ) ) ;
#707 = CARTESIAN_POINT ( 'NONE',  ( 0.000000000000000000, 5.650000000000002132, 0.5999999999999999778 ) ) ;
#708 = VERTEX_POINT ( 'NONE', #2652 ) ;
#709 = AXIS2_PLACEMENT_3D ( 'NONE', #1630, #2106, #2305 ) ;
#710 = VERTEX_POINT ( 'NONE', #1033 ) ;
#711 = DIRECTION ( 'NONE',  ( -1.000000000000000000, 0.000000000000000000, 0.000000000000000000 ) ) ;
#712 = DIRECTION ( 'NONE',  ( -1.000000000000000000, 0.000000000000000000, 0.000000000000000000 ) ) ;
#713 = DIRECTION ( 'NONE',  ( -0.000000000000000000, 0.000000000000000000, 1.000000000000000000 ) ) ;
#714 = VERTEX_POINT ( 'NONE', #751 ) ;
#715 = DIRECTION ( 'NONE',  ( -0.000000000000000000, -1.000000000000000000, -0.000000000000000000 ) ) ;
#716 = CYLINDRICAL_SURFACE ( 'NONE', #709, 0.1700000000000000122 ) ;
#717 = EDGE_CURVE ( 'NONE', #469, #1394, #1404, .T. ) ;
#718 = VECTOR ( 'NONE', #1923, 100.0000000000000000 ) ;
#719 = ORIENTED_EDGE ( 'NONE', *, *, #1426, .F. ) ;
#720 = CARTESIAN_POINT ( 'NONE',  ( -5.900000000000000355, 8.630348062927911457, 0.2999999999999999889 ) ) ;
#721 = EDGE_CURVE ( 'NONE', #1394, #1759, #1297, .T. ) ;
#722 = CARTESIAN_POINT ( 'NONE',  ( -1.229999999999999760, 1.000000000000000666, 0.000000000000000000 ) ) ;
#723 = ORIENTED_EDGE ( 'NONE', *, *, #908, .T. ) ;
#724 = CIRCLE ( 'NONE', #348, 0.1700000000000003730 ) ;
#725 = AXIS2_PLACEMENT_3D ( 'NONE', #1741, #784, #831 ) ;
#726 = DATE_AND_TIME ( #1892, #2369 ) ;
#727 = DIRECTION ( 'NONE',  ( 1.000000000000000000, 0.000000000000000000, 0.000000000000000000 ) ) ;
#728 = CYLINDRICAL_SURFACE ( 'NONE', #2474, 0.1700000000000000122 ) ;
#729 = VERTEX_POINT ( 'NONE', #1492 ) ;
#730 = CIRCLE ( 'NONE', #1878, 0.1700000000000000122 ) ;
#731 = PLANE ( 'NONE',  #2595 ) ;
#732 = CARTESIAN_POINT ( 'NONE',  ( -1.750000000000000222, 6.005462270129656943, 0.5999999999999999778 ) ) ;
#733 = CIRCLE ( 'NONE', #2266, 0.1700000000000003730 ) ;
#734 = EDGE_LOOP ( 'NONE', ( #533, #2500, #314, #658, #2924, #250, #1434, #2704, #980, #2502, #188, #2367, #542, #749, #1219, #395, #2036, #904, #938, #976, #2092, #1309, #2654, #787, #986, #2715, #1401, #1801, #897, #13 ) ) ;
#735 = CARTESIAN_POINT ( 'NONE',  ( 1.399999999999999467, -2.999999999999999112, 0.2999999999999999889 ) ) ;
#736 = CARTESIAN_POINT ( 'NONE',  ( -1.400000000000000133, 4.163336342344337027E-15, 0.000000000000000000 ) ) ;
#737 = EDGE_LOOP ( 'NONE', ( #1082, #2153, #1952, #1344 ) ) ;
#738 = EDGE_CURVE ( 'NONE', #671, #849, #1508, .T. ) ;
#739 = VERTEX_POINT ( 'NONE', #2893 ) ;
#740 = VECTOR ( 'NONE', #2041, 100.0000000000000000 ) ;
#741 = PERSON_AND_ORGANIZATION ( #21, #1751 ) ;
#742 = CARTESIAN_POINT ( 'NONE',  ( 1.750000000000000222, 8.280348062927913588, 0.2999999999999999889 ) ) ;
#743 = FACE_BOUND ( 'NONE', #1711, .T. ) ;
#744 = EDGE_CURVE ( 'NONE', #1442, #714, #2580, .T. ) ;
#745 = EDGE_LOOP ( 'NONE', ( #1450, #2789 ) ) ;
#746 = DIRECTION ( 'NONE',  ( -1.000000000000000000, 0.000000000000000000, 0.000000000000000000 ) ) ;
#747 = LINE ( 'NONE', #2559, #2382 ) ;
#748 = EDGE_CURVE ( 'NONE', #2108, #470, #687, .T. ) ;
#749 = ORIENTED_EDGE ( 'NONE', *, *, #1783, .F. ) ;
#750 = FACE_OUTER_BOUND ( 'NONE', #1146, .T. ) ;
#751 = CARTESIAN_POINT ( 'NONE',  ( 2.399623939390417071, 6.943017792022942558, 0.2999999999999999889 ) ) ;
#752 = ORIENTED_EDGE ( 'NONE', *, *, #2289, .T. ) ;
#753 = VECTOR ( 'NONE', #926, 100.0000000000000000 ) ;
#754 = VERTEX_POINT ( 'NONE', #430 ) ;
#755 = DIRECTION ( 'NONE',  ( -0.7690969352569498874, -0.6391321492292240114, 0.000000000000000000 ) ) ;
#756 = ADVANCED_FACE ( 'NONE', ( #2512 ), #200, .F. ) ;
#757 = AXIS2_PLACEMENT_3D ( 'NONE', #536, #780, #2605 ) ;
#758 = PERSON_AND_ORGANIZATION ( #21, #1751 ) ;
#759 = EDGE_CURVE ( 'NONE', #1024, #849, #1981, .T. ) ;
#760 = CYLINDRICAL_SURFACE ( 'NONE', #1115, 0.1700000000000000122 ) ;
#761 = FACE_BOUND ( 'NONE', #684, .T. ) ;
#762 = ORIENTED_EDGE ( 'NONE', *, *, #240, .F. ) ;
#763 = FACE_OUTER_BOUND ( 'NONE', #2828, .T. ) ;
#764 = DIRECTION ( 'NONE',  ( 0.000000000000000000, -1.000000000000000000, 0.000000000000000000 ) ) ;
#765 = EDGE_LOOP ( 'NONE', ( #2317, #2081, #1796, #2023 ) ) ;
#766 = LINE ( 'NONE', #1550, #1788 ) ;
#767 = EDGE_CURVE ( 'NONE', #2937, #849, #2693, .T. ) ;
#768 = CIRCLE ( 'NONE', #2443, 0.1700000000000000122 ) ;
#769 = EDGE_LOOP ( 'NONE', ( #1786, #1116, #2013, #624 ) ) ;
#770 = ORIENTED_EDGE ( 'NONE', *, *, #1339, .T. ) ;
#771 = CYLINDRICAL_SURFACE ( 'NONE', #1912, 0.1000000000000000888 ) ;
#772 = CALENDAR_DATE ( 2026, 29, 8 ) ;
#773 = LINE ( 'NONE', #1683, #1437 ) ;
#774 = VECTOR ( 'NONE', #242, 100.0000000000000000 ) ;
#775 = DIRECTION ( 'NONE',  ( -0.000000000000000000, 0.000000000000000000, 1.000000000000000000 ) ) ;
#776 = EDGE_CURVE ( 'NONE', #1512, #1098, #2030, .T. ) ;
#777 = VERTEX_POINT ( 'NONE', #228 ) ;
#778 = AXIS2_PLACEMENT_3D ( 'NONE', #1214, #987, #504 ) ;
#779 = CYLINDRICAL_SURFACE ( 'NONE', #2546, 1.000000000000000000 ) ;
#780 = DIRECTION ( 'NONE',  ( -0.000000000000000000, 0.000000000000000000, 1.000000000000000000 ) ) ;
#781 = AXIS2_PLACEMENT_3D ( 'NONE', #2291, #1432, #1660 ) ;
#782 = ORIENTED_EDGE ( 'NONE', *, *, #2661, .F. ) ;
#783 = DIRECTION ( 'NONE',  ( 0.000000000000000000, 0.000000000000000000, -1.000000000000000000 ) ) ;
#784 = DIRECTION ( 'NONE',  ( -0.000000000000000000, 0.000000000000000000, 1.000000000000000000 ) ) ;
#785 = ORIENTED_EDGE ( 'NONE', *, *, #2719, .T. ) ;
#786 = CIRCLE ( 'NONE', #1400, 0.1700000000000000122 ) ;
#787 = ORIENTED_EDGE ( 'NONE', *, *, #2055, .T. ) ;
#788 = DIRECTION ( 'NONE',  ( -0.000000000000000000, 0.000000000000000000, 1.000000000000000000 ) ) ;
#789 = DIRECTION ( 'NONE',  ( -0.000000000000000000, 0.000000000000000000, 1.000000000000000000 ) ) ;
#790 = AXIS2_PLACEMENT_3D ( 'NONE', #1272, #376, #1888 ) ;
#791 = CARTESIAN_POINT ( 'NONE',  ( -5.532272311883346561, 8.733560568322646489, 0.2999999999999999889 ) ) ;
#792 = FACE_OUTER_BOUND ( 'NONE', #734, .T. ) ;
#793 = ORIENTED_EDGE ( 'NONE', *, *, #1513, .F. ) ;
#794 = FACE_OUTER_BOUND ( 'NONE', #2364, .T. ) ;
#795 = CC_DESIGN_PERSON_AND_ORGANIZATION_ASSIGNMENT ( #2722, #226, ( #588 ) ) ;
#796 = CARTESIAN_POINT ( 'NONE',  ( 0.000000000000000000, 4.600000000000001421, 0.000000000000000000 ) ) ;
#797 = EDGE_CURVE ( 'NONE', #2588, #1413, #2420, .T. ) ;
#798 = ORIENTED_EDGE ( 'NONE', *, *, #870, .F. ) ;
#799 = FACE_OUTER_BOUND ( 'NONE', #769, .T. ) ;
#800 = DIRECTION ( 'NONE',  ( 0.000000000000000000, 0.000000000000000000, -1.000000000000000000 ) ) ;
#801 = ORIENTED_EDGE ( 'NONE', *, *, #2426, .F. ) ;
#802 = CIRCLE ( 'NONE', #1623, 0.1700000000000000122 ) ;
#803 = ORIENTED_EDGE ( 'NONE', *, *, #1031, .T. ) ;
#804 = CARTESIAN_POINT ( 'NONE',  ( -6.117190242076239848, 8.327365445360076279, 0.2999999999999999889 ) ) ;
#805 = FACE_OUTER_BOUND ( 'NONE', #619, .T. ) ;
#806 = ORIENTED_EDGE ( 'NONE', *, *, #1592, .T. ) ;
#807 = EDGE_CURVE ( 'NONE', #129, #65, #1126, .T. ) ;
#808 = CYLINDRICAL_SURFACE ( 'NONE', #824, 0.1700000000000000122 ) ;
#809 = CARTESIAN_POINT ( 'NONE',  ( -1.151672859192311771, 4.887775894410474997, 0.2999999999999999889 ) ) ;
#810 = DIRECTION ( 'NONE',  ( 0.000000000000000000, 1.000000000000000000, -0.000000000000000000 ) ) ;
#811 = DIRECTION ( 'NONE',  ( -1.000000000000000000, 0.000000000000000000, 0.000000000000000000 ) ) ;
#812 = DIRECTION ( 'NONE',  ( -1.000000000000000000, 0.000000000000000000, 0.000000000000000000 ) ) ;
#813 = EDGE_LOOP ( 'NONE', ( #2696, #589, #1574, #2532 ) ) ;
#814 = CARTESIAN_POINT ( 'NONE',  ( 1.148327140807688052, 5.200000000000001066, 0.2999999999999999889 ) ) ;
#815 = ADVANCED_FACE ( 'NONE', ( #1125 ), #2285, .F. ) ;
#816 = LINE ( 'NONE', #1275, #440 ) ;
#817 = EDGE_LOOP ( 'NONE', ( #2377, #1397 ) ) ;
#818 = ADVANCED_FACE ( 'NONE', ( #1793 ), #418, .F. ) ;
#819 = ORIENTED_EDGE ( 'NONE', *, *, #1251, .T. ) ;
#820 = CARTESIAN_POINT ( 'NONE',  ( -3.988704546339663537, 8.280348062927911812, 0.2999999999999999889 ) ) ;
#821 = FACE_BOUND ( 'NONE', #1178, .T. ) ;
#822 = DIRECTION ( 'NONE',  ( -0.000000000000000000, -0.000000000000000000, -1.000000000000000000 ) ) ;
#823 = DIRECTION ( 'NONE',  ( 0.000000000000000000, -0.000000000000000000, 1.000000000000000000 ) ) ;
#824 = AXIS2_PLACEMENT_3D ( 'NONE', #1957, #1044, #1013 ) ;
#825 = CARTESIAN_POINT ( 'NONE',  ( 1.229999999999999538, -3.999999999999996003, 0.000000000000000000 ) ) ;
#826 = DIRECTION ( 'NONE',  ( -0.000000000000000000, 0.000000000000000000, -1.000000000000000000 ) ) ;
#827 = CARTESIAN_POINT ( 'NONE',  ( 5.730000000000000426, 8.630348062927913233, 0.2999999999999999889 ) ) ;
#828 = AXIS2_PLACEMENT_3D ( 'NONE', #2842, #2134, #2826 ) ;
#829 = VERTEX_POINT ( 'NONE', #2485 ) ;
#830 = AXIS2_PLACEMENT_3D ( 'NONE', #1128, #433, #2938 ) ;
#831 = DIRECTION ( 'NONE',  ( 1.000000000000000000, 0.000000000000000000, 0.000000000000000000 ) ) ;
#832 = ORIENTED_EDGE ( 'NONE', *, *, #2325, .F. ) ;
#833 = ORIENTED_EDGE ( 'NONE', *, *, #2699, .F. ) ;
#834 = AXIS2_PLACEMENT_3D ( 'NONE', #2955, #905, #1812 ) ;
#835 = DIRECTION ( 'NONE',  ( 1.000000000000000000, 0.000000000000000000, 0.000000000000000000 ) ) ;
#836 = LINE ( 'NONE', #1471, #623 ) ;
#837 = EDGE_CURVE ( 'NONE', #1964, #1087, #667, .T. ) ;
#838 = CARTESIAN_POINT ( 'NONE',  ( -0.000000000000000000, 11.04262037481126058, 0.2999999999999999889 ) ) ;
#839 = DIRECTION ( 'NONE',  ( -0.000000000000000000, 0.000000000000000000, 1.000000000000000000 ) ) ;
#840 = CARTESIAN_POINT ( 'NONE',  ( 0.000000000000000000, 5.650000000000002132, 0.8500000000000000888 ) ) ;
#841 = CARTESIAN_POINT ( 'NONE',  ( 5.717727688116654328, 10.93171190698623896, 0.2999999999999999889 ) ) ;
#842 = VERTEX_POINT ( 'NONE', #2046 ) ;
#843 = CARTESIAN_POINT ( 'NONE',  ( -0.4257497785096041043, 4.887775894410474997, 0.2999999999999999889 ) ) ;
#844 = ORIENTED_EDGE ( 'NONE', *, *, #1426, .T. ) ;
#845 = APPROVAL_PERSON_ORGANIZATION ( #1667, #662, #2569 ) ;
#846 = ORIENTED_EDGE ( 'NONE', *, *, #284, .T. ) ;
#847 = FACE_OUTER_BOUND ( 'NONE', #1196, .T. ) ;
#848 = DIRECTION ( 'NONE',  ( -0.3491793019289459732, -0.9370559295497862262, 0.000000000000000000 ) ) ;
#849 = VERTEX_POINT ( 'NONE', #912 ) ;
#850 = AXIS2_PLACEMENT_3D ( 'NONE', #2541, #39, #1169 ) ;
#851 = EDGE_CURVE ( 'NONE', #219, #2588, #20, .T. ) ;
#852 = CARTESIAN_POINT ( 'NONE',  ( 1.750000000000000222, 5.700000000000001066, 0.000000000000000000 ) ) ;
#853 = LOCAL_TIME ( 19, 18, 56.00000000000000000, #2841 ) ;
#854 = ADVANCED_FACE ( 'NONE', ( #1328 ), #1822, .F. ) ;
#855 = CARTESIAN_POINT ( 'NONE',  ( 1.399999999999999467, 1.000000000000000888, 0.2999999999999999889 ) ) ;
#856 = CARTESIAN_POINT ( 'NONE',  ( -6.082272311883346383, 11.04262037481126058, 0.2999999999999999889 ) ) ;
#857 = ORIENTED_EDGE ( 'NONE', *, *, #359, .T. ) ;
#858 = DIRECTION ( 'NONE',  ( 1.000000000000000000, 0.000000000000000000, 0.000000000000000000 ) ) ;
#859 = ORIENTED_EDGE ( 'NONE', *, *, #966, .T. ) ;
#860 = VERTEX_POINT ( 'NONE', #1598 ) ;
#861 = DIRECTION ( 'NONE',  ( -0.000000000000000000, -0.000000000000000000, -1.000000000000000000 ) ) ;
#862 = DIRECTION ( 'NONE',  ( -0.000000000000000000, -0.000000000000000000, -1.000000000000000000 ) ) ;
#863 = ORIENTED_EDGE ( 'NONE', *, *, #890, .F. ) ;
#864 = VECTOR ( 'NONE', #1813, 100.0000000000000000 ) ;
#865 = CIRCLE ( 'NONE', #1479, 0.1700000000000000122 ) ;
#866 = AXIS2_PLACEMENT_3D ( 'NONE', #132, #2870, #2599 ) ;
#867 = LINE ( 'NONE', #2125, #401 ) ;
#868 = CARTESIAN_POINT ( 'NONE',  ( -1.399999999999999911, -1.999999999999999112, 0.2999999999999999889 ) ) ;
#869 = CARTESIAN_POINT ( 'NONE',  ( 1.399999999999999467, 4.163336342344337027E-15, 0.2999999999999999889 ) ) ;
#870 = EDGE_CURVE ( 'NONE', #2683, #148, #1310, .T. ) ;
#871 = ORIENTED_EDGE ( 'NONE', *, *, #2087, .T. ) ;
#872 = FACE_OUTER_BOUND ( 'NONE', #435, .T. ) ;
#873 = LINE ( 'NONE', #1689, #2574 ) ;
#874 = CIRCLE ( 'NONE', #1205, 1.000000000000000222 ) ;
#875 = ORIENTED_EDGE ( 'NONE', *, *, #1464, .T. ) ;
#876 = CARTESIAN_POINT ( 'NONE',  ( 1.399999999999999467, -0.9999999999999987788, 0.2999999999999999889 ) ) ;
#877 = CYLINDRICAL_SURFACE ( 'NONE', #621, 0.1000000000000000888 ) ;
#878 = ORIENTED_EDGE ( 'NONE', *, *, #393, .T. ) ;
#879 = VECTOR ( 'NONE', #629, 100.0000000000000000 ) ;
#880 = VECTOR ( 'NONE', #1335, 100.0000000000000000 ) ;
#881 = CIRCLE ( 'NONE', #264, 0.1700000000000000122 ) ;
#882 = ORIENTED_EDGE ( 'NONE', *, *, #1332, .F. ) ;
#883 = DIRECTION ( 'NONE',  ( -0.000000000000000000, -0.000000000000000000, -1.000000000000000000 ) ) ;
#884 = LINE ( 'NONE', #2214, #1823 ) ;
#885 = DIRECTION ( 'NONE',  ( -0.000000000000000000, 0.000000000000000000, 1.000000000000000000 ) ) ;
#886 = AXIS2_PLACEMENT_3D ( 'NONE', #2908, #170, #811 ) ;
#887 = EDGE_LOOP ( 'NONE', ( #2528, #6, #2539, #628 ) ) ;
#888 = CARTESIAN_POINT ( 'NONE',  ( -0.7393266739736223947, 7.225000000000020073, 0.5999999999999999778 ) ) ;
#889 = ORIENTED_EDGE ( 'NONE', *, *, #2029, .F. ) ;
#890 = EDGE_CURVE ( 'NONE', #993, #129, #2018, .T. ) ;
#891 = VERTEX_POINT ( 'NONE', #928 ) ;
#892 = CARTESIAN_POINT ( 'NONE',  ( 1.569999999999999618, 3.000000000000000444, 0.2999999999999999889 ) ) ;
#893 = CARTESIAN_POINT ( 'NONE',  ( 5.900000000000000355, 8.630348062927913233, 0.2999999999999999889 ) ) ;
#894 = ORIENTED_EDGE ( 'NONE', *, *, #1270, .F. ) ;
#895 = EDGE_CURVE ( 'NONE', #1084, #1978, #1840, .T. ) ;
#896 = AXIS2_PLACEMENT_3D ( 'NONE', #562, #136, #2859 ) ;
#897 = ORIENTED_EDGE ( 'NONE', *, *, #2346, .T. ) ;
#898 = CARTESIAN_POINT ( 'NONE',  ( -5.900000000000000355, 8.630348062927911457, 0.2999999999999999889 ) ) ;
#899 = DIRECTION ( 'NONE',  ( -1.000000000000000000, 0.000000000000000000, 0.000000000000000000 ) ) ;
#900 = ORIENTED_EDGE ( 'NONE', *, *, #2188, .T. ) ;
#901 = CARTESIAN_POINT ( 'NONE',  ( 1.569999999999999618, -1.999999999999999112, 0.000000000000000000 ) ) ;
#902 = ORIENTED_EDGE ( 'NONE', *, *, #236, .T. ) ;
#903 = AXIS2_PLACEMENT_3D ( 'NONE', #2787, #1415, #1618 ) ;
#904 = ORIENTED_EDGE ( 'NONE', *, *, #2043, .T. ) ;
#905 = DIRECTION ( 'NONE',  ( 0.000000000000000000, 0.000000000000000000, 1.000000000000000000 ) ) ;
#906 = DIRECTION ( 'NONE',  ( -0.000000000000000000, 0.000000000000000000, 1.000000000000000000 ) ) ;
#907 = ORIENTED_EDGE ( 'NONE', *, *, #1588, .F. ) ;
#908 = EDGE_CURVE ( 'NONE', #1740, #1871, #182, .T. ) ;
#909 = EDGE_LOOP ( 'NONE', ( #2504, #878, #1951, #719 ) ) ;
#910 = COORDINATED_UNIVERSAL_TIME_OFFSET ( 5, 30, .AHEAD. ) ;
#911 = DIRECTION ( 'NONE',  ( 0.000000000000000000, -0.000000000000000000, -1.000000000000000000 ) ) ;
#912 = CARTESIAN_POINT ( 'NONE',  ( 6.167727688116652729, 8.421986695411733947, 0.5999999999999999778 ) ) ;
#913 = VERTEX_POINT ( 'NONE', #1778 ) ;
#914 = DIRECTION ( 'NONE',  ( -0.000000000000000000, -0.000000000000000000, -1.000000000000000000 ) ) ;
#915 = CARTESIAN_POINT ( 'NONE',  ( 1.399999999999999467, -3.999999999999996003, 0.000000000000000000 ) ) ;
#916 = ORIENTED_EDGE ( 'NONE', *, *, #1206, .F. ) ;
#917 = DIRECTION ( 'NONE',  ( -1.000000000000000000, 0.000000000000000000, 0.000000000000000000 ) ) ;
#918 = VECTOR ( 'NONE', #1255, 100.0000000000000000 ) ;
#919 = CARTESIAN_POINT ( 'NONE',  ( 1.229999999999999538, 1.000000000000000888, 0.000000000000000000 ) ) ;
#920 = ORIENTED_EDGE ( 'NONE', *, *, #2672, .T. ) ;
#921 = CIRCLE ( 'NONE', #1971, 0.1700000000000000122 ) ;
#922 = CIRCLE ( 'NONE', #534, 0.1700000000000000122 ) ;
#923 = EDGE_CURVE ( 'NONE', #2448, #913, #2324, .T. ) ;
#924 = ADVANCED_FACE ( 'NONE', ( #2586 ), #2572, .T. ) ;
#925 = VERTEX_POINT ( 'NONE', #77 ) ;
#926 = DIRECTION ( 'NONE',  ( 0.000000000000000000, 0.000000000000000000, 1.000000000000000000 ) ) ;
#927 = DIRECTION ( 'NONE',  ( 0.000000000000000000, 0.000000000000000000, 1.000000000000000000 ) ) ;
#928 = CARTESIAN_POINT ( 'NONE',  ( 1.229999999999999538, 4.163336342344337027E-15, 0.000000000000000000 ) ) ;
#929 = CIRCLE ( 'NONE', #781, 0.1700000000000000122 ) ;
#930 = ORIENTED_EDGE ( 'NONE', *, *, #2894, .F. ) ;
#931 = FACE_OUTER_BOUND ( 'NONE', #1819, .T. ) ;
#932 = DIRECTION ( 'NONE',  ( 1.000000000000000000, 0.000000000000000000, 0.000000000000000000 ) ) ;
#933 = VECTOR ( 'NONE', #156, 100.0000000000000000 ) ;
#934 = VERTEX_POINT ( 'NONE', #2827 ) ;
#935 = CYLINDRICAL_SURFACE ( 'NONE', #1494, 0.1700000000000000122 ) ;
#936 = EDGE_CURVE ( 'NONE', #1830, #754, #1412, .T. ) ;
#937 = CARTESIAN_POINT ( 'NONE',  ( -3.988704546339663537, 8.380348062927911457, 0.5999999999999999778 ) ) ;
#938 = ORIENTED_EDGE ( 'NONE', *, *, #1120, .T. ) ;
#939 =( GEOMETRIC_REPRESENTATION_CONTEXT ( 3 ) GLOBAL_UNCERTAINTY_ASSIGNED_CONTEXT ( ( #142 ) ) GLOBAL_UNIT_ASSIGNED_CONTEXT ( ( #458, #2753, #198 ) ) REPRESENTATION_CONTEXT ( 'NONE', 'WORKASPACE' ) );
#940 = EDGE_LOOP ( 'NONE', ( #2303, #2451, #2718, #1242 ) ) ;
#941 = EDGE_CURVE ( 'NONE', #2547, #925, #2567, .T. ) ;
#942 = DIRECTION ( 'NONE',  ( 0.000000000000000000, -0.000000000000000000, -1.000000000000000000 ) ) ;
#943 = FACE_BOUND ( 'NONE', #382, .T. ) ;
#944 = ADVANCED_FACE ( 'NONE', ( #2769, #761, #943, #2556, #1627, #1655, #984, #271, #2799, #743, #296, #1852, #1386, #488, #1399, #516, #998 ), #2102, .F. ) ;
#945 = AXIS2_PLACEMENT_3D ( 'NONE', #2198, #1701, #1684 ) ;
#946 = ORIENTED_EDGE ( 'NONE', *, *, #532, .T. ) ;
#947 = LINE ( 'NONE', #2544, #165 ) ;
#948 = CARTESIAN_POINT ( 'NONE',  ( -2.258879505620177586, 5.873086714612457016, 0.2999999999999999889 ) ) ;
#949 = EDGE_LOOP ( 'NONE', ( #2217, #2757 ) ) ;
#950 = CARTESIAN_POINT ( 'NONE',  ( -5.732272311883346738, 10.94262037481125915, 0.2999999999999999889 ) ) ;
#951 = FACE_OUTER_BOUND ( 'NONE', #2034, .T. ) ;
#952 = ORIENTED_EDGE ( 'NONE', *, *, #2301, .F. ) ;
#953 = AXIS2_PLACEMENT_3D ( 'NONE', #948, #2095, #1360 ) ;
#954 = LINE ( 'NONE', #2118, #1014 ) ;
#955 = DIRECTION ( 'NONE',  ( 0.000000000000000000, 0.000000000000000000, 1.000000000000000000 ) ) ;
#956 = ORIENTED_EDGE ( 'NONE', *, *, #2733, .F. ) ;
#957 = DIRECTION ( 'NONE',  ( -0.000000000000000000, 0.000000000000000000, 1.000000000000000000 ) ) ;
#958 = ADVANCED_FACE ( 'NONE', ( #1894 ), #2300, .T. ) ;
#959 = DIRECTION ( 'NONE',  ( -0.000000000000000000, 0.000000000000000000, 1.000000000000000000 ) ) ;
#960 = ORIENTED_EDGE ( 'NONE', *, *, #717, .F. ) ;
#961 = DIRECTION ( 'NONE',  ( -0.000000000000000000, 0.000000000000000000, 1.000000000000000000 ) ) ;
#962 = DIRECTION ( 'NONE',  ( -0.000000000000000000, -0.000000000000000000, -1.000000000000000000 ) ) ;
#963 = VERTEX_POINT ( 'NONE', #63 ) ;
#964 = VERTEX_POINT ( 'NONE', #1669 ) ;
#965 = VECTOR ( 'NONE', #970, 100.0000000000000000 ) ;
#966 = EDGE_CURVE ( 'NONE', #2835, #2007, #1946, .T. ) ;
#967 = AXIS2_PLACEMENT_3D ( 'NONE', #586, #1038, #1963 ) ;
#968 = VECTOR ( 'NONE', #2395, 100.0000000000000000 ) ;
#969 = ADVANCED_FACE ( 'NONE', ( #530 ), #728, .F. ) ;
#970 = DIRECTION ( 'NONE',  ( -0.000000000000000000, -0.000000000000000000, -1.000000000000000000 ) ) ;
#971 = DIRECTION ( 'NONE',  ( -1.000000000000000000, 0.000000000000000000, 0.000000000000000000 ) ) ;
#972 = EDGE_LOOP ( 'NONE', ( #2115, #337 ) ) ;
#973 = AXIS2_PLACEMENT_3D ( 'NONE', #1085, #2914, #1306 ) ;
#974 = CARTESIAN_POINT ( 'NONE',  ( 1.569999999999999618, 2.000000000000000888, 0.2999999999999999889 ) ) ;
#975 = DIRECTION ( 'NONE',  ( 1.000000000000000000, 0.000000000000000000, 0.000000000000000000 ) ) ;
#976 = ORIENTED_EDGE ( 'NONE', *, *, #2613, .T. ) ;
#977 = FACE_OUTER_BOUND ( 'NONE', #737, .T. ) ;
#978 = EDGE_CURVE ( 'NONE', #2639, #52, #2359, .T. ) ;
#979 = LINE ( 'NONE', #856, #2702 ) ;
#980 = ORIENTED_EDGE ( 'NONE', *, *, #1906, .T. ) ;
#981 = EDGE_CURVE ( 'NONE', #2732, #934, #1802, .T. ) ;
#982 = ORIENTED_EDGE ( 'NONE', *, *, #923, .F. ) ;
#983 = DIRECTION ( 'NONE',  ( 0.000000000000000000, 1.000000000000000000, -0.000000000000000000 ) ) ;
#984 = FACE_BOUND ( 'NONE', #320, .T. ) ;
#985 = ADVANCED_FACE ( 'NONE', ( #1640 ), #1224, .F. ) ;
#986 = ORIENTED_EDGE ( 'NONE', *, *, #2269, .T. ) ;
#987 = DIRECTION ( 'NONE',  ( -0.000000000000000000, 0.000000000000000000, 1.000000000000000000 ) ) ;
#988 = CARTESIAN_POINT ( 'NONE',  ( 5.553625596047541357, 8.877896369100044538, 0.2999999999999999889 ) ) ;
#989 = AXIS2_PLACEMENT_3D ( 'NONE', #2527, #713, #2812 ) ;
#990 = ORIENTED_EDGE ( 'NONE', *, *, #776, .T. ) ;
#991 = CARTESIAN_POINT ( 'NONE',  ( 1.399999999999999467, 4.163336342344337027E-15, 0.2999999999999999889 ) ) ;
#992 = ORIENTED_EDGE ( 'NONE', *, *, #319, .T. ) ;
#993 = VERTEX_POINT ( 'NONE', #1911 ) ;
#994 = CARTESIAN_POINT ( 'NONE',  ( -1.569999999999999840, -0.9999999999999990008, 0.2999999999999999889 ) ) ;
#995 = ADVANCED_FACE ( 'NONE', ( #259, #1518, #2439, #1926, #2890, #104, #1716, #792 ), #1489, .F. ) ;
#996 = CALENDAR_DATE ( 2026, 29, 8 ) ;
#997 = CARTESIAN_POINT ( 'NONE',  ( 1.229999999999999538, -0.9999999999999987788, 0.2999999999999999889 ) ) ;
#998 = FACE_OUTER_BOUND ( 'NONE', #2343, .T. ) ;
#999 = VERTEX_POINT ( 'NONE', #2664 ) ;
#1000 = LINE ( 'NONE', #1735, #584 ) ;
#1001 = CARTESIAN_POINT ( 'NONE',  ( -1.399999999999999911, 2.000000000000000888, 0.2999999999999999889 ) ) ;
#1002 = CIRCLE ( 'NONE', #1102, 0.1700000000000000122 ) ;
#1003 = ORIENTED_EDGE ( 'NONE', *, *, #35, .T. ) ;
#1004 = DIRECTION ( 'NONE',  ( -0.000000000000000000, 0.000000000000000000, 1.000000000000000000 ) ) ;
#1005 = AXIS2_PLACEMENT_3D ( 'NONE', #1982, #2717, #1744 ) ;
#1006 = AXIS2_PLACEMENT_3D ( 'NONE', #1293, #2389, #1249 ) ;
#1007 = ORIENTED_EDGE ( 'NONE', *, *, #2733, .T. ) ;
#1008 = ORIENTED_EDGE ( 'NONE', *, *, #1594, .T. ) ;
#1009 = ADVANCED_BREP_SHAPE_REPRESENTATION ( 'CHASSIS FINAL Front Part 3D print', ( #692, #1090 ), #939 ) ;
#1010 = LINE ( 'NONE', #804, #1670 ) ;
#1011 = DIRECTION ( 'NONE',  ( 1.000000000000000000, 0.000000000000000000, 0.000000000000000000 ) ) ;
#1012 = EDGE_CURVE ( 'NONE', #1302, #1790, #650, .T. ) ;
#1013 = DIRECTION ( 'NONE',  ( -1.000000000000000000, 0.000000000000000000, 0.000000000000000000 ) ) ;
#1014 = VECTOR ( 'NONE', #1398, 100.0000000000000000 ) ;
#1015 = CARTESIAN_POINT ( 'NONE',  ( 1.399999999999999467, -3.999999999999996003, 0.000000000000000000 ) ) ;
#1016 = ORIENTED_EDGE ( 'NONE', *, *, #2566, .F. ) ;
#1017 = VECTOR ( 'NONE', #1271, 100.0000000000000142 ) ;
#1018 = CYLINDRICAL_SURFACE ( 'NONE', #113, 0.1700000000000000122 ) ;
#1019 = CARTESIAN_POINT ( 'NONE',  ( -1.569999999999999840, 1.000000000000000666, 0.000000000000000000 ) ) ;
#1020 = AXIS2_PLACEMENT_3D ( 'NONE', #1572, #2928, #2942 ) ;
#1021 = ORIENTED_EDGE ( 'NONE', *, *, #721, .F. ) ;
#1022 = DIRECTION ( 'NONE',  ( 1.000000000000000000, 0.000000000000000000, 0.000000000000000000 ) ) ;
#1023 = CARTESIAN_POINT ( 'NONE',  ( 5.517727688116654150, 8.971230929720350744, 0.5999999999999999778 ) ) ;
#1024 = VERTEX_POINT ( 'NONE', #1295 ) ;
#1025 = ORIENTED_EDGE ( 'NONE', *, *, #2239, .F. ) ;
#1026 = PLANE ( 'NONE',  #85 ) ;
#1027 = FACE_BOUND ( 'NONE', #972, .T. ) ;
#1028 = AXIS2_PLACEMENT_3D ( 'NONE', #138, #1048, #2861 ) ;
#1029 = FACE_OUTER_BOUND ( 'NONE', #2749, .T. ) ;
#1030 = CARTESIAN_POINT ( 'NONE',  ( 3.981432234456317776, 8.280348062927913588, 0.2999999999999999889 ) ) ;
#1031 = EDGE_CURVE ( 'NONE', #688, #1978, #2211, .T. ) ;
#1032 = CARTESIAN_POINT ( 'NONE',  ( 1.750000000000000222, -4.499999999999998224, 0.2999999999999999889 ) ) ;
#1033 = CARTESIAN_POINT ( 'NONE',  ( -1.569999999999999840, 3.000000000000000444, 0.000000000000000000 ) ) ;
#1034 = DIRECTION ( 'NONE',  ( 1.000000000000000000, 0.000000000000000000, 0.000000000000000000 ) ) ;
#1035 = ADVANCED_FACE ( 'NONE', ( #166 ), #361, .F. ) ;
#1036 = EDGE_LOOP ( 'NONE', ( #2625, #2323, #1259, #2286 ) ) ;
#1037 = CARTESIAN_POINT ( 'NONE',  ( -6.182272311883346916, 10.94262037481125915, 0.2999999999999999889 ) ) ;
#1038 = DIRECTION ( 'NONE',  ( 0.000000000000000000, 0.000000000000000000, 1.000000000000000000 ) ) ;
#1039 = EDGE_LOOP ( 'NONE', ( #202, #1637, #2603, #1157 ) ) ;
#1040 = CIRCLE ( 'NONE', #134, 0.1700000000000000122 ) ;
#1041 = EDGE_LOOP ( 'NONE', ( #2536, #990 ) ) ;
#1042 = DIRECTION ( 'NONE',  ( 0.000000000000000000, 1.000000000000000000, 0.000000000000000000 ) ) ;
#1043 = CARTESIAN_POINT ( 'NONE',  ( 1.229999999999999538, -0.9999999999999987788, 0.2999999999999999889 ) ) ;
#1044 = DIRECTION ( 'NONE',  ( -0.000000000000000000, -0.000000000000000000, -1.000000000000000000 ) ) ;
#1045 = DIRECTION ( 'NONE',  ( 0.000000000000000000, 0.000000000000000000, 1.000000000000000000 ) ) ;
#1046 = CIRCLE ( 'NONE', #757, 0.1700000000000000122 ) ;
#1047 = DIRECTION ( 'NONE',  ( -0.000000000000000000, -0.000000000000000000, -1.000000000000000000 ) ) ;
#1048 = DIRECTION ( 'NONE',  ( -0.000000000000000000, -0.000000000000000000, -1.000000000000000000 ) ) ;
#1049 = CARTESIAN_POINT ( 'NONE',  ( 1.399999999999999467, -1.999999999999999112, 0.000000000000000000 ) ) ;
#1050 = EDGE_LOOP ( 'NONE', ( #288, #900, #654, #379 ) ) ;
#1051 = EDGE_CURVE ( 'NONE', #1534, #503, #277, .T. ) ;
#1052 = DIRECTION ( 'NONE',  ( -0.000000000000000000, 0.000000000000000000, 1.000000000000000000 ) ) ;
#1053 = ORIENTED_EDGE ( 'NONE', *, *, #236, .F. ) ;
#1054 = VECTOR ( 'NONE', #634, 100.0000000000000000 ) ;
#1055 = EDGE_LOOP ( 'NONE', ( #2462, #1003, #2676, #2290 ) ) ;
#1056 = FACE_BOUND ( 'NONE', #1500, .T. ) ;
#1057 = DIRECTION ( 'NONE',  ( 1.443675383471039521E-15, -1.000000000000000000, 0.000000000000000000 ) ) ;
#1058 = DIRECTION ( 'NONE',  ( 1.000000000000000000, 0.000000000000000000, 0.000000000000000000 ) ) ;
#1059 = CARTESIAN_POINT ( 'NONE',  ( -6.070000000000000284, 8.630348062927911457, 0.2999999999999999889 ) ) ;
#1060 = EDGE_CURVE ( 'NONE', #1548, #2351, #1473, .T. ) ;
#1061 = CIRCLE ( 'NONE', #1776, 0.1700000000000000122 ) ;
#1062 = DIRECTION ( 'NONE',  ( -0.000000000000000000, -0.000000000000000000, -1.000000000000000000 ) ) ;
#1063 = CARTESIAN_POINT ( 'NONE',  ( 2.399623939390415295, 6.943017792022942558, 0.2999999999999999889 ) ) ;
#1064 = AXIS2_PLACEMENT_3D ( 'NONE', #791, #2166, #1700 ) ;
#1065 = EDGE_LOOP ( 'NONE', ( #40, #2051, #587, #69 ) ) ;
#1066 = DIRECTION ( 'NONE',  ( 1.000000000000000000, 0.000000000000000000, 0.000000000000000000 ) ) ;
#1067 = ORIENTED_EDGE ( 'NONE', *, *, #2203, .F. ) ;
#1068 = CC_DESIGN_DATE_AND_TIME_ASSIGNMENT ( #726, #486, ( #2903 ) ) ;
#1069 = EDGE_CURVE ( 'NONE', #1131, #2360, #2392, .T. ) ;
#1070 = ORIENTED_EDGE ( 'NONE', *, *, #101, .T. ) ;
#1071 = CIRCLE ( 'NONE', #2744, 0.1700000000000000122 ) ;
#1072 = LINE ( 'NONE', #1773, #1244 ) ;
#1073 = CARTESIAN_POINT ( 'NONE',  ( -1.983872316220359977, 5.303195863078978611, 0.5999999999999999778 ) ) ;
#1074 = EDGE_CURVE ( 'NONE', #729, #2577, #1040, .T. ) ;
#1075 = CARTESIAN_POINT ( 'NONE',  ( -1.399999999999999911, 1.000000000000000666, 0.2999999999999999889 ) ) ;
#1076 = EDGE_LOOP ( 'NONE', ( #2770, #495 ) ) ;
#1077 = CARTESIAN_POINT ( 'NONE',  ( 5.617727688116653795, 10.93171190698623896, 0.5999999999999999778 ) ) ;
#1078 = CARTESIAN_POINT ( 'NONE',  ( -5.632272311883342653, -2.221740265220810884E-15, 0.2999999999999999889 ) ) ;
#1079 = ADVANCED_FACE ( 'NONE', ( #2150 ), #120, .F. ) ;
#1080 = EDGE_LOOP ( 'NONE', ( #2941, #832 ) ) ;
#1081 = CARTESIAN_POINT ( 'NONE',  ( -0.9093266739736218796, 7.225000000000020073, 0.2999999999999999889 ) ) ;
#1082 = ORIENTED_EDGE ( 'NONE', *, *, #1557, .F. ) ;
#1083 = LOCAL_TIME ( 19, 18, 56.00000000000000000, #910 ) ;
#1084 = VERTEX_POINT ( 'NONE', #1030 ) ;
#1085 = CARTESIAN_POINT ( 'NONE',  ( 5.900000000000000355, 10.76034806292791224, 0.2999999999999999889 ) ) ;
#1086 = CARTESIAN_POINT ( 'NONE',  ( 1.569999999999999618, -2.999999999999999112, 0.000000000000000000 ) ) ;
#1087 = VERTEX_POINT ( 'NONE', #608 ) ;
#1088 = VECTOR ( 'NONE', #2167, 100.0000000000000000 ) ;
#1089 = EDGE_CURVE ( 'NONE', #925, #2547, #2666, .T. ) ;
#1090 = AXIS2_PLACEMENT_3D ( 'NONE', #1564, #2483, #210 ) ;
#1091 = CARTESIAN_POINT ( 'NONE',  ( -0.9093266739736218796, 7.225000000000020073, 0.2999999999999999889 ) ) ;
#1092 = CARTESIAN_POINT ( 'NONE',  ( 1.399999999999999467, 2.000000000000000888, 0.2999999999999999889 ) ) ;
#1093 = CARTESIAN_POINT ( 'NONE',  ( -0.4257497785096041043, 5.887775894410474997, 0.000000000000000000 ) ) ;
#1094 = AXIS2_PLACEMENT_3D ( 'NONE', #1049, #1460, #1034 ) ;
#1095 = ORIENTED_EDGE ( 'NONE', *, *, #26, .F. ) ;
#1096 = CARTESIAN_POINT ( 'NONE',  ( 5.900000000000000355, 10.76034806292791224, 0.2999999999999999889 ) ) ;
#1097 = ORIENTED_EDGE ( 'NONE', *, *, #455, .F. ) ;
#1098 = VERTEX_POINT ( 'NONE', #596 ) ;
#1099 = DIRECTION ( 'NONE',  ( -0.000000000000000000, 0.000000000000000000, 1.000000000000000000 ) ) ;
#1100 = FACE_OUTER_BOUND ( 'NONE', #2957, .T. ) ;
#1101 = ORIENTED_EDGE ( 'NONE', *, *, #233, .F. ) ;
#1102 = AXIS2_PLACEMENT_3D ( 'NONE', #497, #1589, #252 ) ;
#1103 = VECTOR ( 'NONE', #558, 100.0000000000000000 ) ;
#1104 = VECTOR ( 'NONE', #150, 99.99999999999998579 ) ;
#1105 = EDGE_CURVE ( 'NONE', #642, #1548, #1609, .T. ) ;
#1106 = VERTEX_POINT ( 'NONE', #547 ) ;
#1107 = EDGE_CURVE ( 'NONE', #2816, #2447, #1461, .T. ) ;
#1108 = LINE ( 'NONE', #416, #2130 ) ;
#1109 = CARTESIAN_POINT ( 'NONE',  ( 1.229999999999999538, 3.000000000000000444, 0.000000000000000000 ) ) ;
#1110 = CARTESIAN_POINT ( 'NONE',  ( 5.617727688116653795, 8.971230929720350744, 0.2999999999999999889 ) ) ;
#1111 = AXIS2_PLACEMENT_3D ( 'NONE', #1424, #2571, #727 ) ;
#1112 = VERTEX_POINT ( 'NONE', #1269 ) ;
#1113 = CARTESIAN_POINT ( 'NONE',  ( -1.570000000000000284, -3.999999999999996003, 0.2999999999999999889 ) ) ;
#1114 = ORIENTED_EDGE ( 'NONE', *, *, #1708, .F. ) ;
#1115 = AXIS2_PLACEMENT_3D ( 'NONE', #343, #822, #1910 ) ;
#1116 = ORIENTED_EDGE ( 'NONE', *, *, #1817, .F. ) ;
#1117 = DIRECTION ( 'NONE',  ( 1.000000000000000000, 0.000000000000000000, 0.000000000000000000 ) ) ;
#1118 = CARTESIAN_POINT ( 'NONE',  ( 0.7393266739737027748, 7.224999999999980105, 0.8500000000000000888 ) ) ;
#1119 = ORIENTED_EDGE ( 'NONE', *, *, #499, .T. ) ;
#1120 = EDGE_CURVE ( 'NONE', #1084, #1469, #45, .T. ) ;
#1121 = CIRCLE ( 'NONE', #24, 0.1000000000000000888 ) ;
#1122 = AXIS2_PLACEMENT_3D ( 'NONE', #481, #507, #1391 ) ;
#1123 = APPLICATION_PROTOCOL_DEFINITION ( 'international standard', 'config_control_design', 1994, #59 ) ;
#1124 = FACE_OUTER_BOUND ( 'NONE', #2387, .T. ) ;
#1125 = FACE_OUTER_BOUND ( 'NONE', #2193, .T. ) ;
#1126 = CIRCLE ( 'NONE', #2797, 1.000000000000000000 ) ;
#1127 = ORIENTED_EDGE ( 'NONE', *, *, #1366, .F. ) ;
#1128 = CARTESIAN_POINT ( 'NONE',  ( 1.399999999999999467, 3.000000000000000444, 0.000000000000000000 ) ) ;
#1129 = EDGE_CURVE ( 'NONE', #406, #2486, #1958, .T. ) ;
#1130 = ORIENTED_EDGE ( 'NONE', *, *, #1873, .T. ) ;
#1131 = VERTEX_POINT ( 'NONE', #2425 ) ;
#1132 = FACE_OUTER_BOUND ( 'NONE', #1938, .T. ) ;
#1133 = CARTESIAN_POINT ( 'NONE',  ( -1.400000000000000133, -3.999999999999996003, 0.2999999999999999889 ) ) ;
#1134 = VERTEX_POINT ( 'NONE', #154 ) ;
#1135 = APPLICATION_PROTOCOL_DEFINITION ( 'international standard', 'config_control_design', 1994, #1672 ) ;
#1136 = CARTESIAN_POINT ( 'NONE',  ( -5.730000000000000426, 8.630348062927911457, 0.2999999999999999889 ) ) ;
#1137 = CARTESIAN_POINT ( 'NONE',  ( 6.167727688116652729, 8.421986695411733947, 0.2999999999999999889 ) ) ;
#1138 = VERTEX_POINT ( 'NONE', #1972 ) ;
#1139 = DIRECTION ( 'NONE',  ( -0.000000000000000000, 0.000000000000000000, 1.000000000000000000 ) ) ;
#1140 = CARTESIAN_POINT ( 'NONE',  ( 1.750000000000000222, 0.000000000000000000, 0.000000000000000000 ) ) ;
#1141 = CIRCLE ( 'NONE', #1094, 0.1700000000000000122 ) ;
#1142 = EDGE_CURVE ( 'NONE', #1780, #2883, #1533, .T. ) ;
#1143 = ORIENTED_EDGE ( 'NONE', *, *, #525, .T. ) ;
#1144 = CYLINDRICAL_SURFACE ( 'NONE', #1165, 0.1700000000000000122 ) ;
#1145 = CARTESIAN_POINT ( 'NONE',  ( 1.399999999999999467, -1.999999999999999112, 0.000000000000000000 ) ) ;
#1146 = EDGE_LOOP ( 'NONE', ( #1234, #723, #1662, #1433 ) ) ;
#1147 = AXIS2_PLACEMENT_3D ( 'NONE', #736, #2521, #2335 ) ;
#1148 = AXIS2_PLACEMENT_3D ( 'NONE', #2224, #2915, #407 ) ;
#1149 = EDGE_LOOP ( 'NONE', ( #1130, #2785, #1538, #2927 ) ) ;
#1150 = CIRCLE ( 'NONE', #2394, 0.09999999999999939493 ) ;
#1151 = DIRECTION ( 'NONE',  ( 1.000000000000000000, 0.000000000000000000, 0.000000000000000000 ) ) ;
#1152 = CARTESIAN_POINT ( 'NONE',  ( -0.9093266739736218796, 7.225000000000020073, 0.5999999999999999778 ) ) ;
#1153 = ADVANCED_FACE ( 'NONE', ( #2677, #1760, #622, #308, #591, #1939, #1698, #2406, #1278, #87, #2194, #2180, #1665, #356, #1056, #1680, #527 ), #1026, .T. ) ;
#1154 = ORIENTED_EDGE ( 'NONE', *, *, #1250, .F. ) ;
#1155 = DIRECTION ( 'NONE',  ( 1.000000000000000000, 0.000000000000000000, 0.000000000000000000 ) ) ;
#1156 = DIRECTION ( 'NONE',  ( -0.000000000000000000, 0.000000000000000000, 1.000000000000000000 ) ) ;
#1157 = ORIENTED_EDGE ( 'NONE', *, *, #1890, .F. ) ;
#1158 = LINE ( 'NONE', #2065, #1258 ) ;
#1159 = CIRCLE ( 'NONE', #2494, 0.1700000000000000122 ) ;
#1160 = CYLINDRICAL_SURFACE ( 'NONE', #1697, 0.1700000000000000122 ) ;
#1161 = ORIENTED_EDGE ( 'NONE', *, *, #2409, .T. ) ;
#1162 = VECTOR ( 'NONE', #1569, 100.0000000000000000 ) ;
#1163 = VERTEX_POINT ( 'NONE', #149 ) ;
#1164 = EDGE_CURVE ( 'NONE', #1871, #891, #2583, .T. ) ;
#1165 = AXIS2_PLACEMENT_3D ( 'NONE', #2746, #1860, #917 ) ;
#1166 = ORIENTED_EDGE ( 'NONE', *, *, #2495, .T. ) ;
#1167 = FACE_OUTER_BOUND ( 'NONE', #1590, .T. ) ;
#1168 = CARTESIAN_POINT ( 'NONE',  ( 6.167727688116666052, 8.904196635286774235E-15, 0.2999999999999999889 ) ) ;
#1169 = DIRECTION ( 'NONE',  ( 1.000000000000000000, 0.000000000000000000, 0.000000000000000000 ) ) ;
#1170 = AXIS2_PLACEMENT_3D ( 'NONE', #2525, #1326, #2241 ) ;
#1171 = ORIENTED_EDGE ( 'NONE', *, *, #230, .T. ) ;
#1172 = CARTESIAN_POINT ( 'NONE',  ( -6.182272311883346916, 0.000000000000000000, 0.2999999999999999889 ) ) ;
#1173 = FACE_OUTER_BOUND ( 'NONE', #909, .T. ) ;
#1174 = CIRCLE ( 'NONE', #1937, 1.000000000000000000 ) ;
#1175 = VERTEX_POINT ( 'NONE', #820 ) ;
#1176 = CARTESIAN_POINT ( 'NONE',  ( 1.399999999999999467, 4.163336342344337027E-15, 0.2999999999999999889 ) ) ;
#1177 = DIRECTION ( 'NONE',  ( -0.000000000000000000, 0.000000000000000000, 1.000000000000000000 ) ) ;
#1178 = EDGE_LOOP ( 'NONE', ( #2310, #2038 ) ) ;
#1179 = ADVANCED_FACE ( 'NONE', ( #1436 ), #1967, .T. ) ;
#1180 = DATE_AND_TIME ( #772, #853 ) ;
#1181 = CARTESIAN_POINT ( 'NONE',  ( -5.900000000000000355, 10.76034806292791224, 0.5999999999999999778 ) ) ;
#1182 = DIRECTION ( 'NONE',  ( -1.000000000000000000, 0.000000000000000000, 0.000000000000000000 ) ) ;
#1183 = AXIS2_PLACEMENT_3D ( 'NONE', #2471, #1425, #473 ) ;
#1184 = ORIENTED_EDGE ( 'NONE', *, *, #432, .T. ) ;
#1185 = DIRECTION ( 'NONE',  ( 0.000000000000000000, -0.000000000000000000, -1.000000000000000000 ) ) ;
#1186 = LINE ( 'NONE', #9, #1191 ) ;
#1187 = EDGE_LOOP ( 'NONE', ( #498, #2524, #317, #2173 ) ) ;
#1188 = CARTESIAN_POINT ( 'NONE',  ( 6.067727688116653972, 11.03171190698623860, 0.2999999999999999889 ) ) ;
#1189 = CARTESIAN_POINT ( 'NONE',  ( -5.900000000000000355, 10.76034806292791224, 0.5999999999999999778 ) ) ;
#1190 = VERTEX_POINT ( 'NONE', #994 ) ;
#1191 = VECTOR ( 'NONE', #932, 100.0000000000000000 ) ;
#1192 = CALENDAR_DATE ( 2026, 29, 8 ) ;
#1193 = CARTESIAN_POINT ( 'NONE',  ( -6.070000000000000284, 10.76034806292791224, 0.2999999999999999889 ) ) ;
#1194 = DIRECTION ( 'NONE',  ( -0.000000000000000000, -0.000000000000000000, -1.000000000000000000 ) ) ;
#1195 = EDGE_CURVE ( 'NONE', #157, #999, #802, .T. ) ;
#1196 = EDGE_LOOP ( 'NONE', ( #2729, #1299, #2564, #179 ) ) ;
#1197 = DIRECTION ( 'NONE',  ( 0.000000000000000000, -1.000000000000000000, -0.000000000000000000 ) ) ;
#1198 = CARTESIAN_POINT ( 'NONE',  ( -1.151672859192311771, 5.200000000000001066, 0.000000000000000000 ) ) ;
#1199 = ADVANCED_FACE ( 'NONE', ( #1905 ), #2354, .T. ) ;
#1200 = ORIENTED_EDGE ( 'NONE', *, *, #455, .T. ) ;
#1201 = CARTESIAN_POINT ( 'NONE',  ( -6.082272311883345495, 8.421071038315055546, 0.5999999999999999778 ) ) ;
#1202 = CYLINDRICAL_SURFACE ( 'NONE', #405, 0.1700000000000000122 ) ;
#1203 = ORIENTED_EDGE ( 'NONE', *, *, #2398, .F. ) ;
#1204 = EDGE_LOOP ( 'NONE', ( #819, #112 ) ) ;
#1205 = AXIS2_PLACEMENT_3D ( 'NONE', #444, #2003, #403 ) ;
#1206 = EDGE_CURVE ( 'NONE', #1677, #842, #1729, .T. ) ;
#1207 = ADVANCED_FACE ( 'NONE', ( #2131 ), #771, .F. ) ;
#1208 = CIRCLE ( 'NONE', #1732, 0.1000000000000007827 ) ;
#1209 = AXIS2_PLACEMENT_3D ( 'NONE', #2910, #217, #1540 ) ;
#1210 = LINE ( 'NONE', #1612, #965 ) ;
#1211 = DIRECTION ( 'NONE',  ( 1.000000000000000000, 0.000000000000000000, 0.000000000000000000 ) ) ;
#1212 = ORIENTED_EDGE ( 'NONE', *, *, #1129, .F. ) ;
#1213 = CIRCLE ( 'NONE', #167, 0.1699999999999994849 ) ;
#1214 = CARTESIAN_POINT ( 'NONE',  ( -1.400000000000000133, -3.999999999999996003, 0.2999999999999999889 ) ) ;
#1215 = LINE ( 'NONE', #1227, #657 ) ;
#1216 = VERTEX_POINT ( 'NONE', #2422 ) ;
#1217 = DIRECTION ( 'NONE',  ( 0.9370559295497861152, -0.3491793019289459732, 0.000000000000000000 ) ) ;
#1218 = EDGE_CURVE ( 'NONE', #2007, #860, #98, .T. ) ;
#1219 = ORIENTED_EDGE ( 'NONE', *, *, #2220, .F. ) ;
#1220 = ORIENTED_EDGE ( 'NONE', *, *, #1522, .F. ) ;
#1221 = CARTESIAN_POINT ( 'NONE',  ( -1.151672859192311771, 4.887775894410474997, -0.7000000000000000666 ) ) ;
#1222 = COORDINATED_UNIVERSAL_TIME_OFFSET ( 5, 30, .AHEAD. ) ;
#1223 = CARTESIAN_POINT ( 'NONE',  ( -6.070000000000000284, 10.76034806292791224, 0.2999999999999999889 ) ) ;
#1224 = CYLINDRICAL_SURFACE ( 'NONE', #699, 0.1700000000000000122 ) ;
#1225 = ORIENTED_EDGE ( 'NONE', *, *, #700, .F. ) ;
#1226 = DIRECTION ( 'NONE',  ( 0.000000000000000000, 0.000000000000000000, -1.000000000000000000 ) ) ;
#1227 = CARTESIAN_POINT ( 'NONE',  ( -1.750000000000000222, 6.005462270129656943, 0.2999999999999999889 ) ) ;
#1228 = VECTOR ( 'NONE', #243, 99.99999999999998579 ) ;
#1229 = ORIENTED_EDGE ( 'NONE', *, *, #1107, .F. ) ;
#1230 = DIRECTION ( 'NONE',  ( -1.000000000000000000, 0.000000000000000000, 0.000000000000000000 ) ) ;
#1231 = ORIENTED_EDGE ( 'NONE', *, *, #2128, .T. ) ;
#1232 = VECTOR ( 'NONE', #711, 100.0000000000000000 ) ;
#1233 = CC_DESIGN_PERSON_AND_ORGANIZATION_ASSIGNMENT ( #758, #2779, ( #2903 ) ) ;
#1234 = ORIENTED_EDGE ( 'NONE', *, *, #2931, .F. ) ;
#1235 = DIRECTION ( 'NONE',  ( 0.000000000000000000, -0.000000000000000000, -1.000000000000000000 ) ) ;
#1236 = DIRECTION ( 'NONE',  ( 0.000000000000000000, 1.000000000000000000, -0.000000000000000000 ) ) ;
#1237 = CARTESIAN_POINT ( 'NONE',  ( -1.569999999999999840, -1.999999999999999112, 0.2999999999999999889 ) ) ;
#1238 = DIRECTION ( 'NONE',  ( 1.000000000000000000, 0.000000000000000000, 0.000000000000000000 ) ) ;
#1239 = ORIENTED_EDGE ( 'NONE', *, *, #2844, .T. ) ;
#1240 = DIRECTION ( 'NONE',  ( 0.000000000000000000, 0.000000000000000000, 1.000000000000000000 ) ) ;
#1241 = FACE_OUTER_BOUND ( 'NONE', #940, .T. ) ;
#1242 = ORIENTED_EDGE ( 'NONE', *, *, #2203, .T. ) ;
#1243 = CYLINDRICAL_SURFACE ( 'NONE', #1641, 1.000000000000000000 ) ;
#1244 = VECTOR ( 'NONE', #207, 100.0000000000000000 ) ;
#1245 = CARTESIAN_POINT ( 'NONE',  ( 6.070000000000000284, 10.76034806292791224, 0.2999999999999999889 ) ) ;
#1246 = ORIENTED_EDGE ( 'NONE', *, *, #981, .T. ) ;
#1247 = ORIENTED_EDGE ( 'NONE', *, *, #1650, .F. ) ;
#1248 = CARTESIAN_POINT ( 'NONE',  ( -5.632272311883342653, -2.221740265220810884E-15, 0.5999999999999999778 ) ) ;
#1249 = DIRECTION ( 'NONE',  ( -1.000000000000000000, 0.000000000000000000, 0.000000000000000000 ) ) ;
#1250 = EDGE_CURVE ( 'NONE', #260, #1163, #1712, .T. ) ;
#1251 = EDGE_CURVE ( 'NONE', #2447, #2816, #2296, .T. ) ;
#1252 = DIRECTION ( 'NONE',  ( 1.000000000000000000, 0.000000000000000000, 0.000000000000000000 ) ) ;
#1253 = VECTOR ( 'NONE', #1370, 100.0000000000000000 ) ;
#1254 = CARTESIAN_POINT ( 'NONE',  ( -0.3999999999999988565, 8.280348062927913588, 0.5999999999999999778 ) ) ;
#1255 = DIRECTION ( 'NONE',  ( -0.000000000000000000, -0.000000000000000000, -1.000000000000000000 ) ) ;
#1256 = CARTESIAN_POINT ( 'NONE',  ( 1.569999999999999618, 4.184155337929841812E-15, 0.000000000000000000 ) ) ;
#1257 = DIRECTION ( 'NONE',  ( 0.000000000000000000, 0.000000000000000000, 1.000000000000000000 ) ) ;
#1258 = VECTOR ( 'NONE', #30, 100.0000000000000000 ) ;
#1259 = ORIENTED_EDGE ( 'NONE', *, *, #1984, .F. ) ;
#1260 = DIRECTION ( 'NONE',  ( -0.000000000000000000, 0.000000000000000000, 1.000000000000000000 ) ) ;
#1261 = CARTESIAN_POINT ( 'NONE',  ( 1.229999999999999538, 2.000000000000000888, 0.000000000000000000 ) ) ;
#1262 = ORIENTED_EDGE ( 'NONE', *, *, #978, .T. ) ;
#1263 = VECTOR ( 'NONE', #1449, 100.0000000000000000 ) ;
#1264 = ORIENTED_EDGE ( 'NONE', *, *, #2126, .F. ) ;
#1265 = DIRECTION ( 'NONE',  ( -0.000000000000000000, 0.000000000000000000, 1.000000000000000000 ) ) ;
#1266 = DIRECTION ( 'NONE',  ( 1.000000000000000000, 0.000000000000000000, 0.000000000000000000 ) ) ;
#1267 = AXIS2_PLACEMENT_3D ( 'NONE', #2921, #2724, #2498 ) ;
#1268 = LINE ( 'NONE', #2182, #209 ) ;
#1269 = CARTESIAN_POINT ( 'NONE',  ( 1.229999999999999538, 2.000000000000000888, 0.2999999999999999889 ) ) ;
#1270 = EDGE_CURVE ( 'NONE', #1098, #1134, #1453, .T. ) ;
#1271 = DIRECTION ( 'NONE',  ( -0.7690969352569497763, -0.6391321492292240114, 0.000000000000000000 ) ) ;
#1272 = CARTESIAN_POINT ( 'NONE',  ( -1.399999999999999911, 3.000000000000000444, 0.000000000000000000 ) ) ;
#1273 = LINE ( 'NONE', #2876, #1519 ) ;
#1274 = ORIENTED_EDGE ( 'NONE', *, *, #1089, .T. ) ;
#1275 = CARTESIAN_POINT ( 'NONE',  ( 4.017330142387205427, 8.287013502307607027, 0.2999999999999999889 ) ) ;
#1276 = ORIENTED_EDGE ( 'NONE', *, *, #1012, .T. ) ;
#1277 = ORIENTED_EDGE ( 'NONE', *, *, #1895, .T. ) ;
#1278 = FACE_BOUND ( 'NONE', #2507, .T. ) ;
#1279 = CARTESIAN_POINT ( 'NONE',  ( -1.569999999999999840, -0.9999999999999990008, 0.2999999999999999889 ) ) ;
#1280 = EDGE_CURVE ( 'NONE', #2777, #739, #1816, .T. ) ;
#1281 = CYLINDRICAL_SURFACE ( 'NONE', #297, 0.1700000000000003730 ) ;
#1282 = DIRECTION ( 'NONE',  ( 1.000000000000000000, 0.000000000000000000, -0.000000000000000000 ) ) ;
#1283 = FACE_OUTER_BOUND ( 'NONE', #159, .T. ) ;
#1284 = FACE_OUTER_BOUND ( 'NONE', #1514, .T. ) ;
#1285 = EDGE_CURVE ( 'NONE', #421, #777, #1010, .T. ) ;
#1286 = ORIENTED_EDGE ( 'NONE', *, *, #71, .T. ) ;
#1287 = DIRECTION ( 'NONE',  ( 1.000000000000000000, 0.000000000000000000, 0.000000000000000000 ) ) ;
#1288 = EDGE_CURVE ( 'NONE', #2476, #219, #152, .T. ) ;
#1289 = EDGE_LOOP ( 'NONE', ( #83, #423, #307, #1774 ) ) ;
#1290 = AXIS2_PLACEMENT_3D ( 'NONE', #543, #2856, #2162 ) ;
#1291 = ORIENTED_EDGE ( 'NONE', *, *, #1666, .F. ) ;
#1292 = LINE ( 'NONE', #1118, #247 ) ;
#1293 = CARTESIAN_POINT ( 'NONE',  ( -1.399999999999999911, 3.000000000000000444, 0.2999999999999999889 ) ) ;
#1294 = EDGE_CURVE ( 'NONE', #172, #566, #618, .T. ) ;
#1295 = CARTESIAN_POINT ( 'NONE',  ( 6.102765294177611821, 8.328325784880620475, 0.5999999999999999778 ) ) ;
#1296 = DIRECTION ( 'NONE',  ( -0.000000000000000000, 0.000000000000000000, 1.000000000000000000 ) ) ;
#1297 = LINE ( 'NONE', #1718, #2361 ) ;
#1298 = CIRCLE ( 'NONE', #2784, 0.1700000000000000122 ) ;
#1299 = ORIENTED_EDGE ( 'NONE', *, *, #2239, .T. ) ;
#1300 = CIRCLE ( 'NONE', #830, 0.1700000000000000122 ) ;
#1301 = DIRECTION ( 'NONE',  ( 1.000000000000000000, 0.000000000000000000, 0.000000000000000000 ) ) ;
#1302 = VERTEX_POINT ( 'NONE', #1997 ) ;
#1303 = VECTOR ( 'NONE', #2701, 100.0000000000000000 ) ;
#1304 = ADVANCED_FACE ( 'NONE', ( #1100 ), #1800, .F. ) ;
#1305 = ORIENTED_EDGE ( 'NONE', *, *, #1129, .T. ) ;
#1306 = DIRECTION ( 'NONE',  ( 1.000000000000000000, 0.000000000000000000, 0.000000000000000000 ) ) ;
#1307 = VECTOR ( 'NONE', #436, 100.0000000000000000 ) ;
#1308 = DIRECTION ( 'NONE',  ( 1.000000000000000000, 0.000000000000000000, 0.000000000000000000 ) ) ;
#1309 = ORIENTED_EDGE ( 'NONE', *, *, #2083, .T. ) ;
#1310 = CIRCLE ( 'NONE', #1695, 0.1700000000000000122 ) ;
#1311 = ORIENTED_EDGE ( 'NONE', *, *, #837, .T. ) ;
#1312 = CARTESIAN_POINT ( 'NONE',  ( 2.085101991264611154, 2.495146225451545963, 0.000000000000000000 ) ) ;
#1313 = DIRECTION ( 'NONE',  ( 0.000000000000000000, 0.000000000000000000, 1.000000000000000000 ) ) ;
#1314 = DIRECTION ( 'NONE',  ( 1.000000000000000000, 0.000000000000000000, 0.000000000000000000 ) ) ;
#1315 = ORIENTED_EDGE ( 'NONE', *, *, #2752, .T. ) ;
#1316 = DIRECTION ( 'NONE',  ( 1.000000000000000000, 0.000000000000000000, 0.000000000000000000 ) ) ;
#1317 = ORIENTED_EDGE ( 'NONE', *, *, #2614, .F. ) ;
#1318 = ORIENTED_EDGE ( 'NONE', *, *, #2714, .T. ) ;
#1319 = CARTESIAN_POINT ( 'NONE',  ( -1.151672859192311771, 5.200000000000001066, 0.2999999999999999889 ) ) ;
#1320 = DIRECTION ( 'NONE',  ( -0.000000000000000000, -0.000000000000000000, -1.000000000000000000 ) ) ;
#1321 = ORIENTED_EDGE ( 'NONE', *, *, #190, .F. ) ;
#1322 = ADVANCED_FACE ( 'NONE', ( #384 ), #1531, .T. ) ;
#1323 = AXIS2_PLACEMENT_3D ( 'NONE', #1015, #386, #1238 ) ;
#1324 = ADVANCED_FACE ( 'NONE', ( #163 ), #877, .T. ) ;
#1325 = ORIENTED_EDGE ( 'NONE', *, *, #2560, .T. ) ;
#1326 = DIRECTION ( 'NONE',  ( -0.000000000000000000, -0.000000000000000000, -1.000000000000000000 ) ) ;
#1327 = DIRECTION ( 'NONE',  ( -0.000000000000000000, -0.000000000000000000, -1.000000000000000000 ) ) ;
#1328 = FACE_OUTER_BOUND ( 'NONE', #2698, .T. ) ;
#1329 = AXIS2_PLACEMENT_3D ( 'NONE', #1001, #550, #1916 ) ;
#1330 = ORIENTED_EDGE ( 'NONE', *, *, #2705, .F. ) ;
#1331 = DIRECTION ( 'NONE',  ( -1.000000000000000000, 0.000000000000000000, 0.000000000000000000 ) ) ;
#1332 = EDGE_CURVE ( 'NONE', #2673, #1532, #2393, .T. ) ;
#1333 = ORIENTED_EDGE ( 'NONE', *, *, #627, .F. ) ;
#1334 = EDGE_LOOP ( 'NONE', ( #2219, #785 ) ) ;
#1335 = DIRECTION ( 'NONE',  ( -0.000000000000000000, -0.000000000000000000, -1.000000000000000000 ) ) ;
#1336 = DIRECTION ( 'NONE',  ( 1.000000000000000000, 0.000000000000000000, 0.000000000000000000 ) ) ;
#1337 = ORIENTED_EDGE ( 'NONE', *, *, #2534, .F. ) ;
#1338 = AXIS2_PLACEMENT_3D ( 'NONE', #1221, #1042, #2869 ) ;
#1339 = EDGE_CURVE ( 'NONE', #1830, #216, #1292, .T. ) ;
#1340 = LINE ( 'NONE', #257, #1467 ) ;
#1341 = CARTESIAN_POINT ( 'NONE',  ( 6.167727688116653617, 10.93171190698623896, 0.2999999999999999889 ) ) ;
#1342 = DIRECTION ( 'NONE',  ( -0.000000000000000000, 0.000000000000000000, 1.000000000000000000 ) ) ;
#1343 = AXIS2_PLACEMENT_3D ( 'NONE', #2872, #2616, #119 ) ;
#1344 = ORIENTED_EDGE ( 'NONE', *, *, #1727, .F. ) ;
#1345 = CARTESIAN_POINT ( 'NONE',  ( -5.532272311883346561, 8.733560568322646489, 0.5999999999999999778 ) ) ;
#1346 = ORIENTED_EDGE ( 'NONE', *, *, #2780, .T. ) ;
#1347 = AXIS2_PLACEMENT_3D ( 'NONE', #1935, #1052, #128 ) ;
#1348 = VECTOR ( 'NONE', #611, 100.0000000000000000 ) ;
#1349 = ORIENTED_EDGE ( 'NONE', *, *, #2301, .T. ) ;
#1350 = CARTESIAN_POINT ( 'NONE',  ( 5.730000000000000426, 8.630348062927913233, 0.5999999999999999778 ) ) ;
#1351 = CARTESIAN_POINT ( 'NONE',  ( 5.730000000000000426, 10.76034806292791224, 0.2999999999999999889 ) ) ;
#1352 = EDGE_LOOP ( 'NONE', ( #1337, #2460 ) ) ;
#1353 = AXIS2_PLACEMENT_3D ( 'NONE', #2674, #396, #2222 ) ;
#1354 = EDGE_LOOP ( 'NONE', ( #1070, #29, #1291, #1262, #1606, #1220, #1477, #483 ) ) ;
#1355 = CYLINDRICAL_SURFACE ( 'NONE', #1435, 0.1700000000000000122 ) ;
#1356 = CARTESIAN_POINT ( 'NONE',  ( 6.067727688116653084, 8.421986695411733947, 0.5999999999999999778 ) ) ;
#1357 = ADVANCED_FACE ( 'NONE', ( #2492 ), #2945, .F. ) ;
#1358 = VERTEX_POINT ( 'NONE', #1351 ) ;
#1359 = LINE ( 'NONE', #2232, #1438 ) ;
#1360 = DIRECTION ( 'NONE',  ( 0.9333456062030595080, 0.3589790793088694087, 0.000000000000000000 ) ) ;
#1361 = EDGE_LOOP ( 'NONE', ( #798, #1859 ) ) ;
#1362 = CARTESIAN_POINT ( 'NONE',  ( 1.229999999999999538, 3.000000000000000444, 0.2999999999999999889 ) ) ;
#1363 = CARTESIAN_POINT ( 'NONE',  ( 1.399999999999999467, -3.999999999999996003, 0.2999999999999999889 ) ) ;
#1364 = EDGE_LOOP ( 'NONE', ( #1876, #1225, #2926, #1311 ) ) ;
#1365 = EDGE_CURVE ( 'NONE', #434, #2380, #2659, .T. ) ;
#1366 = EDGE_CURVE ( 'NONE', #1512, #338, #660, .T. ) ;
#1367 = AXIS2_PLACEMENT_3D ( 'NONE', #1075, #2602, #1505 ) ;
#1368 = ORIENTED_EDGE ( 'NONE', *, *, #2918, .T. ) ;
#1369 = PERSON_AND_ORGANIZATION ( #21, #1751 ) ;
#1370 = DIRECTION ( 'NONE',  ( -0.000000000000000000, -0.000000000000000000, -1.000000000000000000 ) ) ;
#1371 = CARTESIAN_POINT ( 'NONE',  ( 2.085101991264611154, 2.495146225451545963, 0.000000000000000000 ) ) ;
#1372 = EDGE_LOOP ( 'NONE', ( #353, #2027 ) ) ;
#1373 = ADVANCED_FACE ( 'NONE', ( #194 ), #397, .F. ) ;
#1374 = DIRECTION ( 'NONE',  ( 1.000000000000000000, 0.000000000000000000, 0.000000000000000000 ) ) ;
#1375 = CYLINDRICAL_SURFACE ( 'NONE', #1615, 0.1700000000000000122 ) ;
#1376 = EDGE_LOOP ( 'NONE', ( #292, #1762 ) ) ;
#1377 = CARTESIAN_POINT ( 'NONE',  ( -1.399999999999999911, -1.999999999999999112, 0.2999999999999999889 ) ) ;
#1378 = ADVANCED_FACE ( 'NONE', ( #2688 ), #1789, .F. ) ;
#1379 = DIRECTION ( 'NONE',  ( 1.000000000000000000, 0.000000000000000000, 0.000000000000000000 ) ) ;
#1380 = VERTEX_POINT ( 'NONE', #2237 ) ;
#1381 = CIRCLE ( 'NONE', #2821, 0.1700000000000000122 ) ;
#1382 = ORIENTED_EDGE ( 'NONE', *, *, #2662, .F. ) ;
#1383 = CARTESIAN_POINT ( 'NONE',  ( 6.167727688116652729, 8.421986695411733947, 0.2999999999999999889 ) ) ;
#1384 = VECTOR ( 'NONE', #2195, 100.0000000000000000 ) ;
#1385 = DIRECTION ( 'NONE',  ( 0.000000000000000000, 1.000000000000000000, -0.000000000000000000 ) ) ;
#1386 = FACE_BOUND ( 'NONE', #817, .T. ) ;
#1387 = ORIENTED_EDGE ( 'NONE', *, *, #2055, .F. ) ;
#1388 = LINE ( 'NONE', #2344, #2454 ) ;
#1389 = LINE ( 'NONE', #1140, #48 ) ;
#1390 = ORIENTED_EDGE ( 'NONE', *, *, #1506, .F. ) ;
#1391 = DIRECTION ( 'NONE',  ( 1.000000000000000000, 0.000000000000000000, 0.000000000000000000 ) ) ;
#1392 = AXIS2_PLACEMENT_3D ( 'NONE', #1520, #2199, #1703 ) ;
#1393 = DIRECTION ( 'NONE',  ( 0.000000000000000000, 0.000000000000000000, 1.000000000000000000 ) ) ;
#1394 = VERTEX_POINT ( 'NONE', #221 ) ;
#1395 = EDGE_CURVE ( 'NONE', #1976, #2867, #1072, .T. ) ;
#1396 = VECTOR ( 'NONE', #2158, 100.0000000000000000 ) ;
#1397 = ORIENTED_EDGE ( 'NONE', *, *, #1727, .T. ) ;
#1398 = DIRECTION ( 'NONE',  ( 0.000000000000000000, 0.000000000000000000, 1.000000000000000000 ) ) ;
#1399 = FACE_BOUND ( 'NONE', #646, .T. ) ;
#1400 = AXIS2_PLACEMENT_3D ( 'NONE', #585, #665, #2736 ) ;
#1401 = ORIENTED_EDGE ( 'NONE', *, *, #2408, .F. ) ;
#1402 = CARTESIAN_POINT ( 'NONE',  ( 1.569999999999999618, 4.184155337929841812E-15, 0.2999999999999999889 ) ) ;
#1403 = DIRECTION ( 'NONE',  ( -0.000000000000000000, -1.000000000000000000, -0.000000000000000000 ) ) ;
#1404 = CIRCLE ( 'NONE', #2554, 0.1700000000000000122 ) ;
#1405 = ORIENTED_EDGE ( 'NONE', *, *, #102, .F. ) ;
#1406 = CARTESIAN_POINT ( 'NONE',  ( -1.230000000000000204, -3.999999999999996003, 0.2999999999999999889 ) ) ;
#1407 = CARTESIAN_POINT ( 'NONE',  ( -1.569999999999999840, 2.000000000000000888, 0.2999999999999999889 ) ) ;
#1408 = ORIENTED_EDGE ( 'NONE', *, *, #1464, .F. ) ;
#1409 = EDGE_CURVE ( 'NONE', #1646, #1770, #477, .T. ) ;
#1410 = LINE ( 'NONE', #282, #774 ) ;
#1411 = DIRECTION ( 'NONE',  ( 1.000000000000000000, 0.000000000000000000, 0.000000000000000000 ) ) ;
#1412 = CIRCLE ( 'NONE', #508, 0.1700000000000003730 ) ;
#1413 = VERTEX_POINT ( 'NONE', #1086 ) ;
#1414 = LINE ( 'NONE', #2575, #441 ) ;
#1415 = DIRECTION ( 'NONE',  ( -0.000000000000000000, -0.000000000000000000, -1.000000000000000000 ) ) ;
#1416 = ORIENTED_EDGE ( 'NONE', *, *, #2481, .T. ) ;
#1417 = DIRECTION ( 'NONE',  ( 0.000000000000000000, -0.000000000000000000, -1.000000000000000000 ) ) ;
#1418 = EDGE_CURVE ( 'NONE', #1112, #1691, #768, .T. ) ;
#1419 = DIRECTION ( 'NONE',  ( -0.000000000000000000, 0.000000000000000000, 1.000000000000000000 ) ) ;
#1420 = ORIENTED_EDGE ( 'NONE', *, *, #321, .F. ) ;
#1421 = AXIS2_PLACEMENT_3D ( 'NONE', #796, #764, #1430 ) ;
#1422 = ORIENTED_EDGE ( 'NONE', *, *, #698, .F. ) ;
#1423 = APPROVAL_DATE_TIME ( #2824, #662 ) ;
#1424 = CARTESIAN_POINT ( 'NONE',  ( 0.4224040601249796634, 5.887775894410474997, 0.000000000000000000 ) ) ;
#1425 = DIRECTION ( 'NONE',  ( -0.000000000000000000, 0.000000000000000000, 1.000000000000000000 ) ) ;
#1426 = EDGE_CURVE ( 'NONE', #2577, #729, #1863, .T. ) ;
#1427 = AXIS2_PLACEMENT_3D ( 'NONE', #116, #1235, #2144 ) ;
#1428 = ORIENTED_EDGE ( 'NONE', *, *, #2040, .F. ) ;
#1429 = DIRECTION ( 'NONE',  ( 1.000000000000000000, -0.000000000000000000, 0.000000000000000000 ) ) ;
#1430 = DIRECTION ( 'NONE',  ( 0.000000000000000000, -0.000000000000000000, -1.000000000000000000 ) ) ;
#1431 = ORIENTED_EDGE ( 'NONE', *, *, #610, .T. ) ;
#1432 = DIRECTION ( 'NONE',  ( -0.000000000000000000, 0.000000000000000000, 1.000000000000000000 ) ) ;
#1433 = ORIENTED_EDGE ( 'NONE', *, *, #2433, .F. ) ;
#1434 = ORIENTED_EDGE ( 'NONE', *, *, #196, .T. ) ;
#1435 = AXIS2_PLACEMENT_3D ( 'NONE', #1565, #2271, #227 ) ;
#1436 = FACE_OUTER_BOUND ( 'NONE', #524, .T. ) ;
#1437 = VECTOR ( 'NONE', #2601, 100.0000000000000000 ) ;
#1438 = VECTOR ( 'NONE', #1795, 100.0000000000000000 ) ;
#1439 = PERSON_AND_ORGANIZATION_ROLE ( 'creator' ) ;
#1440 = CARTESIAN_POINT ( 'NONE',  ( 1.569999999999999618, -3.999999999999996003, 0.2999999999999999889 ) ) ;
#1441 = CARTESIAN_POINT ( 'NONE',  ( 1.750000000000000222, 6.006408686711816713, 0.2999999999999999889 ) ) ;
#1442 = VERTEX_POINT ( 'NONE', #1767 ) ;
#1443 = VECTOR ( 'NONE', #2730, 100.0000000000000000 ) ;
#1444 = LINE ( 'NONE', #1629, #1924 ) ;
#1445 = EDGE_CURVE ( 'NONE', #168, #566, #1381, .T. ) ;
#1446 = DIRECTION ( 'NONE',  ( 0.3503760606095854269, -0.9366091053111261777, 0.000000000000000000 ) ) ;
#1447 = EDGE_CURVE ( 'NONE', #148, #2683, #865, .T. ) ;
#1448 = ORIENTED_EDGE ( 'NONE', *, *, #281, .T. ) ;
#1449 = DIRECTION ( 'NONE',  ( -0.000000000000000000, -0.000000000000000000, -1.000000000000000000 ) ) ;
#1450 = ORIENTED_EDGE ( 'NONE', *, *, #2656, .F. ) ;
#1451 = AXIS2_PLACEMENT_3D ( 'NONE', #1566, #2949, #899 ) ;
#1452 = ORIENTED_EDGE ( 'NONE', *, *, #447, .T. ) ;
#1453 = LINE ( 'NONE', #2370, #8 ) ;
#1454 = CARTESIAN_POINT ( 'NONE',  ( -3.988704546339663537, 8.380348062927911457, 0.2999999999999999889 ) ) ;
#1455 = EDGE_CURVE ( 'NONE', #2732, #2190, #2516, .T. ) ;
#1456 = DIRECTION ( 'NONE',  ( 0.000000000000000000, 0.000000000000000000, 1.000000000000000000 ) ) ;
#1457 = CARTESIAN_POINT ( 'NONE',  ( 3.981432234456317776, 8.380348062927913233, 0.2999999999999999889 ) ) ;
#1458 = EDGE_LOOP ( 'NONE', ( #457, #109, #992, #1305 ) ) ;
#1459 = CARTESIAN_POINT ( 'NONE',  ( -6.182272311883346916, 0.000000000000000000, 0.2999999999999999889 ) ) ;
#1460 = DIRECTION ( 'NONE',  ( -0.000000000000000000, 0.000000000000000000, 1.000000000000000000 ) ) ;
#1461 = CIRCLE ( 'NONE', #896, 0.1700000000000000122 ) ;
#1462 = ORIENTED_EDGE ( 'NONE', *, *, #1250, .T. ) ;
#1463 = CARTESIAN_POINT ( 'NONE',  ( -5.532272311883346561, 8.733560568322646489, 0.2999999999999999889 ) ) ;
#1464 = EDGE_CURVE ( 'NONE', #2007, #2835, #100, .T. ) ;
#1465 = DIRECTION ( 'NONE',  ( -1.000000000000000000, 0.000000000000000000, 0.000000000000000000 ) ) ;
#1466 = ORIENTED_EDGE ( 'NONE', *, *, #254, .T. ) ;
#1467 = VECTOR ( 'NONE', #2072, 100.0000000000000000 ) ;
#1468 = ADVANCED_FACE ( 'NONE', ( #872 ), #2487, .F. ) ;
#1469 = VERTEX_POINT ( 'NONE', #2711 ) ;
#1470 = CARTESIAN_POINT ( 'NONE',  ( 0.000000000000000000, 0.000000000000000000, 0.2999999999999999889 ) ) ;
#1471 = CARTESIAN_POINT ( 'NONE',  ( 5.617727688116653795, 0.000000000000000000, 0.5999999999999999778 ) ) ;
#1472 = CYLINDRICAL_SURFACE ( 'NONE', #2350, 0.1700000000000000122 ) ;
#1473 = LINE ( 'NONE', #1059, #2906 ) ;
#1474 = CARTESIAN_POINT ( 'NONE',  ( -1.151672859192311771, 5.200000000000001066, 0.000000000000000000 ) ) ;
#1475 = DIRECTION ( 'NONE',  ( 1.000000000000000000, 0.000000000000000000, 0.000000000000000000 ) ) ;
#1476 = CARTESIAN_POINT ( 'NONE',  ( 1.229999999999999538, 3.000000000000000444, 0.2999999999999999889 ) ) ;
#1477 = ORIENTED_EDGE ( 'NONE', *, *, #2087, .F. ) ;
#1478 = DIRECTION ( 'NONE',  ( 0.000000000000000000, 0.000000000000000000, -1.000000000000000000 ) ) ;
#1479 = AXIS2_PLACEMENT_3D ( 'NONE', #1582, #2049, #7 ) ;
#1480 = CARTESIAN_POINT ( 'NONE',  ( 2.750000000000000444, 6.006408686711816713, 0.2999999999999999889 ) ) ;
#1481 = EDGE_LOOP ( 'NONE', ( #1466, #1798, #2658, #2192 ) ) ;
#1482 = VERTEX_POINT ( 'NONE', #2287 ) ;
#1483 = DIRECTION ( 'NONE',  ( 1.000000000000000000, 0.000000000000000000, 0.000000000000000000 ) ) ;
#1484 = CYLINDRICAL_SURFACE ( 'NONE', #1772, 0.1000000000000000888 ) ;
#1485 = EDGE_CURVE ( 'NONE', #10, #2404, #2151, .T. ) ;
#1486 = CIRCLE ( 'NONE', #2014, 0.1700000000000000122 ) ;
#1487 = DIRECTION ( 'NONE',  ( 0.000000000000000000, 0.000000000000000000, 1.000000000000000000 ) ) ;
#1488 = CIRCLE ( 'NONE', #2642, 0.1000000000000000888 ) ;
#1489 = PLANE ( 'NONE',  #2520 ) ;
#1490 = EDGE_CURVE ( 'NONE', #1358, #1380, #2212, .T. ) ;
#1491 = CARTESIAN_POINT ( 'NONE',  ( 1.229999999999999538, 4.163336342344337027E-15, 0.2999999999999999889 ) ) ;
#1492 = CARTESIAN_POINT ( 'NONE',  ( 1.229999999999999538, -0.9999999999999987788, 0.000000000000000000 ) ) ;
#1493 = CARTESIAN_POINT ( 'NONE',  ( -2.258879505620177586, 5.873086714612457016, 0.5999999999999999778 ) ) ;
#1494 = AXIS2_PLACEMENT_3D ( 'NONE', #735, #2082, #2562 ) ;
#1495 = VERTEX_POINT ( 'NONE', #449 ) ;
#1496 = DIRECTION ( 'NONE',  ( -1.000000000000000000, 0.000000000000000000, -0.000000000000000000 ) ) ;
#1497 = DIRECTION ( 'NONE',  ( 0.000000000000000000, 0.000000000000000000, 1.000000000000000000 ) ) ;
#1498 = EDGE_LOOP ( 'NONE', ( #1614, #2421 ) ) ;
#1499 = CIRCLE ( 'NONE', #2553, 0.1700000000000000122 ) ;
#1500 = EDGE_LOOP ( 'NONE', ( #833, #882 ) ) ;
#1501 = DIRECTION ( 'NONE',  ( 0.000000000000000000, 0.000000000000000000, 1.000000000000000000 ) ) ;
#1502 = CARTESIAN_POINT ( 'NONE',  ( 0.000000000000000000, 0.000000000000000000, 0.5999999999999999778 ) ) ;
#1503 = EDGE_CURVE ( 'NONE', #2851, #1936, #1300, .T. ) ;
#1504 = CARTESIAN_POINT ( 'NONE',  ( 5.730000000000000426, 10.76034806292791224, 0.2999999999999999889 ) ) ;
#1505 = DIRECTION ( 'NONE',  ( -1.000000000000000000, 0.000000000000000000, 0.000000000000000000 ) ) ;
#1506 = EDGE_CURVE ( 'NONE', #934, #520, #1782, .T. ) ;
#1507 = CARTESIAN_POINT ( 'NONE',  ( 3.981432234456317776, 8.380348062927913233, 0.2999999999999999889 ) ) ;
#1508 = LINE ( 'NONE', #2200, #933 ) ;
#1509 = CARTESIAN_POINT ( 'NONE',  ( -1.229999999999999760, -2.999999999999999112, 0.2999999999999999889 ) ) ;
#1510 = ORIENTED_EDGE ( 'NONE', *, *, #2953, .T. ) ;
#1511 = CYLINDRICAL_SURFACE ( 'NONE', #967, 0.1000000000000000888 ) ;
#1512 = VERTEX_POINT ( 'NONE', #888 ) ;
#1513 = EDGE_CURVE ( 'NONE', #2380, #260, #2887, .T. ) ;
#1514 = EDGE_LOOP ( 'NONE', ( #2766, #1318, #2096, #2264 ) ) ;
#1515 = CARTESIAN_POINT ( 'NONE',  ( -1.229999999999999760, 1.000000000000000666, 0.2999999999999999889 ) ) ;
#1516 = PLANE ( 'NONE',  #2297 ) ;
#1517 = CARTESIAN_POINT ( 'NONE',  ( 1.750000000000000222, -4.499999999999998224, 0.000000000000000000 ) ) ;
#1518 = FACE_BOUND ( 'NONE', #1862, .T. ) ;
#1519 = VECTOR ( 'NONE', #2429, 100.0000000000000000 ) ;
#1520 = CARTESIAN_POINT ( 'NONE',  ( 5.900000000000000355, 8.630348062927913233, 0.2999999999999999889 ) ) ;
#1521 = CARTESIAN_POINT ( 'NONE',  ( 5.617727688116653795, 10.93171190698623896, 0.2999999999999999889 ) ) ;
#1522 = EDGE_CURVE ( 'NONE', #1891, #2085, #685, .T. ) ;
#1523 = ORIENTED_EDGE ( 'NONE', *, *, #2752, .F. ) ;
#1524 = CARTESIAN_POINT ( 'NONE',  ( -6.070000000000000284, 8.630348062927911457, 0.5999999999999999778 ) ) ;
#1525 = ORIENTED_EDGE ( 'NONE', *, *, #2426, .T. ) ;
#1526 = CIRCLE ( 'NONE', #244, 0.1700000000000000122 ) ;
#1527 = VECTOR ( 'NONE', #914, 100.0000000000000000 ) ;
#1528 = ORIENTED_EDGE ( 'NONE', *, *, #744, .F. ) ;
#1529 = DIRECTION ( 'NONE',  ( -0.000000000000000000, 0.000000000000000000, 1.000000000000000000 ) ) ;
#1530 = AXIS2_PLACEMENT_3D ( 'NONE', #325, #789, #340 ) ;
#1531 = PLANE ( 'NONE',  #574 ) ;
#1532 = VERTEX_POINT ( 'NONE', #1990 ) ;
#1533 = LINE ( 'NONE', #852, #1848 ) ;
#1534 = VERTEX_POINT ( 'NONE', #203 ) ;
#1535 = AXIS2_PLACEMENT_3D ( 'NONE', #2058, #927, #49 ) ;
#1536 = DIRECTION ( 'NONE',  ( -1.000000000000000000, 0.000000000000000000, 0.000000000000000000 ) ) ;
#1537 = DIRECTION ( 'NONE',  ( 0.000000000000000000, 0.000000000000000000, 1.000000000000000000 ) ) ;
#1538 = ORIENTED_EDGE ( 'NONE', *, *, #2292, .F. ) ;
#1539 = AXIS2_PLACEMENT_3D ( 'NONE', #655, #2274, #669 ) ;
#1540 = DIRECTION ( 'NONE',  ( 1.000000000000000000, 0.000000000000000000, 0.000000000000000000 ) ) ;
#1541 = EDGE_LOOP ( 'NONE', ( #2813, #2399, #1920, #1632 ) ) ;
#1542 = ADVANCED_FACE ( 'NONE', ( #2035 ), #2925, .F. ) ;
#1543 = AXIS2_PLACEMENT_3D ( 'NONE', #1176, #289, #521 ) ;
#1544 = ORIENTED_EDGE ( 'NONE', *, *, #2446, .T. ) ;
#1545 = CARTESIAN_POINT ( 'NONE',  ( -0.000000000000000000, 11.03171190698623860, 0.5999999999999999778 ) ) ;
#1546 = AXIS2_PLACEMENT_3D ( 'NONE', #1091, #1934, #1775 ) ;
#1547 = CARTESIAN_POINT ( 'NONE',  ( -1.400000000000000133, 4.163336342344337027E-15, 0.2999999999999999889 ) ) ;
#1548 = VERTEX_POINT ( 'NONE', #2461 ) ;
#1549 = CIRCLE ( 'NONE', #2750, 0.1000000000000000888 ) ;
#1550 = CARTESIAN_POINT ( 'NONE',  ( 1.978872763268170409, 5.310493624339570395, 0.5999999999999999778 ) ) ;
#1551 = VECTOR ( 'NONE', #2506, 100.0000000000000000 ) ;
#1552 = DIRECTION ( 'NONE',  ( 1.000000000000000000, 0.000000000000000000, 0.000000000000000000 ) ) ;
#1553 = DIRECTION ( 'NONE',  ( 1.000000000000000000, 0.000000000000000000, 0.000000000000000000 ) ) ;
#1554 = ORIENTED_EDGE ( 'NONE', *, *, #1506, .T. ) ;
#1555 = CARTESIAN_POINT ( 'NONE',  ( -6.182272311883346916, 10.94262037481125915, 0.5999999999999999778 ) ) ;
#1556 = DIRECTION ( 'NONE',  ( 0.000000000000000000, 0.000000000000000000, 1.000000000000000000 ) ) ;
#1557 = EDGE_CURVE ( 'NONE', #2476, #1413, #1359, .T. ) ;
#1558 = ORIENTED_EDGE ( 'NONE', *, *, #1012, .F. ) ;
#1559 = CARTESIAN_POINT ( 'NONE',  ( -5.632272311883347093, 10.94262037481125915, 0.2999999999999999889 ) ) ;
#1560 = CARTESIAN_POINT ( 'NONE',  ( -5.554578619112132465, 8.636080166919004597, 0.2999999999999999889 ) ) ;
#1561 = ORIENTED_EDGE ( 'NONE', *, *, #2656, .T. ) ;
#1562 = ADVANCED_FACE ( 'NONE', ( #1601 ), #2951, .F. ) ;
#1563 = AXIS2_PLACEMENT_3D ( 'NONE', #869, #641, #2004 ) ;
#1564 = CARTESIAN_POINT ( 'NONE',  ( 0.000000000000000000, 0.000000000000000000, 0.000000000000000000 ) ) ;
#1565 = CARTESIAN_POINT ( 'NONE',  ( 1.399999999999999467, 4.163336342344337027E-15, 0.2999999999999999889 ) ) ;
#1566 = CARTESIAN_POINT ( 'NONE',  ( -1.399999999999999911, -0.9999999999999990008, 0.2999999999999999889 ) ) ;
#1567 = AXIS2_PLACEMENT_3D ( 'NONE', #2155, #2416, #2345 ) ;
#1568 = ORIENTED_EDGE ( 'NONE', *, *, #1455, .T. ) ;
#1569 = DIRECTION ( 'NONE',  ( -0.000000000000000000, -0.000000000000000000, -1.000000000000000000 ) ) ;
#1570 = VERTEX_POINT ( 'NONE', #901 ) ;
#1571 = EDGE_LOOP ( 'NONE', ( #256, #2877, #1824, #2550 ) ) ;
#1572 = CARTESIAN_POINT ( 'NONE',  ( 0.4224040601249796634, 5.887775894410474997, 0.2999999999999999889 ) ) ;
#1573 = CARTESIAN_POINT ( 'NONE',  ( -1.399999999999999911, -2.999999999999999112, 0.2999999999999999889 ) ) ;
#1574 = ORIENTED_EDGE ( 'NONE', *, *, #2091, .T. ) ;
#1575 = EDGE_CURVE ( 'NONE', #1759, #245, #2499, .T. ) ;
#1576 = ORIENTED_EDGE ( 'NONE', *, *, #851, .F. ) ;
#1577 = DIRECTION ( 'NONE',  ( 1.000000000000000000, 0.000000000000000000, 0.000000000000000000 ) ) ;
#1578 = CARTESIAN_POINT ( 'NONE',  ( -1.569999999999999840, 3.000000000000000444, 0.2999999999999999889 ) ) ;
#1579 = CARTESIAN_POINT ( 'NONE',  ( 1.229999999999999538, -2.999999999999999112, 0.2999999999999999889 ) ) ;
#1580 = AXIS2_PLACEMENT_3D ( 'NONE', #1507, #2154, #106 ) ;
#1581 = VERTEX_POINT ( 'NONE', #1555 ) ;
#1582 = CARTESIAN_POINT ( 'NONE',  ( 5.900000000000000355, 10.76034806292791224, 0.5999999999999999778 ) ) ;
#1583 = ORIENTED_EDGE ( 'NONE', *, *, #1890, .T. ) ;
#1584 = VECTOR ( 'NONE', #2445, 100.0000000000000142 ) ;
#1585 = AXIS2_PLACEMENT_3D ( 'NONE', #1868, #1197, #2121 ) ;
#1586 = ORIENTED_EDGE ( 'NONE', *, *, #531, .T. ) ;
#1587 = DIRECTION ( 'NONE',  ( -0.000000000000000000, 0.000000000000000000, 1.000000000000000000 ) ) ;
#1588 = EDGE_CURVE ( 'NONE', #2190, #520, #299, .T. ) ;
#1589 = DIRECTION ( 'NONE',  ( -0.000000000000000000, 0.000000000000000000, 1.000000000000000000 ) ) ;
#1590 = EDGE_LOOP ( 'NONE', ( #2940, #2950, #2240, #1576 ) ) ;
#1591 = AXIS2_PLACEMENT_3D ( 'NONE', #876, #193, #659 ) ;
#1592 = EDGE_CURVE ( 'NONE', #1694, #2641, #922, .T. ) ;
#1593 = VERTEX_POINT ( 'NONE', #300 ) ;
#1594 = EDGE_CURVE ( 'NONE', #934, #2732, #1973, .T. ) ;
#1595 = CARTESIAN_POINT ( 'NONE',  ( -0.000000000000000000, -4.499999999999998224, 0.000000000000000000 ) ) ;
#1596 = VECTOR ( 'NONE', #1805, 100.0000000000000000 ) ;
#1597 = FACE_OUTER_BOUND ( 'NONE', #2801, .T. ) ;
#1598 = CARTESIAN_POINT ( 'NONE',  ( 1.229999999999999538, -1.999999999999999112, 0.000000000000000000 ) ) ;
#1599 = ADVANCED_FACE ( 'NONE', ( #2078 ), #731, .F. ) ;
#1600 = ORIENTED_EDGE ( 'NONE', *, *, #2398, .T. ) ;
#1601 = FACE_OUTER_BOUND ( 'NONE', #114, .T. ) ;
#1602 = PLANE ( 'NONE',  #1955 ) ;
#1603 = ORIENTED_EDGE ( 'NONE', *, *, #2355, .F. ) ;
#1604 = DIRECTION ( 'NONE',  ( 1.000000000000000000, 0.000000000000000000, 0.000000000000000000 ) ) ;
#1605 = CARTESIAN_POINT ( 'NONE',  ( 1.569999999999999618, -1.999999999999999112, 0.2999999999999999889 ) ) ;
#1606 = ORIENTED_EDGE ( 'NONE', *, *, #26, .T. ) ;
#1607 = CC_DESIGN_SECURITY_CLASSIFICATION ( #2903, ( #465 ) ) ;
#1608 = EDGE_CURVE ( 'NONE', #1810, #1677, #1414, .T. ) ;
#1609 = CIRCLE ( 'NONE', #2189, 0.1700000000000000122 ) ;
#1610 = EDGE_LOOP ( 'NONE', ( #2896, #94, #1523, #557 ) ) ;
#1611 = DIRECTION ( 'NONE',  ( 1.000000000000000000, 0.000000000000000000, 0.000000000000000000 ) ) ;
#1612 = CARTESIAN_POINT ( 'NONE',  ( -1.229999999999999760, -0.9999999999999990008, 0.2999999999999999889 ) ) ;
#1613 = DIRECTION ( 'NONE',  ( -0.000000000000000000, 0.000000000000000000, 1.000000000000000000 ) ) ;
#1614 = ORIENTED_EDGE ( 'NONE', *, *, #1409, .F. ) ;
#1615 = AXIS2_PLACEMENT_3D ( 'NONE', #2331, #2050, #2743 ) ;
#1616 = DIRECTION ( 'NONE',  ( 1.000000000000000000, 0.000000000000000000, 0.000000000000000000 ) ) ;
#1617 = EDGE_CURVE ( 'NONE', #291, #1790, #262, .T. ) ;
#1618 = DIRECTION ( 'NONE',  ( -1.000000000000000000, 0.000000000000000000, 0.000000000000000000 ) ) ;
#1619 = VERTEX_POINT ( 'NONE', #1657 ) ;
#1620 = DIRECTION ( 'NONE',  ( 1.000000000000000000, 0.000000000000000000, 0.000000000000000000 ) ) ;
#1621 = DIRECTION ( 'NONE',  ( -0.000000000000000000, 0.000000000000000000, 1.000000000000000000 ) ) ;
#1622 = ORIENTED_EDGE ( 'NONE', *, *, #240, .T. ) ;
#1623 = AXIS2_PLACEMENT_3D ( 'NONE', #1953, #788, #324 ) ;
#1624 = VERTEX_POINT ( 'NONE', #53 ) ;
#1625 = CIRCLE ( 'NONE', #1530, 0.1700000000000000122 ) ;
#1626 = CYLINDRICAL_SURFACE ( 'NONE', #1535, 0.1700000000000000122 ) ;
#1627 = FACE_BOUND ( 'NONE', #1664, .T. ) ;
#1628 = ORIENTED_EDGE ( 'NONE', *, *, #1854, .F. ) ;
#1629 = CARTESIAN_POINT ( 'NONE',  ( -5.632272311883346205, 8.733560568322646489, 0.2999999999999999889 ) ) ;
#1630 = CARTESIAN_POINT ( 'NONE',  ( 1.399999999999999467, -3.999999999999996003, 0.2999999999999999889 ) ) ;
#1631 = CC_DESIGN_PERSON_AND_ORGANIZATION_ASSIGNMENT ( #2357, #2810, ( #465 ) ) ;
#1632 = ORIENTED_EDGE ( 'NONE', *, *, #700, .T. ) ;
#1633 = DIRECTION ( 'NONE',  ( -0.000000000000000000, 0.000000000000000000, 1.000000000000000000 ) ) ;
#1634 = EDGE_CURVE ( 'NONE', #2231, #291, #22, .T. ) ;
#1635 = AXIS2_PLACEMENT_3D ( 'NONE', #2257, #911, #1777 ) ;
#1636 = DIRECTION ( 'NONE',  ( 0.000000000000000000, 0.000000000000000000, -1.000000000000000000 ) ) ;
#1637 = ORIENTED_EDGE ( 'NONE', *, *, #1060, .T. ) ;
#1638 = AXIS2_PLACEMENT_3D ( 'NONE', #2878, #2897, #173 ) ;
#1639 = CARTESIAN_POINT ( 'NONE',  ( 1.569999999999999618, 2.000000000000000888, 0.2999999999999999889 ) ) ;
#1640 = FACE_OUTER_BOUND ( 'NONE', #2353, .T. ) ;
#1641 = AXIS2_PLACEMENT_3D ( 'NONE', #567, #1478, #350 ) ;
#1642 = ADVANCED_FACE ( 'NONE', ( #931 ), #2318, .F. ) ;
#1643 = VERTEX_POINT ( 'NONE', #518 ) ;
#1644 = DIRECTION ( 'NONE',  ( 1.000000000000000000, 0.000000000000000000, 0.000000000000000000 ) ) ;
#1645 = LINE ( 'NONE', #478, #1663 ) ;
#1646 = VERTEX_POINT ( 'NONE', #1898 ) ;
#1647 = LINE ( 'NONE', #2519, #355 ) ;
#1648 = CARTESIAN_POINT ( 'NONE',  ( -1.570000000000000284, -3.999999999999996003, 0.000000000000000000 ) ) ;
#1649 = ORIENTED_EDGE ( 'NONE', *, *, #1142, .F. ) ;
#1650 = EDGE_CURVE ( 'NONE', #2015, #1794, #677, .T. ) ;
#1651 = ORIENTED_EDGE ( 'NONE', *, *, #2626, .F. ) ;
#1652 = ADVANCED_FACE ( 'NONE', ( #41 ), #67, .F. ) ;
#1653 = COORDINATED_UNIVERSAL_TIME_OFFSET ( 5, 30, .AHEAD. ) ;
#1654 = CARTESIAN_POINT ( 'NONE',  ( -1.400000000000000133, -3.999999999999996003, 0.000000000000000000 ) ) ;
#1655 = FACE_BOUND ( 'NONE', #615, .T. ) ;
#1656 = VERTEX_POINT ( 'NONE', #79 ) ;
#1657 = CARTESIAN_POINT ( 'NONE',  ( -6.182272311883345139, 8.421071038315055546, 0.2999999999999999889 ) ) ;
#1658 = FACE_OUTER_BOUND ( 'NONE', #1481, .T. ) ;
#1659 = ORIENTED_EDGE ( 'NONE', *, *, #2043, .F. ) ;
#1660 = DIRECTION ( 'NONE',  ( 1.000000000000000000, 0.000000000000000000, 0.000000000000000000 ) ) ;
#1661 = DIRECTION ( 'NONE',  ( -0.000000000000000000, -0.000000000000000000, -1.000000000000000000 ) ) ;
#1662 = ORIENTED_EDGE ( 'NONE', *, *, #1164, .T. ) ;
#1663 = VECTOR ( 'NONE', #274, 100.0000000000000000 ) ;
#1664 = EDGE_LOOP ( 'NONE', ( #32, #2916 ) ) ;
#1665 = FACE_BOUND ( 'NONE', #2946, .T. ) ;
#1666 = EDGE_CURVE ( 'NONE', #2639, #2883, #1388, .T. ) ;
#1667 = PERSON_AND_ORGANIZATION ( #21, #1751 ) ;
#1668 = DIRECTION ( 'NONE',  ( -0.000000000000000000, 0.000000000000000000, 1.000000000000000000 ) ) ;
#1669 = CARTESIAN_POINT ( 'NONE',  ( -1.750000000000000222, 4.600000000000001421, 0.2999999999999999889 ) ) ;
#1670 = VECTOR ( 'NONE', #2628, 100.0000000000000000 ) ;
#1671 = ORIENTED_EDGE ( 'NONE', *, *, #908, .F. ) ;
#1672 = APPLICATION_CONTEXT ( 'configuration controlled 3d designs of mechanical parts and assemblies' ) ;
#1673 = DIRECTION ( 'NONE',  ( 0.000000000000000000, 0.000000000000000000, 1.000000000000000000 ) ) ;
#1674 = CARTESIAN_POINT ( 'NONE',  ( -1.399999999999999911, 2.000000000000000888, 0.2999999999999999889 ) ) ;
#1675 = ORIENTED_EDGE ( 'NONE', *, *, #1365, .T. ) ;
#1676 = CARTESIAN_POINT ( 'NONE',  ( -5.730000000000000426, 10.76034806292791224, 0.5999999999999999778 ) ) ;
#1677 = VERTEX_POINT ( 'NONE', #273 ) ;
#1678 = ORIENTED_EDGE ( 'NONE', *, *, #1445, .T. ) ;
#1679 = VECTOR ( 'NONE', #2299, 100.0000000000000000 ) ;
#1680 = FACE_BOUND ( 'NONE', #745, .T. ) ;
#1681 = CARTESIAN_POINT ( 'NONE',  ( -1.399999999999999911, 1.000000000000000666, 0.2999999999999999889 ) ) ;
#1682 = AXIS2_PLACEMENT_3D ( 'NONE', #2104, #1185, #2771 ) ;
#1683 = CARTESIAN_POINT ( 'NONE',  ( -1.750000000000000222, 4.600000000000001421, 0.5999999999999999778 ) ) ;
#1684 = DIRECTION ( 'NONE',  ( 1.000000000000000000, 0.000000000000000000, 0.000000000000000000 ) ) ;
#1685 = AXIS2_PLACEMENT_3D ( 'NONE', #2900, #2491, #220 ) ;
#1686 = ORIENTED_EDGE ( 'NONE', *, *, #2463, .T. ) ;
#1687 = AXIS2_PLACEMENT_3D ( 'NONE', #950, #1417, #2775 ) ;
#1688 = CARTESIAN_POINT ( 'NONE',  ( -1.399999999999999911, -2.999999999999999112, 0.2999999999999999889 ) ) ;
#1689 = CARTESIAN_POINT ( 'NONE',  ( -6.182272311883345139, 8.421071038315055546, 0.2999999999999999889 ) ) ;
#1690 = ADVANCED_FACE ( 'NONE', ( #763 ), #2802, .F. ) ;
#1691 = VERTEX_POINT ( 'NONE', #974 ) ;
#1692 = DIRECTION ( 'NONE',  ( -0.6412389129739999305, -0.7673412907487273671, 0.000000000000000000 ) ) ;
#1693 = LINE ( 'NONE', #2418, #2600 ) ;
#1694 = VERTEX_POINT ( 'NONE', #2589 ) ;
#1695 = AXIS2_PLACEMENT_3D ( 'NONE', #2243, #404, #460 ) ;
#1696 = EDGE_LOOP ( 'NONE', ( #2273, #448, #1948, #2221 ) ) ;
#1697 = AXIS2_PLACEMENT_3D ( 'NONE', #1861, #962, #57 ) ;
#1698 = FACE_BOUND ( 'NONE', #1352, .T. ) ;
#1699 = DIRECTION ( 'NONE',  ( -0.000000000000000000, 0.000000000000000000, 1.000000000000000000 ) ) ;
#1700 = DIRECTION ( 'NONE',  ( 1.000000000000000000, 0.000000000000000000, 0.000000000000000000 ) ) ;
#1701 = DIRECTION ( 'NONE',  ( -0.000000000000000000, 0.000000000000000000, 1.000000000000000000 ) ) ;
#1702 = EDGE_LOOP ( 'NONE', ( #2333, #1016 ) ) ;
#1703 = DIRECTION ( 'NONE',  ( 1.000000000000000000, 0.000000000000000000, 0.000000000000000000 ) ) ;
#1704 = FACE_OUTER_BOUND ( 'NONE', #1571, .T. ) ;
#1705 = VECTOR ( 'NONE', #2839, 100.0000000000000000 ) ;
#1706 = ORIENTED_EDGE ( 'NONE', *, *, #71, .F. ) ;
#1707 = CYLINDRICAL_SURFACE ( 'NONE', #2413, 0.09999999999999939493 ) ;
#1708 = EDGE_CURVE ( 'NONE', #2225, #260, #1444, .T. ) ;
#1709 = DIRECTION ( 'NONE',  ( 0.000000000000000000, 0.000000000000000000, -1.000000000000000000 ) ) ;
#1710 = ORIENTED_EDGE ( 'NONE', *, *, #553, .T. ) ;
#1711 = EDGE_LOOP ( 'NONE', ( #1119, #2509 ) ) ;
#1712 = LINE ( 'NONE', #1248, #2727 ) ;
#1713 = LINE ( 'NONE', #1279, #718 ) ;
#1714 = VECTOR ( 'NONE', #2172, 100.0000000000000000 ) ;
#1715 = LINE ( 'NONE', #1504, #2737 ) ;
#1716 = FACE_BOUND ( 'NONE', #675, .T. ) ;
#1717 = CARTESIAN_POINT ( 'NONE',  ( 1.750000000000000222, -4.499999999999998224, 0.2999999999999999889 ) ) ;
#1718 = CARTESIAN_POINT ( 'NONE',  ( -1.229999999999999760, 2.000000000000000888, 0.2999999999999999889 ) ) ;
#1719 = CARTESIAN_POINT ( 'NONE',  ( -5.900000000000000355, 10.76034806292791224, 0.2999999999999999889 ) ) ;
#1720 = DESIGN_CONTEXT ( 'detailed design', #1672, 'design' ) ;
#1721 = ORIENTED_EDGE ( 'NONE', *, *, #1984, .T. ) ;
#1722 = FACE_OUTER_BOUND ( 'NONE', #2238, .T. ) ;
#1723 = DIRECTION ( 'NONE',  ( 1.000000000000000000, 0.000000000000000000, 0.000000000000000000 ) ) ;
#1724 = EDGE_LOOP ( 'NONE', ( #81, #2112, #461, #982 ) ) ;
#1725 = CIRCLE ( 'NONE', #1347, 0.1700000000000000122 ) ;
#1726 = CC_DESIGN_PERSON_AND_ORGANIZATION_ASSIGNMENT ( #310, #1439, ( #2881 ) ) ;
#1727 = EDGE_CURVE ( 'NONE', #1413, #2588, #636, .T. ) ;
#1728 = EDGE_LOOP ( 'NONE', ( #1686, #2156 ) ) ;
#1729 = LINE ( 'NONE', #2643, #1103 ) ;
#1730 = FACE_BOUND ( 'NONE', #1041, .T. ) ;
#1731 = DIRECTION ( 'NONE',  ( -1.000000000000000000, 0.000000000000000000, 0.000000000000000000 ) ) ;
#1732 = AXIS2_PLACEMENT_3D ( 'NONE', #153, #1747, #2663 ) ;
#1733 = DIRECTION ( 'NONE',  ( 0.000000000000000000, 0.000000000000000000, 1.000000000000000000 ) ) ;
#1734 = EDGE_CURVE ( 'NONE', #999, #925, #702, .T. ) ;
#1735 = CARTESIAN_POINT ( 'NONE',  ( 1.079326673973703521, 7.224999999999980105, 0.8500000000000000888 ) ) ;
#1736 = DIRECTION ( 'NONE',  ( 1.000000000000000000, 3.944660595570343850E-16, -0.000000000000000000 ) ) ;
#1737 = DIRECTION ( 'NONE',  ( -0.000000000000000000, -0.000000000000000000, -1.000000000000000000 ) ) ;
#1738 = EDGE_CURVE ( 'NONE', #993, #96, #947, .T. ) ;
#1739 = AXIS2_PLACEMENT_3D ( 'NONE', #2278, #177, #2505 ) ;
#1740 = VERTEX_POINT ( 'NONE', #1402 ) ;
#1741 = CARTESIAN_POINT ( 'NONE',  ( -1.399999999999999911, -0.9999999999999990008, 0.2999999999999999889 ) ) ;
#1742 = EDGE_LOOP ( 'NONE', ( #1849, #1528, #490, #23 ) ) ;
#1743 = ORIENTED_EDGE ( 'NONE', *, *, #1060, .F. ) ;
#1744 = DIRECTION ( 'NONE',  ( 1.000000000000000000, 0.000000000000000000, 0.000000000000000000 ) ) ;
#1745 = LINE ( 'NONE', #2208, #479 ) ;
#1746 = EDGE_CURVE ( 'NONE', #2883, #2867, #2185, .T. ) ;
#1747 = DIRECTION ( 'NONE',  ( 0.000000000000000000, -0.000000000000000000, -1.000000000000000000 ) ) ;
#1748 = DIRECTION ( 'NONE',  ( -0.2230630722878367556, -0.9748040140364171435, 0.000000000000000000 ) ) ;
#1749 = DIRECTION ( 'NONE',  ( -0.000000000000000000, -0.000000000000000000, -1.000000000000000000 ) ) ;
#1750 = CARTESIAN_POINT ( 'NONE',  ( -5.900000000000000355, 10.76034806292791224, 0.2999999999999999889 ) ) ;
#1751 = ORGANIZATION ( 'UNSPECIFIED', 'UNSPECIFIED', '' ) ;
#1752 = ORIENTED_EDGE ( 'NONE', *, *, #1608, .F. ) ;
#1753 = DIRECTION ( 'NONE',  ( -1.000000000000000000, 0.000000000000000000, 0.000000000000000000 ) ) ;
#1754 = AXIS2_PLACEMENT_3D ( 'NONE', #2075, #2316, #1411 ) ;
#1755 = ORIENTED_EDGE ( 'NONE', *, *, #1218, .F. ) ;
#1756 = EDGE_LOOP ( 'NONE', ( #679, #859, #1814, #36 ) ) ;
#1757 = LINE ( 'NONE', #647, #1307 ) ;
#1758 = CARTESIAN_POINT ( 'NONE',  ( 1.978872763268170409, 5.310493624339570395, 0.2999999999999999889 ) ) ;
#1759 = VERTEX_POINT ( 'NONE', #123 ) ;
#1760 = FACE_BOUND ( 'NONE', #2818, .T. ) ;
#1761 = CC_DESIGN_PERSON_AND_ORGANIZATION_ASSIGNMENT ( #2132, #2147, ( #465 ) ) ;
#1762 = ORIENTED_EDGE ( 'NONE', *, *, #1490, .T. ) ;
#1763 = ADVANCED_FACE ( 'NONE', ( #549 ), #779, .F. ) ;
#1764 = LINE ( 'NONE', #625, #437 ) ;
#1765 = DIRECTION ( 'NONE',  ( -0.000000000000000000, -0.000000000000000000, -1.000000000000000000 ) ) ;
#1766 = VERTEX_POINT ( 'NONE', #2414 ) ;
#1767 = CARTESIAN_POINT ( 'NONE',  ( 2.399623939390417071, 6.943017792022942558, 0.5999999999999999778 ) ) ;
#1768 = ORIENTED_EDGE ( 'NONE', *, *, #2935, .T. ) ;
#1769 = CIRCLE ( 'NONE', #2440, 0.1000000000000000888 ) ;
#1770 = VERTEX_POINT ( 'NONE', #2874 ) ;
#1771 = DIRECTION ( 'NONE',  ( 0.7673412907487273671, -0.6412389129740000415, 0.000000000000000000 ) ) ;
#1772 = AXIS2_PLACEMENT_3D ( 'NONE', #1968, #559, #2886 ) ;
#1773 = CARTESIAN_POINT ( 'NONE',  ( 1.148327140807688052, 5.200000000000001066, 0.000000000000000000 ) ) ;
#1774 = ORIENTED_EDGE ( 'NONE', *, *, #2849, .F. ) ;
#1775 = DIRECTION ( 'NONE',  ( -1.000000000000000000, 0.000000000000000000, 0.000000000000000000 ) ) ;
#1776 = AXIS2_PLACEMENT_3D ( 'NONE', #2526, #472, #2798 ) ;
#1777 = DIRECTION ( 'NONE',  ( 1.000000000000000000, 0.000000000000000000, 0.000000000000000000 ) ) ;
#1778 = CARTESIAN_POINT ( 'NONE',  ( -1.569999999999999840, -1.999999999999999112, 0.000000000000000000 ) ) ;
#1779 = ADVANCED_FACE ( 'NONE', ( #1974 ), #1018, .F. ) ;
#1780 = VERTEX_POINT ( 'NONE', #2138 ) ;
#1781 = VECTOR ( 'NONE', #810, 100.0000000000000000 ) ;
#1782 = LINE ( 'NONE', #1113, #1162 ) ;
#1783 = EDGE_CURVE ( 'NONE', #2225, #2496, #2847, .T. ) ;
#1784 = LINE ( 'NONE', #644, #1856 ) ;
#1785 = CIRCLE ( 'NONE', #1353, 0.1700000000000000122 ) ;
#1786 = ORIENTED_EDGE ( 'NONE', *, *, #807, .F. ) ;
#1787 = LINE ( 'NONE', #1362, #880 ) ;
#1788 = VECTOR ( 'NONE', #1217, 100.0000000000000142 ) ;
#1789 = CYLINDRICAL_SURFACE ( 'NONE', #2778, 0.1700000000000000122 ) ;
#1790 = VERTEX_POINT ( 'NONE', #825 ) ;
#1791 = ORIENTED_EDGE ( 'NONE', *, *, #5, .T. ) ;
#1792 = CYLINDRICAL_SURFACE ( 'NONE', #2640, 0.1699999999999994849 ) ;
#1793 = FACE_OUTER_BOUND ( 'NONE', #765, .T. ) ;
#1794 = VERTEX_POINT ( 'NONE', #2170 ) ;
#1795 = DIRECTION ( 'NONE',  ( -0.000000000000000000, -0.000000000000000000, -1.000000000000000000 ) ) ;
#1796 = ORIENTED_EDGE ( 'NONE', *, *, #1251, .F. ) ;
#1797 = EDGE_CURVE ( 'NONE', #1619, #2777, #1931, .T. ) ;
#1798 = ORIENTED_EDGE ( 'NONE', *, *, #2939, .F. ) ;
#1799 = CARTESIAN_POINT ( 'NONE',  ( 1.569999999999999618, -2.999999999999999112, 0.2999999999999999889 ) ) ;
#1800 = CYLINDRICAL_SURFACE ( 'NONE', #522, 0.1700000000000000122 ) ;
#1801 = ORIENTED_EDGE ( 'NONE', *, *, #378, .F. ) ;
#1802 = CIRCLE ( 'NONE', #2279, 0.1700000000000000122 ) ;
#1803 = DIRECTION ( 'NONE',  ( -0.000000000000000000, -0.000000000000000000, -1.000000000000000000 ) ) ;
#1804 = CARTESIAN_POINT ( 'NONE',  ( -5.732272311883346738, 11.04262037481126058, 0.5999999999999999778 ) ) ;
#1805 = DIRECTION ( 'NONE',  ( 0.000000000000000000, 0.000000000000000000, 1.000000000000000000 ) ) ;
#1806 = AXIS2_PLACEMENT_3D ( 'NONE', #450, #2773, #1869 ) ;
#1807 = ADVANCED_FACE ( 'NONE', ( #794 ), #92, .T. ) ;
#1808 = ORIENTED_EDGE ( 'NONE', *, *, #981, .F. ) ;
#1809 = CARTESIAN_POINT ( 'NONE',  ( -1.399999999999999911, 2.000000000000000888, 0.2999999999999999889 ) ) ;
#1810 = VERTEX_POINT ( 'NONE', #1032 ) ;
#1811 = ORIENTED_EDGE ( 'NONE', *, *, #2342, .T. ) ;
#1812 = DIRECTION ( 'NONE',  ( 1.000000000000000000, 0.000000000000000000, 0.000000000000000000 ) ) ;
#1813 = DIRECTION ( 'NONE',  ( -0.000000000000000000, -0.000000000000000000, -1.000000000000000000 ) ) ;
#1814 = ORIENTED_EDGE ( 'NONE', *, *, #1218, .T. ) ;
#1815 = EDGE_CURVE ( 'NONE', #754, #331, #1000, .T. ) ;
#1816 = CIRCLE ( 'NONE', #1427, 0.1000000000000007827 ) ;
#1817 = EDGE_CURVE ( 'NONE', #2489, #129, #1943, .T. ) ;
#1818 = ADVANCED_FACE ( 'NONE', ( #1283 ), #2892, .F. ) ;
#1819 = EDGE_LOOP ( 'NONE', ( #1659, #1791, #803, #2621 ) ) ;
#1820 = CALENDAR_DATE ( 2026, 29, 8 ) ;
#1821 = LINE ( 'NONE', #1578, #2734 ) ;
#1822 = CYLINDRICAL_SURFACE ( 'NONE', #33, 0.1700000000000000122 ) ;
#1823 = VECTOR ( 'NONE', #2723, 100.0000000000000000 ) ;
#1824 = ORIENTED_EDGE ( 'NONE', *, *, #2463, .F. ) ;
#1825 = DIRECTION ( 'NONE',  ( -0.000000000000000000, 0.000000000000000000, 1.000000000000000000 ) ) ;
#1826 = EDGE_CURVE ( 'NONE', #754, #1830, #724, .T. ) ;
#1827 = DIRECTION ( 'NONE',  ( -0.000000000000000000, -0.000000000000000000, -1.000000000000000000 ) ) ;
#1828 = VECTOR ( 'NONE', #2373, 100.0000000000000000 ) ;
#1829 = AXIS2_PLACEMENT_3D ( 'NONE', #1096, #1825, #858 ) ;
#1830 = VERTEX_POINT ( 'NONE', #332 ) ;
#1831 = CARTESIAN_POINT ( 'NONE',  ( 1.399999999999999467, -3.999999999999996003, 0.2999999999999999889 ) ) ;
#1832 = LINE ( 'NONE', #2748, #1909 ) ;
#1833 = ORIENTED_EDGE ( 'NONE', *, *, #1365, .F. ) ;
#1834 = VECTOR ( 'NONE', #2477, 100.0000000000000000 ) ;
#1835 = ADVANCED_FACE ( 'NONE', ( #2860 ), #597, .F. ) ;
#1836 = VERTEX_POINT ( 'NONE', #155 ) ;
#1837 = LINE ( 'NONE', #2510, #753 ) ;
#1838 = AXIS2_PLACEMENT_3D ( 'NONE', #2933, #1342, #1553 ) ;
#1839 = LINE ( 'NONE', #742, #1679 ) ;
#1840 = LINE ( 'NONE', #2755, #322 ) ;
#1841 = ORIENTED_EDGE ( 'NONE', *, *, #2587, .T. ) ;
#1842 = DIRECTION ( 'NONE',  ( 0.000000000000000000, 0.000000000000000000, 1.000000000000000000 ) ) ;
#1843 = FACE_OUTER_BOUND ( 'NONE', #2320, .T. ) ;
#1844 = EDGE_LOOP ( 'NONE', ( #1811, #1993 ) ) ;
#1845 = CARTESIAN_POINT ( 'NONE',  ( 6.070000000000000284, 10.76034806292791224, 0.5999999999999999778 ) ) ;
#1846 = CARTESIAN_POINT ( 'NONE',  ( 6.067727688116653972, 10.93171190698623896, 0.5999999999999999778 ) ) ;
#1847 = ORIENTED_EDGE ( 'NONE', *, *, #2269, .F. ) ;
#1848 = VECTOR ( 'NONE', #2453, 100.0000000000000000 ) ;
#1849 = ORIENTED_EDGE ( 'NONE', *, *, #2346, .F. ) ;
#1850 = CARTESIAN_POINT ( 'NONE',  ( 1.750000000000000222, 5.700000000000001066, 0.2999999999999999889 ) ) ;
#1851 = LINE ( 'NONE', #2511, #2452 ) ;
#1852 = FACE_BOUND ( 'NONE', #1917, .T. ) ;
#1853 = EDGE_CURVE ( 'NONE', #1112, #2404, #2619, .T. ) ;
#1854 = EDGE_CURVE ( 'NONE', #1810, #2298, #315, .T. ) ;
#1855 = ORIENTED_EDGE ( 'NONE', *, *, #2355, .T. ) ;
#1856 = VECTOR ( 'NONE', #1556, 100.0000000000000000 ) ;
#1857 = DIRECTION ( 'NONE',  ( -0.000000000000000000, 0.000000000000000000, 1.000000000000000000 ) ) ;
#1858 = CARTESIAN_POINT ( 'NONE',  ( -1.400000000000000133, 4.163336342344337027E-15, 0.000000000000000000 ) ) ;
#1859 = ORIENTED_EDGE ( 'NONE', *, *, #1447, .F. ) ;
#1860 = DIRECTION ( 'NONE',  ( -0.000000000000000000, -0.000000000000000000, -1.000000000000000000 ) ) ;
#1861 = CARTESIAN_POINT ( 'NONE',  ( -1.399999999999999911, -1.999999999999999112, 0.2999999999999999889 ) ) ;
#1862 = EDGE_LOOP ( 'NONE', ( #1171, #661 ) ) ;
#1863 = CIRCLE ( 'NONE', #1148, 0.1700000000000000122 ) ;
#1864 = DATE_AND_TIME ( #1192, #1896 ) ;
#1865 = DIRECTION ( 'NONE',  ( 1.000000000000000000, 0.000000000000000000, 0.000000000000000000 ) ) ;
#1866 = DIRECTION ( 'NONE',  ( 0.000000000000000000, 0.000000000000000000, -1.000000000000000000 ) ) ;
#1867 = ORIENTED_EDGE ( 'NONE', *, *, #1634, .T. ) ;
#1868 = CARTESIAN_POINT ( 'NONE',  ( -0.3999999999999988565, 8.280348062927913588, -0.4000000000000000222 ) ) ;
#1869 = DIRECTION ( 'NONE',  ( -1.000000000000000000, 0.000000000000000000, 0.000000000000000000 ) ) ;
#1870 = ADVANCED_FACE ( 'NONE', ( #2633 ), #578, .F. ) ;
#1871 = VERTEX_POINT ( 'NONE', #1491 ) ;
#1872 = CARTESIAN_POINT ( 'NONE',  ( 1.229999999999999538, -2.999999999999999112, 0.000000000000000000 ) ) ;
#1873 = EDGE_CURVE ( 'NONE', #2099, #1966, #1764, .T. ) ;
#1874 = VECTOR ( 'NONE', #2585, 100.0000000000000000 ) ;
#1875 = DIRECTION ( 'NONE',  ( 0.000000000000000000, -0.000000000000000000, -1.000000000000000000 ) ) ;
#1876 = ORIENTED_EDGE ( 'NONE', *, *, #369, .T. ) ;
#1877 = ORIENTED_EDGE ( 'NONE', *, *, #610, .F. ) ;
#1878 = AXIS2_PLACEMENT_3D ( 'NONE', #44, #2762, #1620 ) ;
#1879 = CYLINDRICAL_SURFACE ( 'NONE', #484, 0.1700000000000000122 ) ;
#1880 = CARTESIAN_POINT ( 'NONE',  ( 1.399999999999999467, 1.000000000000000888, 0.2999999999999999889 ) ) ;
#1881 = VECTOR ( 'NONE', #2097, 100.0000000000000000 ) ;
#1882 = ORIENTED_EDGE ( 'NONE', *, *, #1031, .F. ) ;
#1883 = DIRECTION ( 'NONE',  ( -0.000000000000000000, -0.000000000000000000, -1.000000000000000000 ) ) ;
#1884 = PLANE ( 'NONE',  #953 ) ;
#1885 = AXIS2_PLACEMENT_3D ( 'NONE', #652, #2709, #2033 ) ;
#1886 = ORIENTED_EDGE ( 'NONE', *, *, #2001, .T. ) ;
#1887 = CARTESIAN_POINT ( 'NONE',  ( -2.400820698071053805, 6.942518199679442503, 0.5999999999999999778 ) ) ;
#1888 = DIRECTION ( 'NONE',  ( 1.000000000000000000, 0.000000000000000000, 0.000000000000000000 ) ) ;
#1889 = ORIENTED_EDGE ( 'NONE', *, *, #230, .F. ) ;
#1890 = EDGE_CURVE ( 'NONE', #642, #1495, #2441, .T. ) ;
#1891 = VERTEX_POINT ( 'NONE', #2032 ) ;
#1892 = CALENDAR_DATE ( 2026, 29, 8 ) ;
#1893 = LINE ( 'NONE', #76, #1969 ) ;
#1894 = FACE_OUTER_BOUND ( 'NONE', #526, .T. ) ;
#1895 = EDGE_CURVE ( 'NONE', #191, #265, #1159, .T. ) ;
#1896 = LOCAL_TIME ( 19, 18, 56.00000000000000000, #2339 ) ;
#1897 = ORIENTED_EDGE ( 'NONE', *, *, #537, .F. ) ;
#1898 = CARTESIAN_POINT ( 'NONE',  ( -1.570000000000000284, 4.163336342344337027E-15, 0.2999999999999999889 ) ) ;
#1899 = CARTESIAN_POINT ( 'NONE',  ( -1.229999999999999760, 1.000000000000000666, 0.2999999999999999889 ) ) ;
#1900 = ORIENTED_EDGE ( 'NONE', *, *, #1270, .T. ) ;
#1901 = CARTESIAN_POINT ( 'NONE',  ( -1.399999999999999911, -2.999999999999999112, 0.000000000000000000 ) ) ;
#1902 = ORIENTED_EDGE ( 'NONE', *, *, #1708, .T. ) ;
#1903 = ORIENTED_EDGE ( 'NONE', *, *, #2029, .T. ) ;
#1904 = APPROVAL ( #500, 'UNSPECIFIED' ) ;
#1905 = FACE_OUTER_BOUND ( 'NONE', #2061, .T. ) ;
#1906 = EDGE_CURVE ( 'NONE', #421, #1619, #2209, .T. ) ;
#1907 = DATE_AND_TIME ( #1820, #1083 ) ;
#1908 = EDGE_CURVE ( 'NONE', #2686, #43, #874, .T. ) ;
#1909 = VECTOR ( 'NONE', #1621, 100.0000000000000000 ) ;
#1910 = DIRECTION ( 'NONE',  ( -1.000000000000000000, 0.000000000000000000, 0.000000000000000000 ) ) ;
#1911 = CARTESIAN_POINT ( 'NONE',  ( -1.750000000000000222, 5.700000000000001066, 0.000000000000000000 ) ) ;
#1912 = AXIS2_PLACEMENT_3D ( 'NONE', #572, #1501, #2820 ) ;
#1913 = AXIS2_PLACEMENT_3D ( 'NONE', #2145, #99, #544 ) ;
#1914 = ORIENTED_EDGE ( 'NONE', *, *, #2069, .T. ) ;
#1915 = CARTESIAN_POINT ( 'NONE',  ( -2.087003757707245555, 2.511387036089636648, 0.2999999999999999889 ) ) ;
#1916 = DIRECTION ( 'NONE',  ( 1.000000000000000000, 0.000000000000000000, 0.000000000000000000 ) ) ;
#1917 = EDGE_LOOP ( 'NONE', ( #1416, #2565 ) ) ;
#1918 = DIRECTION ( 'NONE',  ( 1.000000000000000000, 0.000000000000000000, 0.000000000000000000 ) ) ;
#1919 = ORIENTED_EDGE ( 'NONE', *, *, #1815, .F. ) ;
#1920 = ORIENTED_EDGE ( 'NONE', *, *, #630, .F. ) ;
#1921 = CIRCLE ( 'NONE', #1111, 1.000000000000000000 ) ;
#1922 = DIRECTION ( 'NONE',  ( -0.000000000000000000, -0.000000000000000000, -1.000000000000000000 ) ) ;
#1923 = DIRECTION ( 'NONE',  ( -0.000000000000000000, -0.000000000000000000, -1.000000000000000000 ) ) ;
#1924 = VECTOR ( 'NONE', #1842, 100.0000000000000000 ) ;
#1925 = LINE ( 'NONE', #135, #1874 ) ;
#1926 = FACE_BOUND ( 'NONE', #1376, .T. ) ;
#1927 = CIRCLE ( 'NONE', #74, 0.1700000000000000122 ) ;
#1928 = EDGE_CURVE ( 'NONE', #2641, #710, #1821, .T. ) ;
#1929 = ORIENTED_EDGE ( 'NONE', *, *, #738, .F. ) ;
#1930 = CIRCLE ( 'NONE', #1122, 0.1700000000000000122 ) ;
#1931 = LINE ( 'NONE', #1459, #1781 ) ;
#1932 = LINE ( 'NONE', #347, #239 ) ;
#1933 = EDGE_LOOP ( 'NONE', ( #2761, #857, #2657, #2508 ) ) ;
#1934 = DIRECTION ( 'NONE',  ( 0.000000000000000000, 0.000000000000000000, -1.000000000000000000 ) ) ;
#1935 = CARTESIAN_POINT ( 'NONE',  ( 1.399999999999999467, 3.000000000000000444, 0.000000000000000000 ) ) ;
#1936 = VERTEX_POINT ( 'NONE', #1109 ) ;
#1937 = AXIS2_PLACEMENT_3D ( 'NONE', #2458, #826, #1988 ) ;
#1938 = EDGE_LOOP ( 'NONE', ( #2444, #1877, #1330, #1710 ) ) ;
#1939 = FACE_BOUND ( 'NONE', #691, .T. ) ;
#1940 = FACE_BOUND ( 'NONE', #1361, .T. ) ;
#1941 = DIRECTION ( 'NONE',  ( -0.000000000000000000, -0.000000000000000000, -1.000000000000000000 ) ) ;
#1942 = CARTESIAN_POINT ( 'NONE',  ( -5.900000000000000355, 8.630348062927911457, 0.2999999999999999889 ) ) ;
#1943 = LINE ( 'NONE', #1474, #1348 ) ;
#1944 = CARTESIAN_POINT ( 'NONE',  ( -1.399999999999999911, 2.000000000000000888, 0.2999999999999999889 ) ) ;
#1945 = FACE_OUTER_BOUND ( 'NONE', #1149, .T. ) ;
#1946 = CIRCLE ( 'NONE', #1754, 0.1700000000000000122 ) ;
#1947 = ADVANCED_FACE ( 'NONE', ( #2470 ), #2692, .F. ) ;
#1948 = ORIENTED_EDGE ( 'NONE', *, *, #2385, .T. ) ;
#1949 = CARTESIAN_POINT ( 'NONE',  ( 1.569999999999999618, 3.000000000000000444, 0.000000000000000000 ) ) ;
#1950 = CARTESIAN_POINT ( 'NONE',  ( 0.9093266739737031479, 7.224999999999980105, 0.2999999999999999889 ) ) ;
#1951 = ORIENTED_EDGE ( 'NONE', *, *, #301, .T. ) ;
#1952 = ORIENTED_EDGE ( 'NONE', *, *, #851, .T. ) ;
#1953 = CARTESIAN_POINT ( 'NONE',  ( 5.900000000000000355, 8.630348062927913233, 0.2999999999999999889 ) ) ;
#1954 = CYLINDRICAL_SURFACE ( 'NONE', #1006, 0.1700000000000000122 ) ;
#1955 = AXIS2_PLACEMENT_3D ( 'NONE', #287, #263, #68 ) ;
#1956 = ADVANCED_FACE ( 'NONE', ( #640 ), #1792, .F. ) ;
#1957 = CARTESIAN_POINT ( 'NONE',  ( -1.399999999999999911, 3.000000000000000444, 0.2999999999999999889 ) ) ;
#1958 = LINE ( 'NONE', #2873, #2615 ) ;
#1959 = DIRECTION ( 'NONE',  ( 0.000000000000000000, 0.000000000000000000, -1.000000000000000000 ) ) ;
#1960 = DIRECTION ( 'NONE',  ( 0.000000000000000000, 0.000000000000000000, 1.000000000000000000 ) ) ;
#1961 = CARTESIAN_POINT ( 'NONE',  ( -1.229999999999999760, -0.9999999999999990008, 0.2999999999999999889 ) ) ;
#1962 = ORIENTED_EDGE ( 'NONE', *, *, #101, .F. ) ;
#1963 = DIRECTION ( 'NONE',  ( 1.000000000000000000, 0.000000000000000000, 0.000000000000000000 ) ) ;
#1964 = VERTEX_POINT ( 'NONE', #651 ) ;
#1965 = ADVANCED_FACE ( 'NONE', ( #2242 ), #2932, .F. ) ;
#1966 = VERTEX_POINT ( 'NONE', #1804 ) ;
#1967 = PLANE ( 'NONE',  #2086 ) ;
#1968 = CARTESIAN_POINT ( 'NONE',  ( 6.067727688116653972, 10.93171190698623896, 0.2999999999999999889 ) ) ;
#1969 = VECTOR ( 'NONE', #983, 100.0000000000000000 ) ;
#1970 = CARTESIAN_POINT ( 'NONE',  ( -1.400000000000000133, 4.163336342344337027E-15, 0.2999999999999999889 ) ) ;
#1971 = AXIS2_PLACEMENT_3D ( 'NONE', #391, #2655, #1301 ) ;
#1972 = CARTESIAN_POINT ( 'NONE',  ( -1.229999999999999760, -1.999999999999999112, 0.2999999999999999889 ) ) ;
#1973 = CIRCLE ( 'NONE', #778, 0.1700000000000000122 ) ;
#1974 = FACE_OUTER_BOUND ( 'NONE', #2845, .T. ) ;
#1975 = DIRECTION ( 'NONE',  ( 0.000000000000000000, -0.000000000000000000, -1.000000000000000000 ) ) ;
#1976 = VERTEX_POINT ( 'NONE', #199 ) ;
#1977 = DIRECTION ( 'NONE',  ( 0.000000000000000000, -0.000000000000000000, -1.000000000000000000 ) ) ;
#1978 = VERTEX_POINT ( 'NONE', #2678 ) ;
#1979 = ORIENTED_EDGE ( 'NONE', *, *, #2128, .F. ) ;
#1980 = CARTESIAN_POINT ( 'NONE',  ( -5.730000000000000426, 10.76034806292791224, 0.2999999999999999889 ) ) ;
#1981 = CIRCLE ( 'NONE', #309, 0.1000000000000000888 ) ;
#1982 = CARTESIAN_POINT ( 'NONE',  ( -1.399999999999999911, -2.999999999999999112, 0.2999999999999999889 ) ) ;
#1983 = DIRECTION ( 'NONE',  ( 0.9366091053111260667, 0.3503760606095854269, 0.000000000000000000 ) ) ;
#1984 = EDGE_CURVE ( 'NONE', #2404, #10, #2016, .T. ) ;
#1985 = EDGE_CURVE ( 'NONE', #413, #43, #884, .T. ) ;
#1986 = CARTESIAN_POINT ( 'NONE',  ( 1.601473350801780215, 6.998570559987092210, 0.2999999999999999889 ) ) ;
#1987 = DIRECTION ( 'NONE',  ( -0.000000000000000000, -0.000000000000000000, -1.000000000000000000 ) ) ;
#1988 = DIRECTION ( 'NONE',  ( 1.000000000000000000, 6.938893903907228378E-16, 0.000000000000000000 ) ) ;
#1989 = ORIENTED_EDGE ( 'NONE', *, *, #966, .F. ) ;
#1990 = CARTESIAN_POINT ( 'NONE',  ( -1.569999999999999840, -2.999999999999999112, 0.2999999999999999889 ) ) ;
#1991 = ADVANCED_FACE ( 'NONE', ( #2708 ), #1355, .F. ) ;
#1992 = VECTOR ( 'NONE', #955, 100.0000000000000000 ) ;
#1993 = ORIENTED_EDGE ( 'NONE', *, *, #2849, .T. ) ;
#1994 = ORIENTED_EDGE ( 'NONE', *, *, #2560, .F. ) ;
#1995 = CARTESIAN_POINT ( 'NONE',  ( -1.569999999999999840, -1.999999999999999112, 0.2999999999999999889 ) ) ;
#1996 = VECTOR ( 'NONE', #883, 100.0000000000000000 ) ;
#1997 = CARTESIAN_POINT ( 'NONE',  ( 1.569999999999999618, -3.999999999999996003, 0.000000000000000000 ) ) ;
#1998 = ORIENTED_EDGE ( 'NONE', *, *, #2366, .T. ) ;
#1999 = CIRCLE ( 'NONE', #1806, 0.1700000000000000122 ) ;
#2000 = EDGE_CURVE ( 'NONE', #1138, #2206, #1486, .T. ) ;
#2001 = EDGE_CURVE ( 'NONE', #2464, #671, #681, .T. ) ;
#2002 = FACE_OUTER_BOUND ( 'NONE', #383, .T. ) ;
#2003 = DIRECTION ( 'NONE',  ( 0.000000000000000000, 0.000000000000000000, -1.000000000000000000 ) ) ;
#2004 = DIRECTION ( 'NONE',  ( 1.000000000000000000, 0.000000000000000000, 0.000000000000000000 ) ) ;
#2005 = ORIENTED_EDGE ( 'NONE', *, *, #807, .T. ) ;
#2006 = DIRECTION ( 'NONE',  ( -0.000000000000000000, 0.000000000000000000, 1.000000000000000000 ) ) ;
#2007 = VERTEX_POINT ( 'NONE', #169 ) ;
#2008 = AXIS2_PLACEMENT_3D ( 'NONE', #2901, #2703, #1336 ) ;
#2009 = ORIENTED_EDGE ( 'NONE', *, *, #531, .F. ) ;
#2010 = DIRECTION ( 'NONE',  ( 1.000000000000000000, 0.000000000000000000, 0.000000000000000000 ) ) ;
#2011 = CIRCLE ( 'NONE', #866, 0.1699999999999994849 ) ;
#2012 = DIRECTION ( 'NONE',  ( -1.000000000000000000, 0.000000000000000000, 0.000000000000000000 ) ) ;
#2013 = ORIENTED_EDGE ( 'NONE', *, *, #653, .F. ) ;
#2014 = AXIS2_PLACEMENT_3D ( 'NONE', #429, #2738, #2045 ) ;
#2015 = VERTEX_POINT ( 'NONE', #1077 ) ;
#2016 = CIRCLE ( 'NONE', #2782, 0.1700000000000000122 ) ;
#2017 = CARTESIAN_POINT ( 'NONE',  ( 1.399999999999999467, 2.000000000000000888, 0.000000000000000000 ) ) ;
#2018 = LINE ( 'NONE', #1371, #1228 ) ;
#2019 = ADVANCED_FACE ( 'NONE', ( #211 ), #185, .F. ) ;
#2020 = ORIENTED_EDGE ( 'NONE', *, *, #1288, .F. ) ;
#2021 = CARTESIAN_POINT ( 'NONE',  ( -1.399999999999999911, 1.000000000000000666, 0.000000000000000000 ) ) ;
#2022 = EDGE_LOOP ( 'NONE', ( #2610, #1203, #366, #2855 ) ) ;
#2023 = ORIENTED_EDGE ( 'NONE', *, *, #342, .F. ) ;
#2024 = LINE ( 'NONE', #1995, #2459 ) ;
#2025 = CIRCLE ( 'NONE', #2936, 0.1700000000000000122 ) ;
#2026 = DIRECTION ( 'NONE',  ( -0.000000000000000000, -0.000000000000000000, -1.000000000000000000 ) ) ;
#2027 = ORIENTED_EDGE ( 'NONE', *, *, #2888, .F. ) ;
#2028 = ADVANCED_FACE ( 'NONE', ( #1124 ), #1626, .F. ) ;
#2029 = EDGE_CURVE ( 'NONE', #157, #2547, #954, .T. ) ;
#2030 = CIRCLE ( 'NONE', #2895, 0.1699999999999994849 ) ;
#2031 = MECHANICAL_CONTEXT ( 'NONE', #59, 'mechanical' ) ;
#2032 = CARTESIAN_POINT ( 'NONE',  ( 1.750000000000000222, 4.600000000000001421, 0.2999999999999999889 ) ) ;
#2033 = DIRECTION ( 'NONE',  ( -1.000000000000000000, 0.000000000000000000, 0.000000000000000000 ) ) ;
#2034 = EDGE_LOOP ( 'NONE', ( #2794, #1166, #2573, #238 ) ) ;
#2035 = FACE_OUTER_BOUND ( 'NONE', #1742, .T. ) ;
#2036 = ORIENTED_EDGE ( 'NONE', *, *, #319, .F. ) ;
#2037 = EDGE_CURVE ( 'NONE', #1691, #10, #270, .T. ) ;
#2038 = ORIENTED_EDGE ( 'NONE', *, *, #1826, .T. ) ;
#2039 = CYLINDRICAL_SURFACE ( 'NONE', #834, 0.1000000000000007827 ) ;
#2040 = EDGE_CURVE ( 'NONE', #434, #406, #1851, .T. ) ;
#2041 = DIRECTION ( 'NONE',  ( 0.000000000000000000, 0.000000000000000000, 1.000000000000000000 ) ) ;
#2042 = EDGE_LOOP ( 'NONE', ( #1325, #956, #1387, #1510 ) ) ;
#2043 = EDGE_CURVE ( 'NONE', #1175, #1084, #1839, .T. ) ;
#2044 = APPROVAL_STATUS ( 'not_yet_approved' ) ;
#2045 = DIRECTION ( 'NONE',  ( 1.000000000000000000, 0.000000000000000000, 0.000000000000000000 ) ) ;
#2046 = CARTESIAN_POINT ( 'NONE',  ( -1.750000000000000222, -4.499999999999998224, 0.000000000000000000 ) ) ;
#2047 = VECTOR ( 'NONE', #27, 100.0000000000000000 ) ;
#2048 = EDGE_LOOP ( 'NONE', ( #2328, #1246, #1554, #907 ) ) ;
#2049 = DIRECTION ( 'NONE',  ( -0.000000000000000000, 0.000000000000000000, 1.000000000000000000 ) ) ;
#2050 = DIRECTION ( 'NONE',  ( -0.000000000000000000, -0.000000000000000000, -1.000000000000000000 ) ) ;
#2051 = ORIENTED_EDGE ( 'NONE', *, *, #2313, .F. ) ;
#2052 = DIRECTION ( 'NONE',  ( 1.000000000000000000, 0.000000000000000000, 0.000000000000000000 ) ) ;
#2053 = DIRECTION ( 'NONE',  ( -0.000000000000000000, -0.000000000000000000, -1.000000000000000000 ) ) ;
#2054 = ORIENTED_EDGE ( 'NONE', *, *, #141, .T. ) ;
#2055 = EDGE_CURVE ( 'NONE', #708, #1216, #1410, .T. ) ;
#2056 = EDGE_LOOP ( 'NONE', ( #1525, #73, #2248, #902 ) ) ;
#2057 = CARTESIAN_POINT ( 'NONE',  ( 1.569999999999999618, 4.184155337929841812E-15, 0.2999999999999999889 ) ) ;
#2058 = CARTESIAN_POINT ( 'NONE',  ( 5.900000000000000355, 10.76034806292791224, 0.2999999999999999889 ) ) ;
#2059 = DIRECTION ( 'NONE',  ( -1.000000000000000000, 0.000000000000000000, 0.000000000000000000 ) ) ;
#2060 = CIRCLE ( 'NONE', #255, 0.1700000000000000122 ) ;
#2061 = EDGE_LOOP ( 'NONE', ( #408, #2054, #1346, #1143 ) ) ;
#2062 = DIRECTION ( 'NONE',  ( 0.000000000000000000, 0.000000000000000000, -1.000000000000000000 ) ) ;
#2063 = DIRECTION ( 'NONE',  ( 1.000000000000000000, 0.000000000000000000, 0.000000000000000000 ) ) ;
#2064 = ORIENTED_EDGE ( 'NONE', *, *, #1206, .T. ) ;
#2065 = CARTESIAN_POINT ( 'NONE',  ( -6.182272311883346916, 10.94262037481125915, 0.2999999999999999889 ) ) ;
#2066 = CARTESIAN_POINT ( 'NONE',  ( -1.399999999999999911, 3.000000000000000444, 0.2999999999999999889 ) ) ;
#2067 = ORIENTED_EDGE ( 'NONE', *, *, #1594, .F. ) ;
#2068 = CIRCLE ( 'NONE', #2695, 0.1000000000000000888 ) ;
#2069 = EDGE_CURVE ( 'NONE', #2348, #96, #2340, .T. ) ;
#2070 = ADVANCED_FACE ( 'NONE', ( #2326 ), #2284, .F. ) ;
#2071 = EDGE_LOOP ( 'NONE', ( #2268, #2338, #1914, #2952, #143, #916, #241, #1651 ) ) ;
#2072 = DIRECTION ( 'NONE',  ( -0.000000000000000000, -0.000000000000000000, -1.000000000000000000 ) ) ;
#2073 = CIRCLE ( 'NONE', #2177, 0.1700000000000000122 ) ;
#2074 = CARTESIAN_POINT ( 'NONE',  ( 1.750000000000000222, 4.600000000000001421, 0.5999999999999999778 ) ) ;
#2075 = CARTESIAN_POINT ( 'NONE',  ( 1.399999999999999467, -1.999999999999999112, 0.2999999999999999889 ) ) ;
#2076 = VERTEX_POINT ( 'NONE', #62 ) ;
#2077 = CIRCLE ( 'NONE', #2850, 0.1700000000000000122 ) ;
#2078 = FACE_OUTER_BOUND ( 'NONE', #1364, .T. ) ;
#2079 = DIRECTION ( 'NONE',  ( -0.000000000000000000, 0.000000000000000000, 1.000000000000000000 ) ) ;
#2080 = EDGE_CURVE ( 'NONE', #520, #2190, #2542, .T. ) ;
#2081 = ORIENTED_EDGE ( 'NONE', *, *, #2126, .T. ) ;
#2082 = DIRECTION ( 'NONE',  ( -0.000000000000000000, -0.000000000000000000, -1.000000000000000000 ) ) ;
#2083 = EDGE_CURVE ( 'NONE', #1964, #1836, #1893, .T. ) ;
#2084 = DIRECTION ( 'NONE',  ( -0.000000000000000000, 0.000000000000000000, 1.000000000000000000 ) ) ;
#2085 = VERTEX_POINT ( 'NONE', #2074 ) ;
#2086 = AXIS2_PLACEMENT_3D ( 'NONE', #131, #2611, #755 ) ;
#2087 = EDGE_CURVE ( 'NONE', #1810, #1891, #38, .T. ) ;
#2088 = SECURITY_CLASSIFICATION_LEVEL ( 'unclassified' ) ;
#2089 = DIRECTION ( 'NONE',  ( -0.000000000000000000, 0.000000000000000000, 1.000000000000000000 ) ) ;
#2090 = CARTESIAN_POINT ( 'NONE',  ( -1.400000000000000133, -3.999999999999996003, 0.2999999999999999889 ) ) ;
#2091 = EDGE_CURVE ( 'NONE', #147, #2819, #2060, .T. ) ;
#2092 = ORIENTED_EDGE ( 'NONE', *, *, #2385, .F. ) ;
#2093 = AXIS2_PLACEMENT_3D ( 'NONE', #1858, #1156, #2063 ) ;
#2094 = DIRECTION ( 'NONE',  ( 1.000000000000000000, 0.000000000000000000, 0.000000000000000000 ) ) ;
#2095 = DIRECTION ( 'NONE',  ( 0.3589790793088694087, -0.9333456062030595080, 0.000000000000000000 ) ) ;
#2096 = ORIENTED_EDGE ( 'NONE', *, *, #1853, .T. ) ;
#2097 = DIRECTION ( 'NONE',  ( 0.000000000000000000, 0.000000000000000000, 1.000000000000000000 ) ) ;
#2098 = CARTESIAN_POINT ( 'NONE',  ( -0.1700000000000000122, 5.650000000000002132, 0.2999999999999999889 ) ) ;
#2099 = VERTEX_POINT ( 'NONE', #2781 ) ;
#2100 = APPROVAL_DATE_TIME ( #1180, #1904 ) ;
#2101 = DIRECTION ( 'NONE',  ( -0.000000000000000000, -0.000000000000000000, -1.000000000000000000 ) ) ;
#2102 = PLANE ( 'NONE',  #989 ) ;
#2103 = ORIENTED_EDGE ( 'NONE', *, *, #180, .T. ) ;
#2104 = CARTESIAN_POINT ( 'NONE',  ( 5.717727688116654328, 10.93171190698623896, 0.5999999999999999778 ) ) ;
#2105 = EDGE_CURVE ( 'NONE', #963, #1976, #1921, .T. ) ;
#2106 = DIRECTION ( 'NONE',  ( -0.000000000000000000, -0.000000000000000000, -1.000000000000000000 ) ) ;
#2107 = AXIS2_PLACEMENT_3D ( 'NONE', #868, #2484, #3 ) ;
#2108 = VERTEX_POINT ( 'NONE', #1193 ) ;
#2109 = DIRECTION ( 'NONE',  ( -0.000000000000000000, 0.000000000000000000, 1.000000000000000000 ) ) ;
#2110 = VECTOR ( 'NONE', #2638, 100.0000000000000000 ) ;
#2111 = CYLINDRICAL_SURFACE ( 'NONE', #886, 0.1700000000000000122 ) ;
#2112 = ORIENTED_EDGE ( 'NONE', *, *, #2000, .T. ) ;
#2113 = AXIS2_PLACEMENT_3D ( 'NONE', #1172, #1429, #2814 ) ;
#2114 = PRODUCT_DEFINITION_SHAPE ( 'NONE', 'NONE',  #2881 ) ;
#2115 = ORIENTED_EDGE ( 'NONE', *, *, #1089, .F. ) ;
#2116 = CIRCLE ( 'NONE', #1591, 0.1700000000000000122 ) ;
#2117 = ADVANCED_FACE ( 'NONE', ( #2768 ), #2811, .F. ) ;
#2118 = CARTESIAN_POINT ( 'NONE',  ( 5.730000000000000426, 8.630348062927913233, 0.2999999999999999889 ) ) ;
#2119 = DIRECTION ( 'NONE',  ( 0.000000000000000000, -1.000000000000000000, 0.000000000000000000 ) ) ;
#2120 = ORIENTED_EDGE ( 'NONE', *, *, #2275, .T. ) ;
#2121 = DIRECTION ( 'NONE',  ( 0.000000000000000000, 0.000000000000000000, -1.000000000000000000 ) ) ;
#2122 = DIRECTION ( 'NONE',  ( 0.000000000000000000, 0.000000000000000000, -1.000000000000000000 ) ) ;
#2123 = ADVANCED_FACE ( 'NONE', ( #1597 ), #1879, .F. ) ;
#2124 = EDGE_LOOP ( 'NONE', ( #192, #2930 ) ) ;
#2125 = CARTESIAN_POINT ( 'NONE',  ( -1.569999999999999840, 1.000000000000000666, 0.2999999999999999889 ) ) ;
#2126 = EDGE_CURVE ( 'NONE', #275, #2816, #1210, .T. ) ;
#2127 = ORIENTED_EDGE ( 'NONE', *, *, #390, .F. ) ;
#2128 = EDGE_CURVE ( 'NONE', #511, #1766, #1061, .T. ) ;
#2129 = EDGE_LOOP ( 'NONE', ( #548, #1628, #2543, #2064 ) ) ;
#2131 = FACE_OUTER_BOUND ( 'NONE', #1696, .T. ) ;
#2130 = VECTOR ( 'NONE', #2469, 100.0000000000000000 ) ;
#2132 = PERSON_AND_ORGANIZATION ( #21, #1751 ) ;
#2133 = AXIS2_PLACEMENT_3D ( 'NONE', #90, #2119, #502 ) ;
#2134 = DIRECTION ( 'NONE',  ( -0.000000000000000000, 0.000000000000000000, 1.000000000000000000 ) ) ;
#2135 = DIRECTION ( 'NONE',  ( -0.000000000000000000, -0.000000000000000000, -1.000000000000000000 ) ) ;
#2136 = EDGE_CURVE ( 'NONE', #1966, #1163, #2161, .T. ) ;
#2137 = ORIENTED_EDGE ( 'NONE', *, *, #2523, .T. ) ;
#2138 = CARTESIAN_POINT ( 'NONE',  ( 1.750000000000000222, 5.700000000000001066, 0.000000000000000000 ) ) ;
#2139 = CARTESIAN_POINT ( 'NONE',  ( -1.983872316220359977, 5.303195863078978611, 0.2999999999999999889 ) ) ;
#2140 = ORIENTED_EDGE ( 'NONE', *, *, #1409, .T. ) ;
#2141 = DIRECTION ( 'NONE',  ( 0.7673412907487273671, -0.6412389129739999305, 0.000000000000000000 ) ) ;
#2142 = ORIENTED_EDGE ( 'NONE', *, *, #2552, .T. ) ;
#2143 = ORIENTED_EDGE ( 'NONE', *, *, #2275, .F. ) ;
#2144 = DIRECTION ( 'NONE',  ( 1.000000000000000000, 0.000000000000000000, 0.000000000000000000 ) ) ;
#2145 = CARTESIAN_POINT ( 'NONE',  ( 1.399999999999999467, -0.9999999999999987788, 0.2999999999999999889 ) ) ;
#2146 = ADVANCED_FACE ( 'NONE', ( #2391 ), #595, .F. ) ;
#2147 = PERSON_AND_ORGANIZATION_ROLE ( 'creator' ) ;
#2148 = AXIS2_PLACEMENT_3D ( 'NONE', #2066, #1177, #2731 ) ;
#2149 = CARTESIAN_POINT ( 'NONE',  ( -5.900000000000000355, 8.630348062927911457, 0.5999999999999999778 ) ) ;
#2150 = FACE_OUTER_BOUND ( 'NONE', #510, .T. ) ;
#2151 = CIRCLE ( 'NONE', #60, 0.1700000000000000122 ) ;
#2152 = VECTOR ( 'NONE', #1983, 100.0000000000000000 ) ;
#2153 = ORIENTED_EDGE ( 'NONE', *, *, #1288, .T. ) ;
#2154 = DIRECTION ( 'NONE',  ( 0.000000000000000000, 0.000000000000000000, 1.000000000000000000 ) ) ;
#2155 = CARTESIAN_POINT ( 'NONE',  ( 0.000000000000000000, 11.04262037481126058, 0.2999999999999999889 ) ) ;
#2156 = ORIENTED_EDGE ( 'NONE', *, *, #1575, .T. ) ;
#2157 = CYLINDRICAL_SURFACE ( 'NONE', #2169, 0.1700000000000000122 ) ;
#2158 = DIRECTION ( 'NONE',  ( 0.000000000000000000, 0.000000000000000000, 1.000000000000000000 ) ) ;
#2159 = VERTEX_POINT ( 'NONE', #997 ) ;
#2160 = EDGE_LOOP ( 'NONE', ( #305, #2020 ) ) ;
#2161 = CIRCLE ( 'NONE', #577, 0.1000000000000007827 ) ;
#2162 = DIRECTION ( 'NONE',  ( 1.000000000000000000, 0.000000000000000000, 0.000000000000000000 ) ) ;
#2163 = CARTESIAN_POINT ( 'NONE',  ( -6.117190242076239848, 8.327365445360076279, 0.2999999999999999889 ) ) ;
#2164 = ADVANCED_FACE ( 'NONE', ( #103 ), #808, .F. ) ;
#2165 = ADVANCED_FACE ( 'NONE', ( #328 ), #1472, .F. ) ;
#2166 = DIRECTION ( 'NONE',  ( 0.000000000000000000, -0.000000000000000000, -1.000000000000000000 ) ) ;
#2167 = DIRECTION ( 'NONE',  ( 1.000000000000000000, -0.000000000000000000, -0.000000000000000000 ) ) ;
#2168 = AXIS2_PLACEMENT_3D ( 'NONE', #1201, #266, #56 ) ;
#2169 = AXIS2_PLACEMENT_3D ( 'NONE', #304, #2400, #184 ) ;
#2170 = CARTESIAN_POINT ( 'NONE',  ( 5.717727688116654328, 11.03171190698623860, 0.5999999999999999778 ) ) ;
#2171 = DIRECTION ( 'NONE',  ( 0.000000000000000000, 0.000000000000000000, 1.000000000000000000 ) ) ;
#2172 = DIRECTION ( 'NONE',  ( -0.000000000000000000, -0.000000000000000000, -1.000000000000000000 ) ) ;
#2173 = ORIENTED_EDGE ( 'NONE', *, *, #1395, .F. ) ;
#2174 = DIRECTION ( 'NONE',  ( -0.000000000000000000, 0.000000000000000000, 1.000000000000000000 ) ) ;
#2175 = DIRECTION ( 'NONE',  ( 0.000000000000000000, -0.000000000000000000, -1.000000000000000000 ) ) ;
#2176 = ORIENTED_EDGE ( 'NONE', *, *, #1513, .T. ) ;
#2177 = AXIS2_PLACEMENT_3D ( 'NONE', #1145, #2084, #46 ) ;
#2178 = ADVANCED_FACE ( 'NONE', ( #546 ), #760, .F. ) ;
#2179 = ORIENTED_EDGE ( 'NONE', *, *, #1074, .T. ) ;
#2180 = FACE_BOUND ( 'NONE', #1080, .T. ) ;
#2181 = DIRECTION ( 'NONE',  ( 0.9366091053111260667, 0.3503760606095854269, 0.000000000000000000 ) ) ;
#2182 = CARTESIAN_POINT ( 'NONE',  ( -1.229999999999999760, 3.000000000000000444, 0.2999999999999999889 ) ) ;
#2183 = DIRECTION ( 'NONE',  ( 1.000000000000000000, 0.000000000000000000, 0.000000000000000000 ) ) ;
#2184 = EDGE_CURVE ( 'NONE', #1677, #964, #1925, .T. ) ;
#2185 = LINE ( 'NONE', #1915, #1017 ) ;
#2186 = FACE_OUTER_BOUND ( 'NONE', #2277, .T. ) ;
#2187 = CARTESIAN_POINT ( 'NONE',  ( -2.750000000000000444, 6.005462270129656943, 0.2999999999999999889 ) ) ;
#2188 = EDGE_CURVE ( 'NONE', #1770, #1646, #162, .T. ) ;
#2189 = AXIS2_PLACEMENT_3D ( 'NONE', #1942, #576, #2617 ) ;
#2190 = VERTEX_POINT ( 'NONE', #528 ) ;
#2191 = CARTESIAN_POINT ( 'NONE',  ( -6.182272311883346916, 0.000000000000000000, 0.5999999999999999778 ) ) ;
#2192 = ORIENTED_EDGE ( 'NONE', *, *, #2313, .T. ) ;
#2193 = EDGE_LOOP ( 'NONE', ( #2262, #2281, #2909, #894 ) ) ;
#2194 = FACE_BOUND ( 'NONE', #1498, .T. ) ;
#2195 = DIRECTION ( 'NONE',  ( -0.000000000000000000, -0.000000000000000000, -1.000000000000000000 ) ) ;
#2196 = VECTOR ( 'NONE', #125, 99.99999999999998579 ) ;
#2197 = DIRECTION ( 'NONE',  ( -0.000000000000000000, -0.000000000000000000, -1.000000000000000000 ) ) ;
#2198 = CARTESIAN_POINT ( 'NONE',  ( 5.900000000000000355, 8.630348062927913233, 0.5999999999999999778 ) ) ;
#2199 = DIRECTION ( 'NONE',  ( 0.000000000000000000, 0.000000000000000000, 1.000000000000000000 ) ) ;
#2200 = CARTESIAN_POINT ( 'NONE',  ( 6.167727688116666052, 8.904196635286774235E-15, 0.5999999999999999778 ) ) ;
#2201 = VECTOR ( 'NONE', #339, 100.0000000000000000 ) ;
#2202 = EDGE_LOOP ( 'NONE', ( #1239, #2838, #370, #17 ) ) ;
#2203 = EDGE_CURVE ( 'NONE', #2085, #413, #773, .T. ) ;
#2204 = DIRECTION ( 'NONE',  ( 0.000000000000000000, 0.000000000000000000, 1.000000000000000000 ) ) ;
#2205 = ORIENTED_EDGE ( 'NONE', *, *, #1734, .T. ) ;
#2206 = VERTEX_POINT ( 'NONE', #1237 ) ;
#2207 = CARTESIAN_POINT ( 'NONE',  ( 1.399999999999999467, 2.000000000000000888, 0.2999999999999999889 ) ) ;
#2208 = CARTESIAN_POINT ( 'NONE',  ( 6.167727688116666052, 8.904196635286774235E-15, 0.2999999999999999889 ) ) ;
#2209 = CIRCLE ( 'NONE', #1635, 0.1000000000000000888 ) ;
#2210 = CIRCLE ( 'NONE', #725, 0.1700000000000000122 ) ;
#2211 = LINE ( 'NONE', #1254, #1088 ) ;
#2212 = CIRCLE ( 'NONE', #1829, 0.1700000000000000122 ) ;
#2213 = EDGE_CURVE ( 'NONE', #1495, #2351, #1298, .T. ) ;
#2214 = CARTESIAN_POINT ( 'NONE',  ( -1.750000000000000222, 4.500000000000000888, 0.5999999999999999778 ) ) ;
#2215 = DIRECTION ( 'NONE',  ( 1.000000000000000000, 0.000000000000000000, 0.000000000000000000 ) ) ;
#2216 = CIRCLE ( 'NONE', #1739, 0.1700000000000000122 ) ;
#2217 = ORIENTED_EDGE ( 'NONE', *, *, #2080, .T. ) ;
#2218 = LINE ( 'NONE', #2401, #2256 ) ;
#2219 = ORIENTED_EDGE ( 'NONE', *, *, #1105, .T. ) ;
#2220 = EDGE_CURVE ( 'NONE', #434, #2225, #64, .T. ) ;
#2221 = ORIENTED_EDGE ( 'NONE', *, *, #2939, .T. ) ;
#2222 = DIRECTION ( 'NONE',  ( -1.000000000000000000, 0.000000000000000000, 0.000000000000000000 ) ) ;
#2223 = VECTOR ( 'NONE', #1960, 100.0000000000000000 ) ;
#2224 = CARTESIAN_POINT ( 'NONE',  ( 1.399999999999999467, -0.9999999999999987788, 0.000000000000000000 ) ) ;
#2225 = VERTEX_POINT ( 'NONE', #561 ) ;
#2226 = ADVANCED_FACE ( 'NONE', ( #1029 ), #1281, .F. ) ;
#2227 = VERTEX_POINT ( 'NONE', #2858 ) ;
#2228 = CARTESIAN_POINT ( 'NONE',  ( 1.569999999999999618, -1.999999999999999112, 0.2999999999999999889 ) ) ;
#2229 = DIRECTION ( 'NONE',  ( 0.000000000000000000, 0.000000000000000000, 1.000000000000000000 ) ) ;
#2230 = DIRECTION ( 'NONE',  ( -0.000000000000000000, -0.000000000000000000, -1.000000000000000000 ) ) ;
#2231 = VERTEX_POINT ( 'NONE', #1440 ) ;
#2232 = CARTESIAN_POINT ( 'NONE',  ( 1.569999999999999618, -2.999999999999999112, 0.2999999999999999889 ) ) ;
#2233 = AXIS2_PLACEMENT_3D ( 'NONE', #2905, #374, #2843 ) ;
#2234 = VERTEX_POINT ( 'NONE', #2358 ) ;
#2235 = ORIENTED_EDGE ( 'NONE', *, *, #759, .T. ) ;
#2236 = CYLINDRICAL_SURFACE ( 'NONE', #973, 0.1700000000000000122 ) ;
#2237 = CARTESIAN_POINT ( 'NONE',  ( 6.070000000000000284, 10.76034806292791224, 0.2999999999999999889 ) ) ;
#2238 = EDGE_LOOP ( 'NONE', ( #2142, #538, #863, #602 ) ) ;
#2239 = EDGE_CURVE ( 'NONE', #1358, #148, #1715, .T. ) ;
#2240 = ORIENTED_EDGE ( 'NONE', *, *, #797, .F. ) ;
#2241 = DIRECTION ( 'NONE',  ( -1.000000000000000000, 0.000000000000000000, 0.000000000000000000 ) ) ;
#2242 = FACE_OUTER_BOUND ( 'NONE', #1724, .T. ) ;
#2243 = CARTESIAN_POINT ( 'NONE',  ( 5.900000000000000355, 10.76034806292791224, 0.5999999999999999778 ) ) ;
#2244 = ORIENTED_EDGE ( 'NONE', *, *, #1873, .F. ) ;
#2245 = DIRECTION ( 'NONE',  ( -0.000000000000000000, 0.000000000000000000, 1.000000000000000000 ) ) ;
#2246 = EDGE_LOOP ( 'NONE', ( #2515, #368, #2807, #1600 ) ) ;
#2247 = AXIS2_PLACEMENT_3D ( 'NONE', #1573, #2267, #412 ) ;
#2248 = ORIENTED_EDGE ( 'NONE', *, *, #1797, .F. ) ;
#2249 = CARTESIAN_POINT ( 'NONE',  ( -2.400820698071053805, 6.942518199679442503, 0.2999999999999999889 ) ) ;
#2250 = EDGE_CURVE ( 'NONE', #1532, #2076, #312, .T. ) ;
#2251 = DIRECTION ( 'NONE',  ( 0.9370559295497862262, -0.3491793019289459732, 0.000000000000000000 ) ) ;
#2252 = ORIENTED_EDGE ( 'NONE', *, *, #2514, .T. ) ;
#2253 = AXIS2_PLACEMENT_3D ( 'NONE', #1092, #1987, #2907 ) ;
#2254 = APPROVAL ( #2044, 'UNSPECIFIED' ) ;
#2255 = EDGE_CURVE ( 'NONE', #2108, #147, #575, .T. ) ;
#2256 = VECTOR ( 'NONE', #367, 100.0000000000000142 ) ;
#2257 = CARTESIAN_POINT ( 'NONE',  ( -6.082272311883345495, 8.421071038315055546, 0.2999999999999999889 ) ) ;
#2258 = DIRECTION ( 'NONE',  ( 0.000000000000000000, 0.000000000000000000, -1.000000000000000000 ) ) ;
#2259 = VECTOR ( 'NONE', #1883, 100.0000000000000000 ) ;
#2260 = ORIENTED_EDGE ( 'NONE', *, *, #2756, .F. ) ;
#2261 = CARTESIAN_POINT ( 'NONE',  ( 1.750000000000000222, 4.600000000000001421, 0.5999999999999999778 ) ) ;
#2262 = ORIENTED_EDGE ( 'NONE', *, *, #776, .F. ) ;
#2263 = CIRCLE ( 'NONE', #213, 0.1700000000000003730 ) ;
#2264 = ORIENTED_EDGE ( 'NONE', *, *, #1485, .F. ) ;
#2265 = LINE ( 'NONE', #424, #446 ) ;
#2266 = AXIS2_PLACEMENT_3D ( 'NONE', #2833, #783, #1230 ) ;
#2267 = DIRECTION ( 'NONE',  ( -0.000000000000000000, -0.000000000000000000, -1.000000000000000000 ) ) ;
#2268 = ORIENTED_EDGE ( 'NONE', *, *, #1985, .T. ) ;
#2269 = EDGE_CURVE ( 'NONE', #1216, #2464, #1488, .T. ) ;
#2270 = EDGE_LOOP ( 'NONE', ( #2609, #334 ) ) ;
#2271 = DIRECTION ( 'NONE',  ( -0.000000000000000000, -0.000000000000000000, -1.000000000000000000 ) ) ;
#2272 = DIRECTION ( 'NONE',  ( 0.000000000000000000, 0.000000000000000000, 1.000000000000000000 ) ) ;
#2273 = ORIENTED_EDGE ( 'NONE', *, *, #2409, .F. ) ;
#2274 = DIRECTION ( 'NONE',  ( -0.000000000000000000, -0.000000000000000000, -1.000000000000000000 ) ) ;
#2275 = EDGE_CURVE ( 'NONE', #1694, #1106, #1268, .T. ) ;
#2276 = FACE_OUTER_BOUND ( 'NONE', #2636, .T. ) ;
#2277 = EDGE_LOOP ( 'NONE', ( #1154, #1114, #583, #1431 ) ) ;
#2278 = CARTESIAN_POINT ( 'NONE',  ( 1.399999999999999467, 1.000000000000000888, 0.000000000000000000 ) ) ;
#2279 = AXIS2_PLACEMENT_3D ( 'NONE', #2090, #313, #50 ) ;
#2280 = CARTESIAN_POINT ( 'NONE',  ( -5.730000000000000426, 10.76034806292791224, 0.2999999999999999889 ) ) ;
#2281 = ORIENTED_EDGE ( 'NONE', *, *, #1366, .T. ) ;
#2282 = ORIENTED_EDGE ( 'NONE', *, *, #2904, .T. ) ;
#2283 = LINE ( 'NONE', #2767, #609 ) ;
#2284 = PLANE ( 'NONE',  #2302 ) ;
#2285 = CYLINDRICAL_SURFACE ( 'NONE', #1885, 0.1699999999999994849 ) ;
#2286 = ORIENTED_EDGE ( 'NONE', *, *, #1853, .F. ) ;
#2287 = CARTESIAN_POINT ( 'NONE',  ( 1.569999999999999618, -0.9999999999999987788, 0.2999999999999999889 ) ) ;
#2288 = DIRECTION ( 'NONE',  ( 0.000000000000000000, 1.000000000000000000, -0.000000000000000000 ) ) ;
#2289 = EDGE_CURVE ( 'NONE', #1581, #2099, #1208, .T. ) ;
#2290 = ORIENTED_EDGE ( 'NONE', *, *, #301, .F. ) ;
#2291 = CARTESIAN_POINT ( 'NONE',  ( -1.399999999999999911, 1.000000000000000666, 0.2999999999999999889 ) ) ;
#2292 = EDGE_CURVE ( 'NONE', #739, #1624, #607, .T. ) ;
#2293 = CIRCLE ( 'NONE', #1147, 0.1700000000000000122 ) ;
#2294 = FACE_OUTER_BOUND ( 'NONE', #2071, .T. ) ;
#2295 = ORIENTED_EDGE ( 'NONE', *, *, #2386, .T. ) ;
#2296 = CIRCLE ( 'NONE', #1290, 0.1700000000000000122 ) ;
#2297 = AXIS2_PLACEMENT_3D ( 'NONE', #1502, #372, #2436 ) ;
#2298 = VERTEX_POINT ( 'NONE', #1517 ) ;
#2299 = DIRECTION ( 'NONE',  ( 1.000000000000000000, 0.000000000000000000, 0.000000000000000000 ) ) ;
#2300 = CYLINDRICAL_SURFACE ( 'NONE', #850, 0.1000000000000007827 ) ;
#2301 = EDGE_CURVE ( 'NONE', #1936, #2851, #1725, .T. ) ;
#2302 = AXIS2_PLACEMENT_3D ( 'NONE', #1168, #2540, #19 ) ;
#2303 = ORIENTED_EDGE ( 'NONE', *, *, #2626, .T. ) ;
#2304 = DIRECTION ( 'NONE',  ( 0.000000000000000000, 0.000000000000000000, 1.000000000000000000 ) ) ;
#2305 = DIRECTION ( 'NONE',  ( -1.000000000000000000, 0.000000000000000000, 0.000000000000000000 ) ) ;
#2306 = AXIS2_PLACEMENT_3D ( 'NONE', #2362, #1857, #1155 ) ;
#2307 = ORIENTED_EDGE ( 'NONE', *, *, #2614, .T. ) ;
#2308 = DIRECTION ( 'NONE',  ( 0.9333456062030595080, 0.3589790793088694087, 0.000000000000000000 ) ) ;
#2309 = DIRECTION ( 'NONE',  ( 0.000000000000000000, 0.000000000000000000, 1.000000000000000000 ) ) ;
#2310 = ORIENTED_EDGE ( 'NONE', *, *, #936, .T. ) ;
#2311 = CIRCLE ( 'NONE', #2934, 0.1700000000000000122 ) ;
#2312 = ADVANCED_FACE ( 'NONE', ( #601 ), #1511, .T. ) ;
#2313 = EDGE_CURVE ( 'NONE', #1469, #2227, #816, .T. ) ;
#2314 = AXIS2_PLACEMENT_3D ( 'NONE', #2679, #1537, #523 ) ;
#2315 = CARTESIAN_POINT ( 'NONE',  ( -1.750000000000000222, 8.300000000000002487, 0.2999999999999999889 ) ) ;
#2316 = DIRECTION ( 'NONE',  ( -0.000000000000000000, 0.000000000000000000, 1.000000000000000000 ) ) ;
#2317 = ORIENTED_EDGE ( 'NONE', *, *, #197, .T. ) ;
#2318 = PLANE ( 'NONE',  #1585 ) ;
#2319 = FACE_OUTER_BOUND ( 'NONE', #887, .T. ) ;
#2320 = EDGE_LOOP ( 'NONE', ( #1561, #2417, #1706, #341 ) ) ;
#2321 = DIRECTION ( 'NONE',  ( 1.000000000000000000, 0.000000000000000000, 0.000000000000000000 ) ) ;
#2322 = CARTESIAN_POINT ( 'NONE',  ( -5.732272311883346738, 11.04262037481126058, 0.2999999999999999889 ) ) ;
#2323 = ORIENTED_EDGE ( 'NONE', *, *, #2037, .T. ) ;
#2324 = CIRCLE ( 'NONE', #1183, 0.1700000000000000122 ) ;
#2325 = EDGE_CURVE ( 'NONE', #275, #1190, #2210, .T. ) ;
#2326 = FACE_OUTER_BOUND ( 'NONE', #2581, .T. ) ;
#2327 = DIRECTION ( 'NONE',  ( -1.000000000000000000, 0.000000000000000000, 0.000000000000000000 ) ) ;
#2328 = ORIENTED_EDGE ( 'NONE', *, *, #1455, .F. ) ;
#2329 = CIRCLE ( 'NONE', #2437, 1.000000000000000222 ) ;
#2330 = CARTESIAN_POINT ( 'NONE',  ( 1.399999999999999467, -3.999999999999996003, 0.2999999999999999889 ) ) ;
#2331 = CARTESIAN_POINT ( 'NONE',  ( 1.399999999999999467, -0.9999999999999987788, 0.2999999999999999889 ) ) ;
#2332 = EDGE_CURVE ( 'NONE', #1646, #1643, #2853, .T. ) ;
#2333 = ORIENTED_EDGE ( 'NONE', *, *, #2213, .F. ) ;
#2334 = CARTESIAN_POINT ( 'NONE',  ( -1.230000000000000204, 4.184155337929841812E-15, 0.000000000000000000 ) ) ;
#2335 = DIRECTION ( 'NONE',  ( 1.000000000000000000, 0.000000000000000000, 0.000000000000000000 ) ) ;
#2336 = ORIENTED_EDGE ( 'NONE', *, *, #342, .T. ) ;
#2337 = EDGE_CURVE ( 'NONE', #421, #2479, #381, .T. ) ;
#2338 = ORIENTED_EDGE ( 'NONE', *, *, #190, .T. ) ;
#2339 = COORDINATED_UNIVERSAL_TIME_OFFSET ( 5, 30, .AHEAD. ) ;
#2340 = LINE ( 'NONE', #2315, #108 ) ;
#2341 = CARTESIAN_POINT ( 'NONE',  ( 5.900000000000000355, 8.630348062927913233, 0.5999999999999999778 ) ) ;
#2342 = EDGE_CURVE ( 'NONE', #2076, #829, #921, .T. ) ;
#2343 = EDGE_LOOP ( 'NONE', ( #616, #47, #1603, #1962, #1368, #1448, #78, #2005 ) ) ;
#2344 = CARTESIAN_POINT ( 'NONE',  ( 1.750000000000000222, 8.300000000000002487, 0.2999999999999999889 ) ) ;
#2345 = DIRECTION ( 'NONE',  ( 0.000000000000000000, -0.000000000000000000, -1.000000000000000000 ) ) ;
#2346 = EDGE_CURVE ( 'NONE', #714, #2639, #2593, .T. ) ;
#2347 = AXIS2_PLACEMENT_3D ( 'NONE', #840, #1749, #2667 ) ;
#2348 = VERTEX_POINT ( 'NONE', #2431 ) ;
#2349 = DIRECTION ( 'NONE',  ( 0.000000000000000000, 0.000000000000000000, -1.000000000000000000 ) ) ;
#2350 = AXIS2_PLACEMENT_3D ( 'NONE', #1970, #2424, #1731 ) ;
#2351 = VERTEX_POINT ( 'NONE', #1524 ) ;
#2352 = VECTOR ( 'NONE', #2304, 100.0000000000000000 ) ;
#2353 = EDGE_LOOP ( 'NONE', ( #2557, #701, #1768, #485 ) ) ;
#2354 = PLANE ( 'NONE',  #1338 ) ;
#2355 = EDGE_CURVE ( 'NONE', #1780, #1976, #2218, .T. ) ;
#2356 = CIRCLE ( 'NONE', #1685, 0.1700000000000000122 ) ;
#2357 = PERSON_AND_ORGANIZATION ( #21, #1751 ) ;
#2358 = CARTESIAN_POINT ( 'NONE',  ( 0.1700000000000000122, 5.650000000000002132, 0.5999999999999999778 ) ) ;
#2359 = LINE ( 'NONE', #1441, #1992 ) ;
#2360 = VERTEX_POINT ( 'NONE', #843 ) ;
#2361 = VECTOR ( 'NONE', #1661, 100.0000000000000000 ) ;
#2362 = CARTESIAN_POINT ( 'NONE',  ( 1.399999999999999467, -2.999999999999999112, 0.000000000000000000 ) ) ;
#2363 = CARTESIAN_POINT ( 'NONE',  ( 0.7393266739737027748, 7.224999999999980105, 0.2999999999999999889 ) ) ;
#2364 = EDGE_LOOP ( 'NONE', ( #126, #1053, #279, #451 ) ) ;
#2365 = CARTESIAN_POINT ( 'NONE',  ( 6.102765294177611821, 8.328325784880620475, 0.2999999999999999889 ) ) ;
#2366 = EDGE_CURVE ( 'NONE', #52, #1442, #676, .T. ) ;
#2367 = ORIENTED_EDGE ( 'NONE', *, *, #2292, .T. ) ;
#2368 = ORIENTED_EDGE ( 'NONE', *, *, #2184, .F. ) ;
#2370 = CARTESIAN_POINT ( 'NONE',  ( -1.079326673973621364, 7.225000000000020073, 0.8500000000000000888 ) ) ;
#2369 = LOCAL_TIME ( 19, 18, 56.00000000000000000, #1653 ) ;
#2371 = LINE ( 'NONE', #2644, #249 ) ;
#2372 = VECTOR ( 'NONE', #2411, 100.0000000000000000 ) ;
#2373 = DIRECTION ( 'NONE',  ( -0.000000000000000000, -0.000000000000000000, -1.000000000000000000 ) ) ;
#2374 = DIRECTION ( 'NONE',  ( -0.000000000000000000, 0.000000000000000000, 1.000000000000000000 ) ) ;
#2375 = CIRCLE ( 'NONE', #606, 0.09999999999999939493 ) ;
#2376 = AXIS2_PLACEMENT_3D ( 'NONE', #680, #37, #1611 ) ;
#2377 = ORIENTED_EDGE ( 'NONE', *, *, #797, .T. ) ;
#2378 = CARTESIAN_POINT ( 'NONE',  ( 0.9093266739737031479, 7.224999999999980105, 0.5999999999999999778 ) ) ;
#2379 = CARTESIAN_POINT ( 'NONE',  ( -1.569999999999999840, 2.000000000000000888, 0.000000000000000000 ) ) ;
#2380 = VERTEX_POINT ( 'NONE', #2866 ) ;
#2381 = DIRECTION ( 'NONE',  ( 1.000000000000000000, 0.000000000000000000, 0.000000000000000000 ) ) ;
#2382 = VECTOR ( 'NONE', #1403, 100.0000000000000000 ) ;
#2383 = DIRECTION ( 'NONE',  ( 0.000000000000000000, -0.000000000000000000, 1.000000000000000000 ) ) ;
#2384 = ORIENTED_EDGE ( 'NONE', *, *, #61, .T. ) ;
#2385 = EDGE_CURVE ( 'NONE', #1964, #222, #306, .T. ) ;
#2386 = EDGE_CURVE ( 'NONE', #216, #331, #2263, .T. ) ;
#2387 = EDGE_LOOP ( 'NONE', ( #1025, #2832, #1544, #2868 ) ) ;
#2388 = CARTESIAN_POINT ( 'NONE',  ( 1.229999999999999538, 4.163336342344337027E-15, 0.2999999999999999889 ) ) ;
#2389 = DIRECTION ( 'NONE',  ( -0.000000000000000000, -0.000000000000000000, -1.000000000000000000 ) ) ;
#2390 = AXIS2_PLACEMENT_3D ( 'NONE', #1681, #906, #278 ) ;
#2391 = FACE_OUTER_BOUND ( 'NONE', #2042, .T. ) ;
#2392 = LINE ( 'NONE', #809, #2372 ) ;
#2393 = CIRCLE ( 'NONE', #1005, 0.1700000000000000122 ) ;
#2394 = AXIS2_PLACEMENT_3D ( 'NONE', #1454, #2629, #1011 ) ;
#2395 = DIRECTION ( 'NONE',  ( -3.944660595570344343E-16, 1.000000000000000000, 0.000000000000000000 ) ) ;
#2396 = CARTESIAN_POINT ( 'NONE',  ( -1.569999999999999840, 1.000000000000000666, 0.2999999999999999889 ) ) ;
#2397 = CARTESIAN_POINT ( 'NONE',  ( 1.229999999999999538, 1.000000000000000888, 0.2999999999999999889 ) ) ;
#2398 = EDGE_CURVE ( 'NONE', #2854, #1024, #1693, .T. ) ;
#2399 = ORIENTED_EDGE ( 'NONE', *, *, #2953, .F. ) ;
#2400 = DIRECTION ( 'NONE',  ( -0.000000000000000000, -0.000000000000000000, -1.000000000000000000 ) ) ;
#2401 = CARTESIAN_POINT ( 'NONE',  ( -2.087003757707245555, 2.511387036089636648, 0.000000000000000000 ) ) ;
#2402 = ORIENTED_EDGE ( 'NONE', *, *, #2480, .T. ) ;
#2403 = AXIS2_PLACEMENT_3D ( 'NONE', #1654, #258, #1151 ) ;
#2404 = VERTEX_POINT ( 'NONE', #1261 ) ;
#2405 = AXIS2_PLACEMENT_3D ( 'NONE', #1480, #2383, #1287 ) ;
#2406 = FACE_BOUND ( 'NONE', #2793, .T. ) ;
#2407 = CARTESIAN_POINT ( 'NONE',  ( -0.7393266739736223947, 7.225000000000020073, 0.2999999999999999889 ) ) ;
#2408 = EDGE_CURVE ( 'NONE', #2854, #2937, #1121, .T. ) ;
#2409 = EDGE_CURVE ( 'NONE', #1087, #2774, #2891, .T. ) ;
#2410 = DIRECTION ( 'NONE',  ( 0.000000000000000000, -0.000000000000000000, -1.000000000000000000 ) ) ;
#2411 = DIRECTION ( 'NONE',  ( -1.000000000000000000, -0.000000000000000000, -0.000000000000000000 ) ) ;
#2412 = CIRCLE ( 'NONE', #1638, 0.1700000000000000122 ) ;
#2413 = AXIS2_PLACEMENT_3D ( 'NONE', #2864, #2622, #2381 ) ;
#2414 = CARTESIAN_POINT ( 'NONE',  ( 1.569999999999999618, 1.000000000000000888, 0.000000000000000000 ) ) ;
#2415 = CARTESIAN_POINT ( 'NONE',  ( -5.730000000000000426, 8.630348062927911457, 0.2999999999999999889 ) ) ;
#2416 = DIRECTION ( 'NONE',  ( 0.000000000000000000, -1.000000000000000000, 0.000000000000000000 ) ) ;
#2417 = ORIENTED_EDGE ( 'NONE', *, *, #224, .T. ) ;
#2418 = CARTESIAN_POINT ( 'NONE',  ( 6.102765294177611821, 8.328325784880620475, 0.2999999999999999889 ) ) ;
#2419 = ORIENTED_EDGE ( 'NONE', *, *, #1617, .T. ) ;
#2420 = CIRCLE ( 'NONE', #1838, 0.1700000000000000122 ) ;
#2421 = ORIENTED_EDGE ( 'NONE', *, *, #2188, .F. ) ;
#2422 = CARTESIAN_POINT ( 'NONE',  ( 6.067727688116653972, 11.03171190698623860, 0.2999999999999999889 ) ) ;
#2423 = CARTESIAN_POINT ( 'NONE',  ( -1.750000000000000222, 4.600000000000001421, 0.5999999999999999778 ) ) ;
#2424 = DIRECTION ( 'NONE',  ( -0.000000000000000000, -0.000000000000000000, -1.000000000000000000 ) ) ;
#2425 = CARTESIAN_POINT ( 'NONE',  ( 0.4224040601249798299, 4.887775894410474997, 0.2999999999999999889 ) ) ;
#2426 = EDGE_CURVE ( 'NONE', #1593, #1581, #554, .T. ) ;
#2427 = DIRECTION ( 'NONE',  ( -1.000000000000000000, 0.000000000000000000, 0.000000000000000000 ) ) ;
#2428 = FACE_OUTER_BOUND ( 'NONE', #2594, .T. ) ;
#2429 = DIRECTION ( 'NONE',  ( 0.000000000000000000, 1.000000000000000000, -0.000000000000000000 ) ) ;
#2430 = ORIENTED_EDGE ( 'NONE', *, *, #2091, .F. ) ;
#2431 = CARTESIAN_POINT ( 'NONE',  ( -1.750000000000000222, 6.005462270129656943, 0.2999999999999999889 ) ) ;
#2432 = ORIENTED_EDGE ( 'NONE', *, *, #2935, .F. ) ;
#2433 = EDGE_CURVE ( 'NONE', #668, #891, #2412, .T. ) ;
#2434 = ORIENTED_EDGE ( 'NONE', *, *, #1485, .T. ) ;
#2435 = DIRECTION ( 'NONE',  ( -0.000000000000000000, 0.000000000000000000, 1.000000000000000000 ) ) ;
#2436 = DIRECTION ( 'NONE',  ( -1.000000000000000000, 0.000000000000000000, -0.000000000000000000 ) ) ;
#2437 = AXIS2_PLACEMENT_3D ( 'NONE', #2187, #80, #2590 ) ;
#2438 = EDGE_CURVE ( 'NONE', #1134, #338, #1213, .T. ) ;
#2439 = FACE_BOUND ( 'NONE', #2728, .T. ) ;
#2440 = AXIS2_PLACEMENT_3D ( 'NONE', #1846, #12, #267 ) ;
#2441 = LINE ( 'NONE', #1136, #2831 ) ;
#2442 = FACE_OUTER_BOUND ( 'NONE', #2808, .T. ) ;
#2443 = AXIS2_PLACEMENT_3D ( 'NONE', #2207, #425, #1308 ) ;
#2444 = ORIENTED_EDGE ( 'NONE', *, *, #2136, .T. ) ;
#2445 = DIRECTION ( 'NONE',  ( 0.9370559295497861152, -0.3491793019289459732, 0.000000000000000000 ) ) ;
#2446 = EDGE_CURVE ( 'NONE', #1380, #2683, #336, .T. ) ;
#2447 = VERTEX_POINT ( 'NONE', #452 ) ;
#2448 = VERTEX_POINT ( 'NONE', #617 ) ;
#2449 = CARTESIAN_POINT ( 'NONE',  ( -4.011010853568447665, 8.282867661524271341, 0.5999999999999999778 ) ) ;
#2450 = CARTESIAN_POINT ( 'NONE',  ( -0.7393266739736225057, 7.225000000000020073, 0.8500000000000000888 ) ) ;
#2451 = ORIENTED_EDGE ( 'NONE', *, *, #16, .T. ) ;
#2452 = VECTOR ( 'NONE', #487, 99.99999999999998579 ) ;
#2453 = DIRECTION ( 'NONE',  ( -0.000000000000000000, -0.000000000000000000, 1.000000000000000000 ) ) ;
#2454 = VECTOR ( 'NONE', #715, 100.0000000000000000 ) ;
#2455 = ORIENTED_EDGE ( 'NONE', *, *, #2250, .F. ) ;
#2456 = DIRECTION ( 'NONE',  ( 1.000000000000000000, 0.000000000000000000, 0.000000000000000000 ) ) ;
#2457 = DIRECTION ( 'NONE',  ( 1.000000000000000000, 0.000000000000000000, 0.000000000000000000 ) ) ;
#2458 = CARTESIAN_POINT ( 'NONE',  ( -0.4257497785096041043, 5.887775894410474997, 0.2999999999999999889 ) ) ;
#2459 = VECTOR ( 'NONE', #861, 100.0000000000000000 ) ;
#2460 = ORIENTED_EDGE ( 'NONE', *, *, #393, .F. ) ;
#2461 = CARTESIAN_POINT ( 'NONE',  ( -6.070000000000000284, 8.630348062927911457, 0.2999999999999999889 ) ) ;
#2462 = ORIENTED_EDGE ( 'NONE', *, *, #2534, .T. ) ;
#2463 = EDGE_CURVE ( 'NONE', #245, #1759, #115, .T. ) ;
#2464 = VERTEX_POINT ( 'NONE', #206 ) ;
#2465 = LINE ( 'NONE', #1980, #1834 ) ;
#2466 = AXIS2_PLACEMENT_3D ( 'NONE', #1078, #1736, #2634 ) ;
#2467 = DIRECTION ( 'NONE',  ( -1.000000000000000000, 0.000000000000000000, 0.000000000000000000 ) ) ;
#2468 = ORIENTED_EDGE ( 'NONE', *, *, #16, .F. ) ;
#2469 = DIRECTION ( 'NONE',  ( 0.000000000000000000, 0.000000000000000000, 1.000000000000000000 ) ) ;
#2470 = FACE_OUTER_BOUND ( 'NONE', #1039, .T. ) ;
#2471 = CARTESIAN_POINT ( 'NONE',  ( -1.399999999999999911, -1.999999999999999112, 0.000000000000000000 ) ) ;
#2472 = ORIENTED_EDGE ( 'NONE', *, *, #352, .F. ) ;
#2473 = CARTESIAN_POINT ( 'NONE',  ( 1.399999999999999467, 2.000000000000000888, 0.000000000000000000 ) ) ;
#2474 = AXIS2_PLACEMENT_3D ( 'NONE', #283, #2135, #1182 ) ;
#2475 = ORIENTED_EDGE ( 'NONE', *, *, #2665, .F. ) ;
#2476 = VERTEX_POINT ( 'NONE', #1799 ) ;
#2477 = DIRECTION ( 'NONE',  ( 0.000000000000000000, 0.000000000000000000, 1.000000000000000000 ) ) ;
#2478 = DIRECTION ( 'NONE',  ( 1.000000000000000000, 0.000000000000000000, 0.000000000000000000 ) ) ;
#2479 = VERTEX_POINT ( 'NONE', #2249 ) ;
#2480 = EDGE_CURVE ( 'NONE', #174, #2851, #235, .T. ) ;
#2481 = EDGE_CURVE ( 'NONE', #913, #2448, #2356, .T. ) ;
#2482 = CLOSED_SHELL ( 'NONE', ( #1947, #670, #2488, #1304, #1870, #815, #15, #414, #969, #2019, #854, #1991, #2646, #1562, #223, #2809, #2165, #818, #545, #2882, #1779, #146, #678, #995, #427, #944, #151, #581, #1357, #620, #1373, #2680, #1965, #121, #1378, #1035, #1468, #2117, #133, #2650, #985, #663, #2178, #2164, #924, #1153, #2226, #1956, #2123, #160, #1199, #1642, #1818, #2028, #2070, #409, #2146, #1324, #1599, #1207, #51, #1835, #2312, #214, #664, #756, #2791, #1079, #2747, #645, #2579, #187, #958, #1652, #1807, #1322, #1690, #1542, #1179, #2788, #2800, #1763 ) ) ;
#2483 = DIRECTION ( 'NONE',  ( 0.000000000000000000, 0.000000000000000000, 1.000000000000000000 ) ) ;
#2484 = DIRECTION ( 'NONE',  ( -0.000000000000000000, -0.000000000000000000, -1.000000000000000000 ) ) ;
#2485 = CARTESIAN_POINT ( 'NONE',  ( -1.229999999999999760, -2.999999999999999112, 0.000000000000000000 ) ) ;
#2486 = VERTEX_POINT ( 'NONE', #2449 ) ;
#2487 = CYLINDRICAL_SURFACE ( 'NONE', #2922, 0.1700000000000000122 ) ;
#2488 = ADVANCED_FACE ( 'NONE', ( #847 ), #2236, .F. ) ;
#2489 = VERTEX_POINT ( 'NONE', #1319 ) ;
#2490 = ORIENTED_EDGE ( 'NONE', *, *, #1051, .T. ) ;
#2491 = DIRECTION ( 'NONE',  ( -0.000000000000000000, 0.000000000000000000, 1.000000000000000000 ) ) ;
#2492 = FACE_OUTER_BOUND ( 'NONE', #2048, .T. ) ;
#2493 = EDGE_LOOP ( 'NONE', ( #571, #2307, #2522, #439 ) ) ;
#2494 = AXIS2_PLACEMENT_3D ( 'NONE', #855, #1296, #2948 ) ;
#2495 = EDGE_CURVE ( 'NONE', #1138, #2448, #1757, .T. ) ;
#2496 = VERTEX_POINT ( 'NONE', #1559 ) ;
#2497 = DIRECTION ( 'NONE',  ( -0.000000000000000000, 0.000000000000000000, 1.000000000000000000 ) ) ;
#2498 = DIRECTION ( 'NONE',  ( 1.000000000000000000, 0.000000000000000000, 0.000000000000000000 ) ) ;
#2499 = CIRCLE ( 'NONE', #2740, 0.1700000000000000122 ) ;
#2500 = ORIENTED_EDGE ( 'NONE', *, *, #2568, .T. ) ;
#2501 = CARTESIAN_POINT ( 'NONE',  ( 1.399999999999999467, -1.999999999999999112, 0.2999999999999999889 ) ) ;
#2502 = ORIENTED_EDGE ( 'NONE', *, *, #1797, .T. ) ;
#2503 = CIRCLE ( 'NONE', #2168, 0.1000000000000000888 ) ;
#2504 = ORIENTED_EDGE ( 'NONE', *, *, #35, .F. ) ;
#2505 = DIRECTION ( 'NONE',  ( 1.000000000000000000, 0.000000000000000000, 0.000000000000000000 ) ) ;
#2506 = DIRECTION ( 'NONE',  ( -0.000000000000000000, -0.000000000000000000, -1.000000000000000000 ) ) ;
#2507 = EDGE_LOOP ( 'NONE', ( #960, #1101 ) ) ;
#2508 = ORIENTED_EDGE ( 'NONE', *, *, #1503, .F. ) ;
#2509 = ORIENTED_EDGE ( 'NONE', *, *, #84, .T. ) ;
#2510 = CARTESIAN_POINT ( 'NONE',  ( 5.553625596047541357, 8.877896369100044538, 0.2999999999999999889 ) ) ;
#2511 = CARTESIAN_POINT ( 'NONE',  ( 1.601473350801780215, 6.998570559987092210, 0.2999999999999999889 ) ) ;
#2512 = FACE_OUTER_BOUND ( 'NONE', #298, .T. ) ;
#2513 = EDGE_CURVE ( 'NONE', #2234, #2700, #1785, .T. ) ;
#2514 = EDGE_CURVE ( 'NONE', #1766, #511, #2216, .T. ) ;
#2515 = ORIENTED_EDGE ( 'NONE', *, *, #432, .F. ) ;
#2516 = LINE ( 'NONE', #2684, #1527 ) ;
#2517 = CARTESIAN_POINT ( 'NONE',  ( 0.4224040601249796634, 4.887775894410474997, 0.000000000000000000 ) ) ;
#2518 = ORIENTED_EDGE ( 'NONE', *, *, #2438, .T. ) ;
#2519 = CARTESIAN_POINT ( 'NONE',  ( -2.258879505620177586, 5.873086714612457016, 0.2999999999999999889 ) ) ;
#2520 = AXIS2_PLACEMENT_3D ( 'NONE', #329, #823, #1282 ) ;
#2521 = DIRECTION ( 'NONE',  ( -0.000000000000000000, 0.000000000000000000, 1.000000000000000000 ) ) ;
#2522 = ORIENTED_EDGE ( 'NONE', *, *, #2837, .T. ) ;
#2523 = EDGE_CURVE ( 'NONE', #470, #2819, #2465, .T. ) ;
#2524 = ORIENTED_EDGE ( 'NONE', *, *, #141, .F. ) ;
#2525 = CARTESIAN_POINT ( 'NONE',  ( 1.399999999999999467, -2.999999999999999112, 0.2999999999999999889 ) ) ;
#2526 = CARTESIAN_POINT ( 'NONE',  ( 1.399999999999999467, 1.000000000000000888, 0.000000000000000000 ) ) ;
#2527 = CARTESIAN_POINT ( 'NONE',  ( 0.000000000000000000, 0.000000000000000000, 0.000000000000000000 ) ) ;
#2528 = ORIENTED_EDGE ( 'NONE', *, *, #1826, .F. ) ;
#2529 = CARTESIAN_POINT ( 'NONE',  ( 5.617727688116653795, 0.000000000000000000, 0.2999999999999999889 ) ) ;
#2530 = CARTESIAN_POINT ( 'NONE',  ( 0.9093266739737031479, 7.224999999999980105, 0.8500000000000000888 ) ) ;
#2531 = EDGE_CURVE ( 'NONE', #2206, #913, #2024, .T. ) ;
#2532 = ORIENTED_EDGE ( 'NONE', *, *, #2523, .F. ) ;
#2533 = CARTESIAN_POINT ( 'NONE',  ( -0.1700000000000000122, 5.650000000000002132, 0.5999999999999999778 ) ) ;
#2534 = EDGE_CURVE ( 'NONE', #2159, #1482, #2116, .T. ) ;
#2535 = LINE ( 'NONE', #509, #175 ) ;
#2536 = ORIENTED_EDGE ( 'NONE', *, *, #321, .T. ) ;
#2537 = VECTOR ( 'NONE', #862, 100.0000000000000000 ) ;
#2538 = CIRCLE ( 'NONE', #2822, 0.1700000000000000122 ) ;
#2539 = ORIENTED_EDGE ( 'NONE', *, *, #2756, .T. ) ;
#2540 = DIRECTION ( 'NONE',  ( -1.000000000000000000, -1.443675383471039126E-15, 0.000000000000000000 ) ) ;
#2541 = CARTESIAN_POINT ( 'NONE',  ( -6.082272311883346383, 10.94262037481125915, 0.2999999999999999889 ) ) ;
#2542 = CIRCLE ( 'NONE', #2403, 0.1700000000000000122 ) ;
#2543 = ORIENTED_EDGE ( 'NONE', *, *, #1608, .T. ) ;
#2544 = CARTESIAN_POINT ( 'NONE',  ( -1.750000000000000222, 5.700000000000001066, 0.000000000000000000 ) ) ;
#2545 = CARTESIAN_POINT ( 'NONE',  ( 5.730000000000000426, 10.76034806292791224, 0.5999999999999999778 ) ) ;
#2546 = AXIS2_PLACEMENT_3D ( 'NONE', #2829, #1226, #375 ) ;
#2547 = VERTEX_POINT ( 'NONE', #1350 ) ;
#2548 = FACE_OUTER_BOUND ( 'NONE', #1055, .T. ) ;
#2549 = LINE ( 'NONE', #2563, #740 ) ;
#2550 = ORIENTED_EDGE ( 'NONE', *, *, #2904, .F. ) ;
#2551 = AXIS2_PLACEMENT_3D ( 'NONE', #1831, #961, #1604 ) ;
#2552 = EDGE_CURVE ( 'NONE', #96, #2489, #2265, .T. ) ;
#2553 = AXIS2_PLACEMENT_3D ( 'NONE', #1901, #2174, #2592 ) ;
#2554 = AXIS2_PLACEMENT_3D ( 'NONE', #1944, #364, #598 ) ;
#2555 = DIRECTION ( 'NONE',  ( -0.000000000000000000, -0.000000000000000000, -1.000000000000000000 ) ) ;
#2556 = FACE_BOUND ( 'NONE', #2606, .T. ) ;
#2557 = ORIENTED_EDGE ( 'NONE', *, *, #532, .F. ) ;
#2558 = CARTESIAN_POINT ( 'NONE',  ( -1.399999999999999911, 3.000000000000000444, 0.2999999999999999889 ) ) ;
#2559 = CARTESIAN_POINT ( 'NONE',  ( 1.750000000000000222, 4.500000000000000888, 0.5999999999999999778 ) ) ;
#2560 = EDGE_CURVE ( 'NONE', #1794, #1656, #2687, .T. ) ;
#2561 = ORIENTED_EDGE ( 'NONE', *, *, #936, .F. ) ;
#2562 = DIRECTION ( 'NONE',  ( -1.000000000000000000, 0.000000000000000000, 0.000000000000000000 ) ) ;
#2563 = CARTESIAN_POINT ( 'NONE',  ( -5.632272311883347093, 10.94262037481125915, 0.2999999999999999889 ) ) ;
#2564 = ORIENTED_EDGE ( 'NONE', *, *, #1447, .T. ) ;
#2565 = ORIENTED_EDGE ( 'NONE', *, *, #923, .T. ) ;
#2566 = EDGE_CURVE ( 'NONE', #2351, #1495, #1071, .T. ) ;
#2567 = CIRCLE ( 'NONE', #556, 0.1700000000000000122 ) ;
#2568 = EDGE_CURVE ( 'NONE', #2867, #1131, #541, .T. ) ;
#2569 = APPROVAL_ROLE ( '' ) ;
#2570 = EDGE_CURVE ( 'NONE', #183, #1936, #1787, .T. ) ;
#2571 = DIRECTION ( 'NONE',  ( -0.000000000000000000, 0.000000000000000000, 1.000000000000000000 ) ) ;
#2572 = PLANE ( 'NONE',  #2133 ) ;
#2573 = ORIENTED_EDGE ( 'NONE', *, *, #2481, .F. ) ;
#2574 = VECTOR ( 'NONE', #1257, 100.0000000000000000 ) ;
#2575 = CARTESIAN_POINT ( 'NONE',  ( 0.000000000000000000, -4.499999999999998224, 0.2999999999999999889 ) ) ;
#2576 = PLANE ( 'NONE',  #1567 ) ;
#2577 = VERTEX_POINT ( 'NONE', #2716 ) ;
#2578 = LINE ( 'NONE', #689, #2597 ) ;
#2579 = ADVANCED_FACE ( 'NONE', ( #1132 ), #2039, .T. ) ;
#2580 = LINE ( 'NONE', #1063, #122 ) ;
#2581 = EDGE_LOOP ( 'NONE', ( #2721, #632, #2127, #1886 ) ) ;
#2582 = ORIENTED_EDGE ( 'NONE', *, *, #2662, .T. ) ;
#2583 = LINE ( 'NONE', #2388, #1705 ) ;
#2584 = VECTOR ( 'NONE', #178, 100.0000000000000000 ) ;
#2585 = DIRECTION ( 'NONE',  ( 0.000000000000000000, 1.000000000000000000, -0.000000000000000000 ) ) ;
#2586 = FACE_OUTER_BOUND ( 'NONE', #2129, .T. ) ;
#2587 = EDGE_CURVE ( 'NONE', #566, #168, #1927, .T. ) ;
#2588 = VERTEX_POINT ( 'NONE', #1872 ) ;
#2589 = CARTESIAN_POINT ( 'NONE',  ( -1.229999999999999760, 3.000000000000000444, 0.2999999999999999889 ) ) ;
#2590 = DIRECTION ( 'NONE',  ( 1.000000000000000000, 0.000000000000000000, 0.000000000000000000 ) ) ;
#2591 = EDGE_LOOP ( 'NONE', ( #871, #2468, #2368, #1752 ) ) ;
#2592 = DIRECTION ( 'NONE',  ( 1.000000000000000000, 0.000000000000000000, 0.000000000000000000 ) ) ;
#2593 = CIRCLE ( 'NONE', #2405, 1.000000000000000222 ) ;
#2594 = EDGE_LOOP ( 'NONE', ( #2863, #1889, #2137, #1586 ) ) ;
#2595 = AXIS2_PLACEMENT_3D ( 'NONE', #2529, #2759, #2062 ) ;
#2596 = ORIENTED_EDGE ( 'NONE', *, *, #1734, .F. ) ;
#2597 = VECTOR ( 'NONE', #2349, 100.0000000000000000 ) ;
#2598 = DIRECTION ( 'NONE',  ( -3.944660595570344343E-16, 1.000000000000000000, 0.000000000000000000 ) ) ;
#2599 = DIRECTION ( 'NONE',  ( -1.000000000000000000, 0.000000000000000000, 0.000000000000000000 ) ) ;
#2600 = VECTOR ( 'NONE', #2204, 100.0000000000000000 ) ;
#2601 = DIRECTION ( 'NONE',  ( -1.000000000000000000, -0.000000000000000000, -0.000000000000000000 ) ) ;
#2602 = DIRECTION ( 'NONE',  ( -0.000000000000000000, -0.000000000000000000, -1.000000000000000000 ) ) ;
#2603 = ORIENTED_EDGE ( 'NONE', *, *, #2566, .T. ) ;
#2604 = CARTESIAN_POINT ( 'NONE',  ( -5.632272311883342653, -2.221740265220810884E-15, 0.2999999999999999889 ) ) ;
#2605 = DIRECTION ( 'NONE',  ( 1.000000000000000000, 0.000000000000000000, 0.000000000000000000 ) ) ;
#2606 = EDGE_LOOP ( 'NONE', ( #1231, #2252 ) ) ;
#2607 = CARTESIAN_POINT ( 'NONE',  ( -1.229999999999999760, -0.9999999999999990008, 0.000000000000000000 ) ) ;
#2608 = DIRECTION ( 'NONE',  ( -0.000000000000000000, 0.000000000000000000, 1.000000000000000000 ) ) ;
#2609 = ORIENTED_EDGE ( 'NONE', *, *, #2438, .F. ) ;
#2610 = ORIENTED_EDGE ( 'NONE', *, *, #759, .F. ) ;
#2611 = DIRECTION ( 'NONE',  ( -0.6391321492292240114, 0.7690969352569498874, 0.000000000000000000 ) ) ;
#2612 = FACE_OUTER_BOUND ( 'NONE', #2911, .T. ) ;
#2613 = EDGE_CURVE ( 'NONE', #1469, #222, #1647, .T. ) ;
#2614 = EDGE_CURVE ( 'NONE', #172, #694, #929, .T. ) ;
#2615 = VECTOR ( 'NONE', #1733, 100.0000000000000000 ) ;
#2616 = DIRECTION ( 'NONE',  ( 0.000000000000000000, -1.000000000000000000, 0.000000000000000000 ) ) ;
#2617 = DIRECTION ( 'NONE',  ( 1.000000000000000000, 0.000000000000000000, 0.000000000000000000 ) ) ;
#2618 = EDGE_LOOP ( 'NONE', ( #195, #389, #2490, #2947 ) ) ;
#2619 = LINE ( 'NONE', #564, #918 ) ;
#2620 = CYLINDRICAL_SURFACE ( 'NONE', #2765, 0.1700000000000000122 ) ;
#2621 = ORIENTED_EDGE ( 'NONE', *, *, #895, .F. ) ;
#2622 = DIRECTION ( 'NONE',  ( 0.000000000000000000, 0.000000000000000000, 1.000000000000000000 ) ) ;
#2623 = CIRCLE ( 'NONE', #330, 0.1700000000000000122 ) ;
#2624 = DIRECTION ( 'NONE',  ( -1.000000000000000000, 0.000000000000000000, 0.000000000000000000 ) ) ;
#2625 = ORIENTED_EDGE ( 'NONE', *, *, #1418, .T. ) ;
#2626 = EDGE_CURVE ( 'NONE', #413, #964, #2578, .T. ) ;
#2627 = VERTEX_POINT ( 'NONE', #2334 ) ;
#2628 = DIRECTION ( 'NONE',  ( 0.000000000000000000, 0.000000000000000000, 1.000000000000000000 ) ) ;
#2629 = DIRECTION ( 'NONE',  ( 0.000000000000000000, -0.000000000000000000, -1.000000000000000000 ) ) ;
#2630 = CARTESIAN_POINT ( 'NONE',  ( -1.569999999999999840, -2.999999999999999112, 0.2999999999999999889 ) ) ;
#2631 = CARTESIAN_POINT ( 'NONE',  ( 1.399999999999999467, -0.9999999999999987788, 0.000000000000000000 ) ) ;
#2632 = AXIS2_PLACEMENT_3D ( 'NONE', #2885, #2435, #2478 ) ;
#2633 = FACE_OUTER_BOUND ( 'NONE', #2618, .T. ) ;
#2634 = DIRECTION ( 'NONE',  ( -3.944660595570343850E-16, 1.000000000000000000, 0.000000000000000000 ) ) ;
#2635 = DIRECTION ( 'NONE',  ( 0.9366091053111260667, 0.3503760606095853714, 0.000000000000000000 ) ) ;
#2636 = EDGE_LOOP ( 'NONE', ( #1264, #2954, #2336, #1229 ) ) ;
#2637 = CARTESIAN_POINT ( 'NONE',  ( -2.400820698071054249, 6.942518199679442503, 0.5999999999999999778 ) ) ;
#2638 = DIRECTION ( 'NONE',  ( -0.000000000000000000, -0.000000000000000000, -1.000000000000000000 ) ) ;
#2639 = VERTEX_POINT ( 'NONE', #2790 ) ;
#2640 = AXIS2_PLACEMENT_3D ( 'NONE', #2920, #1327, #1536 ) ;
#2641 = VERTEX_POINT ( 'NONE', #11 ) ;
#2642 = AXIS2_PLACEMENT_3D ( 'NONE', #373, #2410, #360 ) ;
#2643 = CARTESIAN_POINT ( 'NONE',  ( -1.750000000000000222, -4.499999999999998224, 0.2999999999999999889 ) ) ;
#2644 = CARTESIAN_POINT ( 'NONE',  ( -1.983872316220359977, 5.303195863078978611, 0.2999999999999999889 ) ) ;
#2645 = AXIS2_PLACEMENT_3D ( 'NONE', #137, #1240, #363 ) ;
#2646 = ADVANCED_FACE ( 'NONE', ( #2548 ), #1144, .F. ) ;
#2647 = CARTESIAN_POINT ( 'NONE',  ( 0.9093266739737031479, 7.224999999999980105, 0.8500000000000000888 ) ) ;
#2648 = DIRECTION ( 'NONE',  ( 0.9748040140364170325, -0.2230630722878367278, 0.000000000000000000 ) ) ;
#2649 = AXIS2_PLACEMENT_3D ( 'NONE', #568, #800, #1753 ) ;
#2650 = ADVANCED_FACE ( 'NONE', ( #750 ), #467, .F. ) ;
#2651 = DIRECTION ( 'NONE',  ( -1.000000000000000000, 0.000000000000000000, 0.000000000000000000 ) ) ;
#2652 = CARTESIAN_POINT ( 'NONE',  ( 5.717727688116654328, 11.03171190698623860, 0.2999999999999999889 ) ) ;
#2653 = CARTESIAN_POINT ( 'NONE',  ( 1.229999999999999538, -3.999999999999996003, 0.2999999999999999889 ) ) ;
#2654 = ORIENTED_EDGE ( 'NONE', *, *, #630, .T. ) ;
#2655 = DIRECTION ( 'NONE',  ( -0.000000000000000000, 0.000000000000000000, 1.000000000000000000 ) ) ;
#2656 = EDGE_CURVE ( 'NONE', #291, #2231, #261, .T. ) ;
#2657 = ORIENTED_EDGE ( 'NONE', *, *, #2570, .T. ) ;
#2658 = ORIENTED_EDGE ( 'NONE', *, *, #2613, .F. ) ;
#2659 = LINE ( 'NONE', #1560, #1054 ) ;
#2660 = CARTESIAN_POINT ( 'NONE',  ( 1.079326673973703521, 7.224999999999980105, 0.2999999999999999889 ) ) ;
#2661 = EDGE_CURVE ( 'NONE', #2206, #1138, #2311, .T. ) ;
#2662 = EDGE_CURVE ( 'NONE', #710, #1106, #2694, .T. ) ;
#2663 = DIRECTION ( 'NONE',  ( 1.000000000000000000, 0.000000000000000000, 0.000000000000000000 ) ) ;
#2664 = CARTESIAN_POINT ( 'NONE',  ( 6.070000000000000284, 8.630348062927913233, 0.2999999999999999889 ) ) ;
#2665 = EDGE_CURVE ( 'NONE', #777, #1593, #2503, .T. ) ;
#2666 = CIRCLE ( 'NONE', #945, 0.1700000000000000122 ) ;
#2667 = DIRECTION ( 'NONE',  ( -1.000000000000000000, 0.000000000000000000, 0.000000000000000000 ) ) ;
#2668 = CYLINDRICAL_SURFACE ( 'NONE', #2314, 0.1700000000000000122 ) ;
#2669 = EDGE_LOOP ( 'NONE', ( #930, #204 ) ) ;
#2670 = CARTESIAN_POINT ( 'NONE',  ( 6.067727688116653084, 8.421986695411733947, 0.2999999999999999889 ) ) ;
#2671 = ORIENTED_EDGE ( 'NONE', *, *, #570, .T. ) ;
#2672 = EDGE_CURVE ( 'NONE', #2777, #1581, #1158, .T. ) ;
#2673 = VERTEX_POINT ( 'NONE', #70 ) ;
#2674 = CARTESIAN_POINT ( 'NONE',  ( 0.000000000000000000, 5.650000000000002132, 0.5999999999999999778 ) ) ;
#2675 = DIRECTION ( 'NONE',  ( -0.000000000000000000, -0.000000000000000000, -1.000000000000000000 ) ) ;
#2676 = ORIENTED_EDGE ( 'NONE', *, *, #1074, .F. ) ;
#2677 = FACE_OUTER_BOUND ( 'NONE', #2591, .T. ) ;
#2678 = CARTESIAN_POINT ( 'NONE',  ( 3.981432234456317776, 8.280348062927913588, 0.5999999999999999778 ) ) ;
#2679 = CARTESIAN_POINT ( 'NONE',  ( -5.900000000000000355, 10.76034806292791224, 0.2999999999999999889 ) ) ;
#2680 = ADVANCED_FACE ( 'NONE', ( #977 ), #935, .F. ) ;
#2681 = AXIS2_PLACEMENT_3D ( 'NONE', #1133, #2675, #2012 ) ;
#2682 = CIRCLE ( 'NONE', #1913, 0.1700000000000000122 ) ;
#2683 = VERTEX_POINT ( 'NONE', #1845 ) ;
#2684 = CARTESIAN_POINT ( 'NONE',  ( -1.230000000000000204, -3.999999999999996003, 0.2999999999999999889 ) ) ;
#2685 = ORIENTED_EDGE ( 'NONE', *, *, #1928, .F. ) ;
#2686 = VERTEX_POINT ( 'NONE', #1887 ) ;
#2687 = LINE ( 'NONE', #1545, #1443 ) ;
#2688 = FACE_OUTER_BOUND ( 'NONE', #1050, .T. ) ;
#2689 = ORIENTED_EDGE ( 'NONE', *, *, #513, .F. ) ;
#2690 = AXIS2_PLACEMENT_3D ( 'NONE', #696, #2555, #712 ) ;
#2691 = FACE_OUTER_BOUND ( 'NONE', #1458, .T. ) ;
#2692 = CYLINDRICAL_SURFACE ( 'NONE', #295, 0.1700000000000000122 ) ;
#2693 = LINE ( 'NONE', #1137, #2943 ) ;
#2694 = CIRCLE ( 'NONE', #491, 0.1700000000000000122 ) ;
#2695 = AXIS2_PLACEMENT_3D ( 'NONE', #539, #1004, #1918 ) ;
#2696 = ORIENTED_EDGE ( 'NONE', *, *, #748, .F. ) ;
#2697 = DIRECTION ( 'NONE',  ( 1.000000000000000000, 0.000000000000000000, 0.000000000000000000 ) ) ;
#2698 = EDGE_LOOP ( 'NONE', ( #1277, #946, #1979, #2432 ) ) ;
#2699 = EDGE_CURVE ( 'NONE', #1532, #2673, #730, .T. ) ;
#2700 = VERTEX_POINT ( 'NONE', #2533 ) ;
#2701 = DIRECTION ( 'NONE',  ( -0.000000000000000000, -0.000000000000000000, -1.000000000000000000 ) ) ;
#2702 = VECTOR ( 'NONE', #124, 100.0000000000000000 ) ;
#2703 = DIRECTION ( 'NONE',  ( -0.000000000000000000, 0.000000000000000000, 1.000000000000000000 ) ) ;
#2704 = ORIENTED_EDGE ( 'NONE', *, *, #2337, .F. ) ;
#2705 = EDGE_CURVE ( 'NONE', #1624, #2496, #494, .T. ) ;
#2706 = ORIENTED_EDGE ( 'NONE', *, *, #2289, .F. ) ;
#2707 = LINE ( 'NONE', #2057, #1996 ) ;
#2708 = FACE_OUTER_BOUND ( 'NONE', #2202, .T. ) ;
#2709 = DIRECTION ( 'NONE',  ( -0.000000000000000000, -0.000000000000000000, -1.000000000000000000 ) ) ;
#2710 = ORIENTED_EDGE ( 'NONE', *, *, #1908, .F. ) ;
#2711 = CARTESIAN_POINT ( 'NONE',  ( 4.017330142387205427, 8.287013502307607027, 0.2999999999999999889 ) ) ;
#2712 = AXIS2_PLACEMENT_3D ( 'NONE', #1457, #2374, #2183 ) ;
#2713 = ORIENTED_EDGE ( 'NONE', *, *, #224, .F. ) ;
#2714 = EDGE_CURVE ( 'NONE', #1691, #1112, #1930, .T. ) ;
#2715 = ORIENTED_EDGE ( 'NONE', *, *, #390, .T. ) ;
#2716 = CARTESIAN_POINT ( 'NONE',  ( 1.569999999999999618, -0.9999999999999987788, 0.000000000000000000 ) ) ;
#2717 = DIRECTION ( 'NONE',  ( -0.000000000000000000, 0.000000000000000000, 1.000000000000000000 ) ) ;
#2718 = ORIENTED_EDGE ( 'NONE', *, *, #1522, .T. ) ;
#2719 = EDGE_CURVE ( 'NONE', #1548, #642, #2795, .T. ) ;
#2720 = AXIS2_PLACEMENT_3D ( 'NONE', #2139, #1446, #2635 ) ;
#2721 = ORIENTED_EDGE ( 'NONE', *, *, #738, .T. ) ;
#2722 = PERSON_AND_ORGANIZATION ( #21, #1751 ) ;
#2723 = DIRECTION ( 'NONE',  ( 0.000000000000000000, 1.000000000000000000, 0.000000000000000000 ) ) ;
#2724 = DIRECTION ( 'NONE',  ( 0.000000000000000000, 0.000000000000000000, 1.000000000000000000 ) ) ;
#2725 = ORIENTED_EDGE ( 'NONE', *, *, #254, .F. ) ;
#2726 = DIRECTION ( 'NONE',  ( -0.000000000000000000, 0.000000000000000000, 1.000000000000000000 ) ) ;
#2727 = VECTOR ( 'NONE', #2598, 100.0000000000000000 ) ;
#2728 = EDGE_LOOP ( 'NONE', ( #2384, #2898 ) ) ;
#2729 = ORIENTED_EDGE ( 'NONE', *, *, #1490, .F. ) ;
#2730 = DIRECTION ( 'NONE',  ( 1.000000000000000000, 0.000000000000000000, 0.000000000000000000 ) ) ;
#2731 = DIRECTION ( 'NONE',  ( 1.000000000000000000, 0.000000000000000000, 0.000000000000000000 ) ) ;
#2732 = VERTEX_POINT ( 'NONE', #1406 ) ;
#2733 = EDGE_CURVE ( 'NONE', #1216, #1656, #276, .T. ) ;
#2734 = VECTOR ( 'NONE', #387, 100.0000000000000000 ) ;
#2735 = ORIENTED_EDGE ( 'NONE', *, *, #447, .F. ) ;
#2736 = DIRECTION ( 'NONE',  ( 1.000000000000000000, 0.000000000000000000, 0.000000000000000000 ) ) ;
#2737 = VECTOR ( 'NONE', #1456, 100.0000000000000000 ) ;
#2738 = DIRECTION ( 'NONE',  ( -0.000000000000000000, 0.000000000000000000, 1.000000000000000000 ) ) ;
#2739 = CARTESIAN_POINT ( 'NONE',  ( 1.399999999999999467, 1.000000000000000888, 0.2999999999999999889 ) ) ;
#2740 = AXIS2_PLACEMENT_3D ( 'NONE', #189, #2006, #643 ) ;
#2741 = ORIENTED_EDGE ( 'NONE', *, *, #2342, .F. ) ;
#2742 = DIRECTION ( 'NONE',  ( 0.000000000000000000, -0.000000000000000000, -1.000000000000000000 ) ) ;
#2743 = DIRECTION ( 'NONE',  ( -1.000000000000000000, 0.000000000000000000, 0.000000000000000000 ) ) ;
#2744 = AXIS2_PLACEMENT_3D ( 'NONE', #411, #1099, #2010 ) ;
#2745 = ORIENTED_EDGE ( 'NONE', *, *, #1280, .F. ) ;
#2746 = CARTESIAN_POINT ( 'NONE',  ( 1.399999999999999467, -0.9999999999999987788, 0.2999999999999999889 ) ) ;
#2747 = ADVANCED_FACE ( 'NONE', ( #2002 ), #318, .F. ) ;
#2748 = CARTESIAN_POINT ( 'NONE',  ( -0.4257497785096041043, 4.887775894410474997, 0.2999999999999999889 ) ) ;
#2749 = EDGE_LOOP ( 'NONE', ( #1919, #2561, #770, #2295 ) ) ;
#2750 = AXIS2_PLACEMENT_3D ( 'NONE', #841, #1975, #1475 ) ;
#2751 = ORIENTED_EDGE ( 'NONE', *, *, #1928, .T. ) ;
#2752 = EDGE_CURVE ( 'NONE', #777, #2686, #766, .T. ) ;
#2753 =( NAMED_UNIT ( * ) PLANE_ANGLE_UNIT ( ) SI_UNIT ( $, .RADIAN. ) );
#2754 = DIRECTION ( 'NONE',  ( -1.000000000000000000, 0.000000000000000000, 0.000000000000000000 ) ) ;
#2755 = CARTESIAN_POINT ( 'NONE',  ( 3.981432234456317776, 8.280348062927913588, 0.2999999999999999889 ) ) ;
#2756 = EDGE_CURVE ( 'NONE', #331, #216, #733, .T. ) ;
#2757 = ORIENTED_EDGE ( 'NONE', *, *, #1588, .T. ) ;
#2758 = LOCAL_TIME ( 19, 18, 56.00000000000000000, #1222 ) ;
#2759 = DIRECTION ( 'NONE',  ( 1.000000000000000000, -0.000000000000000000, 0.000000000000000000 ) ) ;
#2760 = CARTESIAN_POINT ( 'NONE',  ( -6.070000000000000284, 10.76034806292791224, 0.5999999999999999778 ) ) ;
#2761 = ORIENTED_EDGE ( 'NONE', *, *, #2480, .F. ) ;
#2762 = DIRECTION ( 'NONE',  ( -0.000000000000000000, 0.000000000000000000, 1.000000000000000000 ) ) ;
#2763 = DIRECTION ( 'NONE',  ( -1.000000000000000000, 0.000000000000000000, 0.000000000000000000 ) ) ;
#2764 = ORIENTED_EDGE ( 'NONE', *, *, #499, .F. ) ;
#2765 = AXIS2_PLACEMENT_3D ( 'NONE', #1674, #107, #812 ) ;
#2766 = ORIENTED_EDGE ( 'NONE', *, *, #2037, .F. ) ;
#2767 = CARTESIAN_POINT ( 'NONE',  ( -1.569999999999999840, 2.000000000000000888, 0.2999999999999999889 ) ) ;
#2768 = FACE_OUTER_BOUND ( 'NONE', #1756, .T. ) ;
#2769 = FACE_BOUND ( 'NONE', #555, .T. ) ;
#2770 = ORIENTED_EDGE ( 'NONE', *, *, #513, .T. ) ;
#2771 = DIRECTION ( 'NONE',  ( 1.000000000000000000, 0.000000000000000000, 0.000000000000000000 ) ) ;
#2772 = EDGE_CURVE ( 'NONE', #338, #1134, #118, .T. ) ;
#2773 = DIRECTION ( 'NONE',  ( 0.000000000000000000, 0.000000000000000000, -1.000000000000000000 ) ) ;
#2774 = VERTEX_POINT ( 'NONE', #639 ) ;
#2775 = DIRECTION ( 'NONE',  ( 1.000000000000000000, 0.000000000000000000, 0.000000000000000000 ) ) ;
#2776 = LINE ( 'NONE', #1605, #864 ) ;
#2777 = VERTEX_POINT ( 'NONE', #1037 ) ;
#2778 = AXIS2_PLACEMENT_3D ( 'NONE', #1547, #1320, #2467 ) ;
#2779 = PERSON_AND_ORGANIZATION_ROLE ( 'classification_officer' ) ;
#2780 = EDGE_CURVE ( 'NONE', #963, #65, #2852, .T. ) ;
#2781 = CARTESIAN_POINT ( 'NONE',  ( -6.082272311883346383, 11.04262037481126058, 0.5999999999999999778 ) ) ;
#2782 = AXIS2_PLACEMENT_3D ( 'NONE', #2017, #2497, #2457 ) ;
#2783 = CARTESIAN_POINT ( 'NONE',  ( 0.9093266739737031479, 7.224999999999980105, 0.5999999999999999778 ) ) ;
#2784 = AXIS2_PLACEMENT_3D ( 'NONE', #2149, #1668, #1252 ) ;
#2785 = ORIENTED_EDGE ( 'NONE', *, *, #553, .F. ) ;
#2786 = DIRECTION ( 'NONE',  ( -0.000000000000000000, 0.000000000000000000, 1.000000000000000000 ) ) ;
#2787 = CARTESIAN_POINT ( 'NONE',  ( -1.399999999999999911, -0.9999999999999990008, 0.2999999999999999889 ) ) ;
#2788 = ADVANCED_FACE ( 'NONE', ( #1722 ), #2919, .F. ) ;
#2789 = ORIENTED_EDGE ( 'NONE', *, *, #1634, .F. ) ;
#2790 = CARTESIAN_POINT ( 'NONE',  ( 1.750000000000000222, 6.006408686711816713, 0.2999999999999999889 ) ) ;
#2791 = ADVANCED_FACE ( 'NONE', ( #2691 ), #1707, .F. ) ;
#2792 = PLANE ( 'NONE',  #2944 ) ;
#2793 = EDGE_LOOP ( 'NONE', ( #1408, #1989 ) ) ;
#2794 = ORIENTED_EDGE ( 'NONE', *, *, #2661, .T. ) ;
#2795 = CIRCLE ( 'NONE', #593, 0.1700000000000000122 ) ;
#2796 = DATE_TIME_ROLE ( 'creation_date' ) ;
#2797 = AXIS2_PLACEMENT_3D ( 'NONE', #1093, #885, #212 ) ;
#2798 = DIRECTION ( 'NONE',  ( 1.000000000000000000, 0.000000000000000000, 0.000000000000000000 ) ) ;
#2799 = FACE_BOUND ( 'NONE', #419, .T. ) ;
#2800 = ADVANCED_FACE ( 'NONE', ( #799 ), #1243, .F. ) ;
#2801 = EDGE_LOOP ( 'NONE', ( #1897, #2689, #2103, #2917 ) ) ;
#2802 = CYLINDRICAL_SURFACE ( 'NONE', #66, 1.000000000000000222 ) ;
#2803 = DIRECTION ( 'NONE',  ( -1.000000000000000000, 0.000000000000000000, 0.000000000000000000 ) ) ;
#2804 = ORIENTED_EDGE ( 'NONE', *, *, #196, .F. ) ;
#2805 = CARTESIAN_POINT ( 'NONE',  ( -1.399999999999999911, 3.000000000000000444, 0.000000000000000000 ) ) ;
#2806 = LINE ( 'NONE', #1521, #2223 ) ;
#2807 = ORIENTED_EDGE ( 'NONE', *, *, #378, .T. ) ;
#2808 = EDGE_LOOP ( 'NONE', ( #1008, #1568, #176, #1390 ) ) ;
#2809 = ADVANCED_FACE ( 'NONE', ( #95 ), #2157, .F. ) ;
#2810 = PERSON_AND_ORGANIZATION_ROLE ( 'design_supplier' ) ;
#2811 = CYLINDRICAL_SURFACE ( 'NONE', #2690, 0.1700000000000000122 ) ;
#2812 = DIRECTION ( 'NONE',  ( 1.000000000000000000, 0.000000000000000000, 0.000000000000000000 ) ) ;
#2813 = ORIENTED_EDGE ( 'NONE', *, *, #1650, .T. ) ;
#2814 = DIRECTION ( 'NONE',  ( 0.000000000000000000, 0.000000000000000000, -1.000000000000000000 ) ) ;
#2815 = CARTESIAN_POINT ( 'NONE',  ( -0.1700000000000000122, 5.650000000000002132, 0.8500000000000000888 ) ) ;
#2816 = VERTEX_POINT ( 'NONE', #2607 ) ;
#2817 = CARTESIAN_POINT ( 'NONE',  ( -1.230000000000000204, 4.184155337929841812E-15, 0.2999999999999999889 ) ) ;
#2818 = EDGE_LOOP ( 'NONE', ( #1097, #569 ) ) ;
#2819 = VERTEX_POINT ( 'NONE', #1676 ) ;
#2820 = DIRECTION ( 'NONE',  ( 1.000000000000000000, 0.000000000000000000, 0.000000000000000000 ) ) ;
#2821 = AXIS2_PLACEMENT_3D ( 'NONE', #2021, #1139, #1374 ) ;
#2822 = AXIS2_PLACEMENT_3D ( 'NONE', #357, #1699, #1266 ) ;
#2823 = EDGE_CURVE ( 'NONE', #1770, #2627, #402, .T. ) ;
#2824 = DATE_AND_TIME ( #996, #2758 ) ;
#2825 = EDGE_CURVE ( 'NONE', #2479, #2686, #552, .T. ) ;
#2826 = DIRECTION ( 'NONE',  ( 1.000000000000000000, 0.000000000000000000, 0.000000000000000000 ) ) ;
#2827 = CARTESIAN_POINT ( 'NONE',  ( -1.570000000000000284, -3.999999999999996003, 0.2999999999999999889 ) ) ;
#2828 = EDGE_LOOP ( 'NONE', ( #2710, #392, #2804, #1321 ) ) ;
#2829 = CARTESIAN_POINT ( 'NONE',  ( 0.4224040601249796634, 5.887775894410474997, -0.7000000000000000666 ) ) ;
#2830 = CARTESIAN_POINT ( 'NONE',  ( 1.229999999999999538, -2.999999999999999112, 0.2999999999999999889 ) ) ;
#2831 = VECTOR ( 'NONE', #2229, 100.0000000000000000 ) ;
#2832 = ORIENTED_EDGE ( 'NONE', *, *, #443, .F. ) ;
#2833 = CARTESIAN_POINT ( 'NONE',  ( 0.9093266739737031479, 7.224999999999980105, 0.2999999999999999889 ) ) ;
#2834 = DIRECTION ( 'NONE',  ( 0.000000000000000000, 0.000000000000000000, -1.000000000000000000 ) ) ;
#2835 = VERTEX_POINT ( 'NONE', #2228 ) ;
#2836 = AXIS2_PLACEMENT_3D ( 'NONE', #1345, #2742, #2697 ) ;
#2837 = EDGE_CURVE ( 'NONE', #694, #168, #867, .T. ) ;
#2838 = ORIENTED_EDGE ( 'NONE', *, *, #2931, .T. ) ;
#2839 = DIRECTION ( 'NONE',  ( -0.000000000000000000, -0.000000000000000000, -1.000000000000000000 ) ) ;
#2840 = CARTESIAN_POINT ( 'NONE',  ( 1.601473350801780215, 6.998570559987092210, 0.5999999999999999778 ) ) ;
#2841 = COORDINATED_UNIVERSAL_TIME_OFFSET ( 5, 30, .AHEAD. ) ;
#2842 = CARTESIAN_POINT ( 'NONE',  ( -1.400000000000000133, 4.163336342344337027E-15, 0.2999999999999999889 ) ) ;
#2843 = DIRECTION ( 'NONE',  ( -1.000000000000000000, 0.000000000000000000, 0.000000000000000000 ) ) ;
#2844 = EDGE_CURVE ( 'NONE', #1871, #1740, #881, .T. ) ;
#2845 = EDGE_LOOP ( 'NONE', ( #506, #846, #2741, #2455 ) ) ;
#2846 = AXIS2_PLACEMENT_3D ( 'NONE', #626, #1613, #445 ) ;
#2847 = LINE ( 'NONE', #2604, #968 ) ;
#2848 = LINE ( 'NONE', #1493, #2196 ) ;
#2849 = EDGE_CURVE ( 'NONE', #829, #2076, #1499, .T. ) ;
#2850 = AXIS2_PLACEMENT_3D ( 'NONE', #1189, #1419, #674 ) ;
#2851 = VERTEX_POINT ( 'NONE', #1949 ) ;
#2852 = LINE ( 'NONE', #335, #358 ) ;
#2853 = LINE ( 'NONE', #614, #2110 ) ;
#2854 = VERTEX_POINT ( 'NONE', #2365 ) ;
#2855 = ORIENTED_EDGE ( 'NONE', *, *, #767, .T. ) ;
#2856 = DIRECTION ( 'NONE',  ( -0.000000000000000000, 0.000000000000000000, 1.000000000000000000 ) ) ;
#2857 = FACE_BOUND ( 'NONE', #1702, .T. ) ;
#2858 = CARTESIAN_POINT ( 'NONE',  ( 4.017330142387205427, 8.287013502307607027, 0.5999999999999999778 ) ) ;
#2859 = DIRECTION ( 'NONE',  ( 1.000000000000000000, 0.000000000000000000, 0.000000000000000000 ) ) ;
#2860 = FACE_OUTER_BOUND ( 'NONE', #1065, .T. ) ;
#2861 = DIRECTION ( 'NONE',  ( -1.000000000000000000, 0.000000000000000000, 0.000000000000000000 ) ) ;
#2862 = CARTESIAN_POINT ( 'NONE',  ( -5.632272311883346205, 8.733560568322646489, 0.5999999999999999778 ) ) ;
#2863 = ORIENTED_EDGE ( 'NONE', *, *, #2255, .F. ) ;
#2864 = CARTESIAN_POINT ( 'NONE',  ( -3.988704546339663537, 8.380348062927911457, 0.2999999999999999889 ) ) ;
#2865 = EDGE_CURVE ( 'NONE', #1978, #2227, #2068, .T. ) ;
#2866 = CARTESIAN_POINT ( 'NONE',  ( -5.554578619112132465, 8.636080166919004597, 0.5999999999999999778 ) ) ;
#2867 = VERTEX_POINT ( 'NONE', #814 ) ;
#2868 = ORIENTED_EDGE ( 'NONE', *, *, #870, .T. ) ;
#2869 = DIRECTION ( 'NONE',  ( 0.000000000000000000, -0.000000000000000000, 1.000000000000000000 ) ) ;
#2870 = DIRECTION ( 'NONE',  ( 0.000000000000000000, 0.000000000000000000, -1.000000000000000000 ) ) ;
#2871 = EDGE_CURVE ( 'NONE', #891, #668, #786, .T. ) ;
#2872 = CARTESIAN_POINT ( 'NONE',  ( 0.000000000000000000, 11.03171190698623860, 0.2999999999999999889 ) ) ;
#2873 = CARTESIAN_POINT ( 'NONE',  ( -4.011010853568447665, 8.282867661524271341, 0.2999999999999999889 ) ) ;
#2874 = CARTESIAN_POINT ( 'NONE',  ( -1.230000000000000204, 4.184155337929841812E-15, 0.2999999999999999889 ) ) ;
#2875 = DIRECTION ( 'NONE',  ( -1.000000000000000000, 0.000000000000000000, 0.000000000000000000 ) ) ;
#2876 = CARTESIAN_POINT ( 'NONE',  ( -1.750000000000000222, 0.000000000000000000, 0.000000000000000000 ) ) ;
#2877 = ORIENTED_EDGE ( 'NONE', *, *, #721, .T. ) ;
#2878 = CARTESIAN_POINT ( 'NONE',  ( 1.399999999999999467, 4.163336342344337027E-15, 0.000000000000000000 ) ) ;
#2879 = ORIENTED_EDGE ( 'NONE', *, *, #627, .T. ) ;
#2880 = VECTOR ( 'NONE', #1313, 100.0000000000000000 ) ;
#2881 = PRODUCT_DEFINITION ( 'UNKNOWN', '', #465, #1720 ) ;
#2882 = ADVANCED_FACE ( 'NONE', ( #1167 ), #428, .F. ) ;
#2883 = VERTEX_POINT ( 'NONE', #1850 ) ;
#2884 = VECTOR ( 'NONE', #2889, 100.0000000000000000 ) ;
#2885 = CARTESIAN_POINT ( 'NONE',  ( -1.400000000000000133, 4.163336342344337027E-15, 0.2999999999999999889 ) ) ;
#2886 = DIRECTION ( 'NONE',  ( 1.000000000000000000, 0.000000000000000000, 0.000000000000000000 ) ) ;
#2887 = CIRCLE ( 'NONE', #2836, 0.1000000000000000888 ) ;
#2888 = EDGE_CURVE ( 'NONE', #265, #191, #2025, .T. ) ;
#2889 = DIRECTION ( 'NONE',  ( 1.000000000000000000, 0.000000000000000000, 0.000000000000000000 ) ) ;
#2890 = FACE_BOUND ( 'NONE', #91, .T. ) ;
#2891 = CIRCLE ( 'NONE', #590, 0.1000000000000000888 ) ;
#2892 = CYLINDRICAL_SURFACE ( 'NONE', #1392, 0.1700000000000000122 ) ;
#2893 = CARTESIAN_POINT ( 'NONE',  ( -6.082272311883346383, 11.04262037481126058, 0.2999999999999999889 ) ) ;
#2894 = EDGE_CURVE ( 'NONE', #183, #174, #560, .T. ) ;
#2895 = AXIS2_PLACEMENT_3D ( 'NONE', #1152, #2258, #2059 ) ;
#2896 = ORIENTED_EDGE ( 'NONE', *, *, #2337, .T. ) ;
#2897 = DIRECTION ( 'NONE',  ( -0.000000000000000000, 0.000000000000000000, 1.000000000000000000 ) ) ;
#2898 = ORIENTED_EDGE ( 'NONE', *, *, #1195, .T. ) ;
#2899 = ORIENTED_EDGE ( 'NONE', *, *, #1051, .F. ) ;
#2900 = CARTESIAN_POINT ( 'NONE',  ( -1.399999999999999911, -1.999999999999999112, 0.000000000000000000 ) ) ;
#2901 = CARTESIAN_POINT ( 'NONE',  ( 1.399999999999999467, -2.999999999999999112, 0.2999999999999999889 ) ) ;
#2902 = CARTESIAN_POINT ( 'NONE',  ( -5.554578619112132465, 8.636080166919004597, 0.2999999999999999889 ) ) ;
#2903 = SECURITY_CLASSIFICATION ( '', '', #2088 ) ;
#2904 = EDGE_CURVE ( 'NONE', #469, #245, #2283, .T. ) ;
#2905 = CARTESIAN_POINT ( 'NONE',  ( 0.000000000000000000, 5.650000000000002132, 0.2999999999999999889 ) ) ;
#2906 = VECTOR ( 'NONE', #1045, 100.0000000000000000 ) ;
#2907 = DIRECTION ( 'NONE',  ( -1.000000000000000000, 0.000000000000000000, 0.000000000000000000 ) ) ;
#2908 = CARTESIAN_POINT ( 'NONE',  ( -1.400000000000000133, -3.999999999999996003, 0.2999999999999999889 ) ) ;
#2909 = ORIENTED_EDGE ( 'NONE', *, *, #2772, .T. ) ;
#2910 = CARTESIAN_POINT ( 'NONE',  ( 2.750000000000000444, 6.006408686711816713, 0.2999999999999999889 ) ) ;
#2911 = EDGE_LOOP ( 'NONE', ( #1200, #2120, #1382, #2685 ) ) ;
#2912 = CIRCLE ( 'NONE', #380, 0.1700000000000000122 ) ;
#2913 = EDGE_LOOP ( 'NONE', ( #234, #268, #161, #426 ) ) ;
#2914 = DIRECTION ( 'NONE',  ( 0.000000000000000000, 0.000000000000000000, 1.000000000000000000 ) ) ;
#2915 = DIRECTION ( 'NONE',  ( -0.000000000000000000, 0.000000000000000000, 1.000000000000000000 ) ) ;
#2916 = ORIENTED_EDGE ( 'NONE', *, *, #2433, .T. ) ;
#2917 = ORIENTED_EDGE ( 'NONE', *, *, #102, .T. ) ;
#2918 = EDGE_CURVE ( 'NONE', #2298, #842, #471, .T. ) ;
#2919 = PLANE ( 'NONE',  #638 ) ;
#2920 = CARTESIAN_POINT ( 'NONE',  ( -0.9093266739736218796, 7.225000000000020073, 0.8500000000000000888 ) ) ;
#2921 = CARTESIAN_POINT ( 'NONE',  ( -5.900000000000000355, 8.630348062927911457, 0.2999999999999999889 ) ) ;
#2922 = AXIS2_PLACEMENT_3D ( 'NONE', #1809, #462, #1331 ) ;
#2923 = CIRCLE ( 'NONE', #2390, 0.1700000000000000122 ) ;
#2924 = ORIENTED_EDGE ( 'NONE', *, *, #2552, .F. ) ;
#2925 = CYLINDRICAL_SURFACE ( 'NONE', #1209, 1.000000000000000222 ) ;
#2926 = ORIENTED_EDGE ( 'NONE', *, *, #2083, .F. ) ;
#2927 = ORIENTED_EDGE ( 'NONE', *, *, #698, .T. ) ;
#2928 = DIRECTION ( 'NONE',  ( -0.000000000000000000, 0.000000000000000000, -1.000000000000000000 ) ) ;
#2929 = DIRECTION ( 'NONE',  ( 0.000000000000000000, 0.000000000000000000, 1.000000000000000000 ) ) ;
#2930 = ORIENTED_EDGE ( 'NONE', *, *, #2714, .F. ) ;
#2931 = EDGE_CURVE ( 'NONE', #1740, #668, #2707, .T. ) ;
#2932 = CYLINDRICAL_SURFACE ( 'NONE', #2107, 0.1700000000000000122 ) ;
#2933 = CARTESIAN_POINT ( 'NONE',  ( 1.399999999999999467, -2.999999999999999112, 0.000000000000000000 ) ) ;
#2934 = AXIS2_PLACEMENT_3D ( 'NONE', #1377, #251, #2321 ) ;
#2935 = EDGE_CURVE ( 'NONE', #191, #511, #1340, .T. ) ;
#2936 = AXIS2_PLACEMENT_3D ( 'NONE', #18, #695, #1577 ) ;
#2937 = VERTEX_POINT ( 'NONE', #1383 ) ;
#2938 = DIRECTION ( 'NONE',  ( 1.000000000000000000, 0.000000000000000000, 0.000000000000000000 ) ) ;
#2939 = EDGE_CURVE ( 'NONE', #222, #2774, #1837, .T. ) ;
#2940 = ORIENTED_EDGE ( 'NONE', *, *, #311, .T. ) ;
#2941 = ORIENTED_EDGE ( 'NONE', *, *, #197, .F. ) ;
#2942 = DIRECTION ( 'NONE',  ( 1.000000000000000000, 0.000000000000000000, 0.000000000000000000 ) ) ;
#2943 = VECTOR ( 'NONE', #2272, 100.0000000000000000 ) ;
#2944 = AXIS2_PLACEMENT_3D ( 'NONE', #237, #2763, #2309 ) ;
#2945 = CYLINDRICAL_SURFACE ( 'NONE', #2681, 0.1700000000000000122 ) ;
#2946 = EDGE_LOOP ( 'NONE', ( #782, #75 ) ) ;
#2947 = ORIENTED_EDGE ( 'NONE', *, *, #180, .F. ) ;
#2948 = DIRECTION ( 'NONE',  ( 1.000000000000000000, 0.000000000000000000, 0.000000000000000000 ) ) ;
#2949 = DIRECTION ( 'NONE',  ( -0.000000000000000000, -0.000000000000000000, -1.000000000000000000 ) ) ;
#2950 = ORIENTED_EDGE ( 'NONE', *, *, #1557, .T. ) ;
#2951 = CYLINDRICAL_SURFACE ( 'NONE', #1539, 0.1700000000000000122 ) ;
#2952 = ORIENTED_EDGE ( 'NONE', *, *, #1738, .F. ) ;
#2953 = EDGE_CURVE ( 'NONE', #708, #1794, #1108, .T. ) ;
#2954 = ORIENTED_EDGE ( 'NONE', *, *, #2325, .T. ) ;
#2955 = CARTESIAN_POINT ( 'NONE',  ( -5.732272311883346738, 10.94262037481125915, 0.2999999999999999889 ) ) ;
#2956 = FACE_OUTER_BOUND ( 'NONE', #130, .T. ) ;
#2957 = EDGE_LOOP ( 'NONE', ( #55, #1903, #540, #2596 ) ) ;
ENDSEC;
END-ISO-10303-21;
