ISO-10303-21;
HEADER;
FILE_DESCRIPTION (( 'STEP AP203' ),
    '1' );
FILE_NAME ('CHASSIS FINAL Main Part 3D print.STEP',
    '2026-08-29T10:18:51',
    ( '' ),
    ( '' ),
    'SwSTEP 2.0',
    'SolidWorks 2026',
    '' );
FILE_SCHEMA (( 'CONFIG_CONTROL_DESIGN' ));
ENDSEC;

DATA;
#1 = ADVANCED_FACE ( 'NONE', ( #352 ), #915, .F. ) ;
#2 = CIRCLE ( 'NONE', #234, 0.1700000000000000122 ) ;
#3 = VECTOR ( 'NONE', #1138, 100.0000000000000000 ) ;
#4 = ORIENTED_EDGE ( 'NONE', *, *, #876, .T. ) ;
#5 = FACE_OUTER_BOUND ( 'NONE', #1044, .T. ) ;
#6 = DIRECTION ( 'NONE',  ( 0.000000000000000000, 0.000000000000000000, -1.000000000000000000 ) ) ;
#7 = VERTEX_POINT ( 'NONE', #121 ) ;
#8 = CARTESIAN_POINT ( 'NONE',  ( -2.480000000000000426, -3.149999999999999911, 0.2999999999999999889 ) ) ;
#9 = DIRECTION ( 'NONE',  ( 1.000000000000000000, 0.000000000000000000, 0.000000000000000000 ) ) ;
#10 = ORIENTED_EDGE ( 'NONE', *, *, #1769, .F. ) ;
#11 = CARTESIAN_POINT ( 'NONE',  ( -1.229999999999999760, -1.999999999999999778, 0.2999999999999999889 ) ) ;
#12 = AXIS2_PLACEMENT_3D ( 'NONE', #581, #1142, #1689 ) ;
#13 =( NAMED_UNIT ( * ) PLANE_ANGLE_UNIT ( ) SI_UNIT ( $, .RADIAN. ) );
#14 = ORIENTED_EDGE ( 'NONE', *, *, #166, .F. ) ;
#15 = ADVANCED_FACE ( 'NONE', ( #930 ), #1508, .F. ) ;
#16 = FACE_OUTER_BOUND ( 'NONE', #1597, .T. ) ;
#17 = EDGE_LOOP ( 'NONE', ( #408, #1367, #81, #1493 ) ) ;
#18 = CARTESIAN_POINT ( 'NONE',  ( -1.229999999999999760, 2.000000000000000444, 0.2999999999999999889 ) ) ;
#19 = PLANE ( 'NONE',  #124 ) ;
#20 = ORIENTED_EDGE ( 'NONE', *, *, #40, .F. ) ;
#21 = LINE ( 'NONE', #578, #440 ) ;
#22 = APPROVAL_ROLE ( '' ) ;
#23 = VERTEX_POINT ( 'NONE', #1357 ) ;
#24 = DIRECTION ( 'NONE',  ( 1.000000000000000000, 0.000000000000000000, 0.000000000000000000 ) ) ;
#25 = AXIS2_PLACEMENT_3D ( 'NONE', #1406, #1544, #1675 ) ;
#26 = CC_DESIGN_PERSON_AND_ORGANIZATION_ASSIGNMENT ( #1411, #763, ( #1110 ) ) ;
#27 = EDGE_CURVE ( 'NONE', #321, #437, #430, .T. ) ;
#28 = EDGE_LOOP ( 'NONE', ( #1528, #274, #1120, #1412 ) ) ;
#29 = LINE ( 'NONE', #1147, #1681 ) ;
#30 = DIRECTION ( 'NONE',  ( -0.000000000000000000, -0.000000000000000000, -1.000000000000000000 ) ) ;
#31 = ORIENTED_EDGE ( 'NONE', *, *, #1053, .T. ) ;
#32 = CARTESIAN_POINT ( 'NONE',  ( -2.650000000000000355, -3.149999999999999911, 0.2999999999999999889 ) ) ;
#33 = CIRCLE ( 'NONE', #1233, 0.1700000000000000122 ) ;
#34 = COORDINATED_UNIVERSAL_TIME_OFFSET ( 5, 30, .AHEAD. ) ;
#35 = EDGE_LOOP ( 'NONE', ( #1775, #118 ) ) ;
#36 = DIRECTION ( 'NONE',  ( -0.000000000000000000, -0.000000000000000000, -1.000000000000000000 ) ) ;
#37 = ORIENTED_EDGE ( 'NONE', *, *, #135, .T. ) ;
#38 = EDGE_CURVE ( 'NONE', #102, #1764, #1339, .T. ) ;
#39 = DIRECTION ( 'NONE',  ( 0.000000000000000000, 0.000000000000000000, 1.000000000000000000 ) ) ;
#40 = EDGE_CURVE ( 'NONE', #1154, #1305, #1511, .T. ) ;
#41 = DIRECTION ( 'NONE',  ( -0.000000000000000000, -0.000000000000000000, -1.000000000000000000 ) ) ;
#42 = CARTESIAN_POINT ( 'NONE',  ( 2.650000000000000799, 3.149999999999999911, 0.2999999999999999889 ) ) ;
#43 = VERTEX_POINT ( 'NONE', #233 ) ;
#44 = FACE_OUTER_BOUND ( 'NONE', #877, .T. ) ;
#45 = CIRCLE ( 'NONE', #1065, 0.1700000000000000122 ) ;
#46 = VERTEX_POINT ( 'NONE', #1336 ) ;
#47 = DIRECTION ( 'NONE',  ( 1.000000000000000000, 0.000000000000000000, 0.000000000000000000 ) ) ;
#48 = CARTESIAN_POINT ( 'NONE',  ( -5.150000000000000355, 1.500000000000000888, -0.1000000000000000056 ) ) ;
#49 = ADVANCED_FACE ( 'NONE', ( #83 ), #798, .F. ) ;
#50 = ORIENTED_EDGE ( 'NONE', *, *, #1200, .T. ) ;
#51 = DIRECTION ( 'NONE',  ( 0.000000000000000000, -0.000000000000000000, 1.000000000000000000 ) ) ;
#52 = VERTEX_POINT ( 'NONE', #1744 ) ;
#53 = CARTESIAN_POINT ( 'NONE',  ( -2.650000000000000355, -3.149999999999999911, 0.2999999999999999889 ) ) ;
#54 = AXIS2_PLACEMENT_3D ( 'NONE', #293, #1788, #134 ) ;
#55 = VERTEX_POINT ( 'NONE', #505 ) ;
#56 = CARTESIAN_POINT ( 'NONE',  ( 1.229999999999999760, 2.000000000000000444, 0.2999999999999999889 ) ) ;
#57 = CIRCLE ( 'NONE', #1708, 0.3499999999999996447 ) ;
#58 = FACE_OUTER_BOUND ( 'NONE', #198, .T. ) ;
#59 = ORIENTED_EDGE ( 'NONE', *, *, #967, .F. ) ;
#60 = LINE ( 'NONE', #590, #206 ) ;
#61 = EDGE_CURVE ( 'NONE', #46, #1466, #522, .T. ) ;
#62 = EDGE_LOOP ( 'NONE', ( #555, #657, #1542, #1382 ) ) ;
#63 = CARTESIAN_POINT ( 'NONE',  ( 4.600000000000000533, 0.8799999999999998934, -2.600000000000000089 ) ) ;
#64 = AXIS2_PLACEMENT_3D ( 'NONE', #1306, #1447, #1170 ) ;
#65 = AXIS2_PLACEMENT_3D ( 'NONE', #1259, #271, #1514 ) ;
#66 = VECTOR ( 'NONE', #1736, 100.0000000000000000 ) ;
#67 = ORIENTED_EDGE ( 'NONE', *, *, #620, .T. ) ;
#68 = MANIFOLD_SOLID_BREP ( 'Fillet8', #1424 ) ;
#69 = CARTESIAN_POINT ( 'NONE',  ( 5.150000000000000355, 1.499999999999998890, -0.5000000000000000000 ) ) ;
#70 = DIRECTION ( 'NONE',  ( 1.000000000000000000, 0.000000000000000000, 0.000000000000000000 ) ) ;
#71 = DIRECTION ( 'NONE',  ( 0.000000000000000000, 0.000000000000000000, -1.000000000000000000 ) ) ;
#72 = ORIENTED_EDGE ( 'NONE', *, *, #1759, .T. ) ;
#73 = CARTESIAN_POINT ( 'NONE',  ( 2.499999999999999556, -1.500000000000000222, -0.5000000000000000000 ) ) ;
#74 = CC_DESIGN_DATE_AND_TIME_ASSIGNMENT ( #591, #1402, ( #1790 ) ) ;
#75 = VERTEX_POINT ( 'NONE', #1631 ) ;
#76 = VECTOR ( 'NONE', #770, 100.0000000000000000 ) ;
#77 = FACE_BOUND ( 'NONE', #1060, .T. ) ;
#78 = APPLICATION_PROTOCOL_DEFINITION ( 'international standard', 'config_control_design', 1994, #921 ) ;
#79 = VERTEX_POINT ( 'NONE', #651 ) ;
#80 = DIRECTION ( 'NONE',  ( 1.000000000000000000, 0.000000000000000000, 0.000000000000000000 ) ) ;
#81 = ORIENTED_EDGE ( 'NONE', *, *, #1269, .T. ) ;
#82 = DIRECTION ( 'NONE',  ( -0.000000000000000000, 0.000000000000000000, 1.000000000000000000 ) ) ;
#83 = FACE_OUTER_BOUND ( 'NONE', #1343, .T. ) ;
#84 = CIRCLE ( 'NONE', #1763, 0.1700000000000000122 ) ;
#85 = EDGE_CURVE ( 'NONE', #1042, #706, #1771, .T. ) ;
#86 = CARTESIAN_POINT ( 'NONE',  ( -1.229999999999999760, -1.999999999999999778, 0.000000000000000000 ) ) ;
#87 = VECTOR ( 'NONE', #613, 100.0000000000000000 ) ;
#88 = LOCAL_TIME ( 15, 48, 51.00000000000000000, #34 ) ;
#89 = ORIENTED_EDGE ( 'NONE', *, *, #1454, .T. ) ;
#90 = DIRECTION ( 'NONE',  ( 1.000000000000000000, 0.000000000000000000, 0.000000000000000000 ) ) ;
#91 = EDGE_LOOP ( 'NONE', ( #1085, #976 ) ) ;
#92 = CARTESIAN_POINT ( 'NONE',  ( -1.229999999999999760, 2.000000000000000444, 0.000000000000000000 ) ) ;
#93 = DIRECTION ( 'NONE',  ( -0.000000000000000000, 0.000000000000000000, 1.000000000000000000 ) ) ;
#94 = DIRECTION ( 'NONE',  ( -1.000000000000000000, 0.000000000000000000, 0.000000000000000000 ) ) ;
#95 = AXIS2_PLACEMENT_3D ( 'NONE', #974, #1391, #150 ) ;
#96 = VECTOR ( 'NONE', #443, 100.0000000000000000 ) ;
#97 = EDGE_CURVE ( 'NONE', #1636, #187, #1092, .T. ) ;
#98 = FACE_BOUND ( 'NONE', #111, .T. ) ;
#99 = ADVANCED_FACE ( 'NONE', ( #951 ), #1658, .F. ) ;
#100 = ORIENTED_EDGE ( 'NONE', *, *, #1455, .T. ) ;
#101 = CARTESIAN_POINT ( 'NONE',  ( 4.600000000000000533, -0.8800000000000002265, -0.5000000000000001110 ) ) ;
#102 = VERTEX_POINT ( 'NONE', #128 ) ;
#103 = DIRECTION ( 'NONE',  ( -1.000000000000000000, 1.309225264888156377E-16, 0.000000000000000000 ) ) ;
#104 = CARTESIAN_POINT ( 'NONE',  ( -2.500000000000000000, -1.499999999999999334, 0.000000000000000000 ) ) ;
#105 = VERTEX_POINT ( 'NONE', #856 ) ;
#106 = DIRECTION ( 'NONE',  ( -1.000000000000000000, 0.000000000000000000, 0.000000000000000000 ) ) ;
#107 = ORIENTED_EDGE ( 'NONE', *, *, #1444, .T. ) ;
#108 = CARTESIAN_POINT ( 'NONE',  ( 4.480000000000000426, 0.8799999999999998934, -0.5000000000000001110 ) ) ;
#109 = EDGE_CURVE ( 'NONE', #526, #421, #723, .T. ) ;
#110 = EDGE_CURVE ( 'NONE', #1369, #619, #1482, .T. ) ;
#111 = EDGE_LOOP ( 'NONE', ( #31, #354 ) ) ;
#112 = CYLINDRICAL_SURFACE ( 'NONE', #879, 0.1199999999999999678 ) ;
#113 = ORIENTED_EDGE ( 'NONE', *, *, #1747, .T. ) ;
#114 = CARTESIAN_POINT ( 'NONE',  ( 2.480000000000000870, 3.149999999999999911, 0.000000000000000000 ) ) ;
#115 = VERTEX_POINT ( 'NONE', #1392 ) ;
#116 = FACE_BOUND ( 'NONE', #270, .T. ) ;
#117 = VECTOR ( 'NONE', #1589, 100.0000000000000000 ) ;
#118 = ORIENTED_EDGE ( 'NONE', *, *, #787, .F. ) ;
#119 = ADVANCED_FACE ( 'NONE', ( #984 ), #1551, .F. ) ;
#120 = FACE_OUTER_BOUND ( 'NONE', #1706, .T. ) ;
#121 = CARTESIAN_POINT ( 'NONE',  ( 2.820000000000001172, 3.149999999999999911, 0.2999999999999999889 ) ) ;
#122 = CARTESIAN_POINT ( 'NONE',  ( -5.500000000000000000, -1.149999999999998801, -0.1000000000000000056 ) ) ;
#123 = AXIS2_PLACEMENT_3D ( 'NONE', #1564, #308, #1031 ) ;
#124 = AXIS2_PLACEMENT_3D ( 'NONE', #174, #1006, #1709 ) ;
#125 = FACE_BOUND ( 'NONE', #1129, .T. ) ;
#126 = ORIENTED_EDGE ( 'NONE', *, *, #754, .F. ) ;
#127 = CARTESIAN_POINT ( 'NONE',  ( 2.999999999999999556, -1.500000000000000444, -0.1000000000000000056 ) ) ;
#128 = CARTESIAN_POINT ( 'NONE',  ( 1.569999999999999840, 2.000000000000000444, 0.2999999999999999889 ) ) ;
#129 = EDGE_CURVE ( 'NONE', #472, #1075, #1165, .T. ) ;
#130 = LINE ( 'NONE', #251, #1541 ) ;
#131 = DIRECTION ( 'NONE',  ( 2.312964634635742957E-16, 1.000000000000000000, 0.000000000000000000 ) ) ;
#132 = ORIENTED_EDGE ( 'NONE', *, *, #1579, .F. ) ;
#133 = DIRECTION ( 'NONE',  ( -0.000000000000000000, -0.000000000000000000, -1.000000000000000000 ) ) ;
#134 = DIRECTION ( 'NONE',  ( 1.000000000000000000, 0.000000000000000000, 0.000000000000000000 ) ) ;
#135 = EDGE_CURVE ( 'NONE', #1434, #589, #959, .T. ) ;
#136 = DIRECTION ( 'NONE',  ( 1.000000000000000000, 0.000000000000000000, 0.000000000000000000 ) ) ;
#137 = LINE ( 'NONE', #1652, #1087 ) ;
#138 = ORIENTED_EDGE ( 'NONE', *, *, #300, .T. ) ;
#139 = CARTESIAN_POINT ( 'NONE',  ( -2.500000000000000000, -1.499999999999999334, 0.000000000000000000 ) ) ;
#140 = CIRCLE ( 'NONE', #668, 0.1700000000000000122 ) ;
#141 = VERTEX_POINT ( 'NONE', #1100 ) ;
#142 = AXIS2_PLACEMENT_3D ( 'NONE', #708, #478, #1678 ) ;
#143 = DIRECTION ( 'NONE',  ( -0.000000000000000000, -0.000000000000000000, 1.000000000000000000 ) ) ;
#144 = VERTEX_POINT ( 'NONE', #1413 ) ;
#145 = CARTESIAN_POINT ( 'NONE',  ( -1.399999999999999911, -1.999999999999999778, 0.000000000000000000 ) ) ;
#146 = VECTOR ( 'NONE', #429, 100.0000000000000000 ) ;
#147 = DIRECTION ( 'NONE',  ( -1.000000000000000000, 1.309225264888156377E-16, 0.000000000000000000 ) ) ;
#148 = EDGE_CURVE ( 'NONE', #1764, #609, #1117, .T. ) ;
#149 = ORIENTED_EDGE ( 'NONE', *, *, #1146, .T. ) ;
#150 = DIRECTION ( 'NONE',  ( -1.000000000000000000, 0.000000000000000000, 0.000000000000000000 ) ) ;
#151 = CALENDAR_DATE ( 2026, 29, 8 ) ;
#152 = CARTESIAN_POINT ( 'NONE',  ( 1.229999999999999760, 2.000000000000000444, 0.2999999999999999889 ) ) ;
#153 = VERTEX_POINT ( 'NONE', #546 ) ;
#154 = CARTESIAN_POINT ( 'NONE',  ( -3.000000000000000444, -3.149999999999999911, 0.2999999999999999889 ) ) ;
#155 = CARTESIAN_POINT ( 'NONE',  ( -2.649999999999999467, 3.150000000000000799, 0.000000000000000000 ) ) ;
#156 = EDGE_LOOP ( 'NONE', ( #1169, #138, #396, #802 ) ) ;
#157 = CARTESIAN_POINT ( 'NONE',  ( -5.150000000000000355, 1.150000000000001021, -0.1000000000000000056 ) ) ;
#158 = ADVANCED_FACE ( 'NONE', ( #283 ), #1680, .T. ) ;
#159 = ORIENTED_EDGE ( 'NONE', *, *, #1421, .T. ) ;
#160 = DIRECTION ( 'NONE',  ( 0.000000000000000000, 0.000000000000000000, -1.000000000000000000 ) ) ;
#161 = ORIENTED_EDGE ( 'NONE', *, *, #912, .F. ) ;
#162 = DIRECTION ( 'NONE',  ( 1.000000000000000000, 0.000000000000000000, 0.000000000000000000 ) ) ;
#163 = CARTESIAN_POINT ( 'NONE',  ( 1.569999999999999840, 2.000000000000000444, 0.2999999999999999889 ) ) ;
#164 = ORIENTED_EDGE ( 'NONE', *, *, #1316, .F. ) ;
#165 = DIRECTION ( 'NONE',  ( -1.000000000000000000, 0.000000000000000000, 0.000000000000000000 ) ) ;
#166 = EDGE_CURVE ( 'NONE', #1151, #1767, #1311, .T. ) ;
#167 = ORIENTED_EDGE ( 'NONE', *, *, #1747, .F. ) ;
#168 = DIRECTION ( 'NONE',  ( 1.000000000000000000, 0.000000000000000000, 0.000000000000000000 ) ) ;
#169 = AXIS2_PLACEMENT_3D ( 'NONE', #1799, #237, #815 ) ;
#170 = AXIS2_PLACEMENT_3D ( 'NONE', #231, #93, #1751 ) ;
#171 = EDGE_CURVE ( 'NONE', #374, #1466, #563, .T. ) ;
#172 = ORIENTED_EDGE ( 'NONE', *, *, #732, .F. ) ;
#173 = DIRECTION ( 'NONE',  ( 0.000000000000000000, 0.000000000000000000, 1.000000000000000000 ) ) ;
#174 = CARTESIAN_POINT ( 'NONE',  ( 2.500000000000000000, -5.562129240433572407E-16, 0.000000000000000000 ) ) ;
#175 = EDGE_LOOP ( 'NONE', ( #1703, #1696, #662, #1088 ) ) ;
#176 = CARTESIAN_POINT ( 'NONE',  ( -2.650000000000000355, -3.149999999999999911, 0.000000000000000000 ) ) ;
#177 = AXIS2_PLACEMENT_3D ( 'NONE', #101, #803, #479 ) ;
#178 = ORIENTED_EDGE ( 'NONE', *, *, #643, .T. ) ;
#179 = DIRECTION ( 'NONE',  ( -0.000000000000000000, -0.000000000000000000, 1.000000000000000000 ) ) ;
#180 = EDGE_LOOP ( 'NONE', ( #1563, #1309, #1131, #265, #218, #864 ) ) ;
#181 = DIRECTION ( 'NONE',  ( 1.000000000000000000, 0.000000000000000000, 0.000000000000000000 ) ) ;
#182 = EDGE_CURVE ( 'NONE', #23, #900, #197, .T. ) ;
#183 = EDGE_CURVE ( 'NONE', #204, #7, #84, .T. ) ;
#184 = CARTESIAN_POINT ( 'NONE',  ( -4.479999999999999538, -0.8800000000000000044, -0.5000000000000001110 ) ) ;
#185 = VERTEX_POINT ( 'NONE', #1525 ) ;
#186 = CARTESIAN_POINT ( 'NONE',  ( 2.499999999999999556, -1.500000000000000222, -0.5000000000000000000 ) ) ;
#187 = VERTEX_POINT ( 'NONE', #1272 ) ;
#188 = CYLINDRICAL_SURFACE ( 'NONE', #1302, 0.3500000000000003109 ) ;
#189 = ORIENTED_EDGE ( 'NONE', *, *, #897, .T. ) ;
#190 = CARTESIAN_POINT ( 'NONE',  ( 2.479999999999999538, -3.149999999999999911, 0.2999999999999999889 ) ) ;
#191 = ADVANCED_FACE ( 'NONE', ( #16 ), #572, .T. ) ;
#192 = DIRECTION ( 'NONE',  ( -0.000000000000000000, 0.000000000000000000, 1.000000000000000000 ) ) ;
#193 = ORIENTED_EDGE ( 'NONE', *, *, #1093, .F. ) ;
#194 = DIRECTION ( 'NONE',  ( -0.000000000000000000, 0.000000000000000000, 1.000000000000000000 ) ) ;
#195 = ORIENTED_EDGE ( 'NONE', *, *, #97, .T. ) ;
#196 = CARTESIAN_POINT ( 'NONE',  ( 5.500000000000000000, -1.150000000000001021, -0.5000000000000000000 ) ) ;
#197 = CIRCLE ( 'NONE', #757, 0.1199999999999999678 ) ;
#198 = EDGE_LOOP ( 'NONE', ( #528, #1560, #860, #67 ) ) ;
#199 = VECTOR ( 'NONE', #448, 100.0000000000000000 ) ;
#200 = FACE_BOUND ( 'NONE', #1340, .T. ) ;
#201 = ORIENTED_EDGE ( 'NONE', *, *, #1468, .F. ) ;
#202 = CARTESIAN_POINT ( 'NONE',  ( -5.150000000000000355, 1.150000000000001021, 0.000000000000000000 ) ) ;
#203 = PRODUCT_RELATED_PRODUCT_CATEGORY ( 'detail', '', ( #1030 ) ) ;
#204 = VERTEX_POINT ( 'NONE', #436 ) ;
#205 = CARTESIAN_POINT ( 'NONE',  ( -4.599999999999999645, 0.8800000000000000044, -2.600000000000000089 ) ) ;
#206 = VECTOR ( 'NONE', #1152, 100.0000000000000000 ) ;
#207 = VECTOR ( 'NONE', #1071, 100.0000000000000000 ) ;
#208 = ORIENTED_EDGE ( 'NONE', *, *, #1791, .T. ) ;
#209 = LINE ( 'NONE', #898, #1580 ) ;
#210 = MECHANICAL_CONTEXT ( 'NONE', #722, 'mechanical' ) ;
#211 = ORIENTED_EDGE ( 'NONE', *, *, #519, .T. ) ;
#212 = CYLINDRICAL_SURFACE ( 'NONE', #1176, 0.3500000000000003109 ) ;
#213 = ORIENTED_EDGE ( 'NONE', *, *, #1432, .T. ) ;
#214 = ADVANCED_FACE ( 'NONE', ( #1132 ), #266, .F. ) ;
#215 = CARTESIAN_POINT ( 'NONE',  ( -4.582288427108547935E-16, -3.500000000000000888, 0.2999999999999999889 ) ) ;
#216 = CARTESIAN_POINT ( 'NONE',  ( -2.649999999999999467, 3.150000000000000799, 0.2999999999999999889 ) ) ;
#217 = CARTESIAN_POINT ( 'NONE',  ( 1.399999999999999911, -1.999999999999999778, 0.000000000000000000 ) ) ;
#218 = ORIENTED_EDGE ( 'NONE', *, *, #1713, .T. ) ;
#219 = PLANE ( 'NONE',  #1204 ) ;
#220 = VERTEX_POINT ( 'NONE', #830 ) ;
#221 = DIRECTION ( 'NONE',  ( -0.000000000000000000, 0.000000000000000000, 1.000000000000000000 ) ) ;
#222 = LINE ( 'NONE', #784, #492 ) ;
#223 = ADVANCED_FACE ( 'NONE', ( #273, #699, #824 ), #1182, .T. ) ;
#224 = DIRECTION ( 'NONE',  ( -0.000000000000000000, 0.000000000000000000, -1.000000000000000000 ) ) ;
#225 = EDGE_CURVE ( 'NONE', #250, #1495, #741, .T. ) ;
#226 = CARTESIAN_POINT ( 'NONE',  ( -1.569999999999999840, -1.999999999999999778, 0.2999999999999999889 ) ) ;
#227 = AXIS2_PLACEMENT_3D ( 'NONE', #524, #1083, #1633 ) ;
#228 = DIRECTION ( 'NONE',  ( -1.000000000000000000, 0.000000000000000000, 0.000000000000000000 ) ) ;
#229 = ORIENTED_EDGE ( 'NONE', *, *, #61, .T. ) ;
#230 = CARTESIAN_POINT ( 'NONE',  ( -2.999999999999999556, 1.500000000000000444, 0.000000000000000000 ) ) ;
#231 = CARTESIAN_POINT ( 'NONE',  ( -2.650000000000000355, -3.149999999999999911, 0.000000000000000000 ) ) ;
#232 = VECTOR ( 'NONE', #147, 100.0000000000000000 ) ;
#233 = CARTESIAN_POINT ( 'NONE',  ( 5.150000000000000355, 1.499999999999998890, -0.1000000000000000056 ) ) ;
#234 = AXIS2_PLACEMENT_3D ( 'NONE', #176, #1139, #1685 ) ;
#235 = CIRCLE ( 'NONE', #1403, 0.1199999999999999678 ) ;
#236 = ADVANCED_FACE ( 'NONE', ( #1299 ), #875, .T. ) ;
#237 = DIRECTION ( 'NONE',  ( -0.000000000000000000, 0.000000000000000000, 1.000000000000000000 ) ) ;
#238 = ORIENTED_EDGE ( 'NONE', *, *, #1512, .T. ) ;
#239 = FACE_BOUND ( 'NONE', #1267, .T. ) ;
#240 = VERTEX_POINT ( 'NONE', #593 ) ;
#241 = CARTESIAN_POINT ( 'NONE',  ( -2.819999999999999396, 3.150000000000000799, 0.2999999999999999889 ) ) ;
#242 = DIRECTION ( 'NONE',  ( 1.000000000000000000, 0.000000000000000000, 0.000000000000000000 ) ) ;
#243 = DIRECTION ( 'NONE',  ( -1.000000000000000000, 0.000000000000000000, 0.000000000000000000 ) ) ;
#244 = AXIS2_PLACEMENT_3D ( 'NONE', #894, #1567, #1173 ) ;
#245 = EDGE_CURVE ( 'NONE', #7, #220, #339, .T. ) ;
#246 = ORIENTED_EDGE ( 'NONE', *, *, #1246, .F. ) ;
#247 = CARTESIAN_POINT ( 'NONE',  ( 4.720000000000000639, 0.8799999999999998934, -0.1000000000000000056 ) ) ;
#248 = VERTEX_POINT ( 'NONE', #1012 ) ;
#249 = DIRECTION ( 'NONE',  ( 1.652117596168387756E-16, 1.000000000000000000, 0.000000000000000000 ) ) ;
#250 = VERTEX_POINT ( 'NONE', #903 ) ;
#251 = CARTESIAN_POINT ( 'NONE',  ( -4.479999999999999538, -0.8800000000000000044, -2.600000000000000089 ) ) ;
#252 = VECTOR ( 'NONE', #1036, 100.0000000000000000 ) ;
#253 = FACE_OUTER_BOUND ( 'NONE', #1163, .T. ) ;
#254 = ORIENTED_EDGE ( 'NONE', *, *, #1735, .F. ) ;
#255 = DIRECTION ( 'NONE',  ( -0.000000000000000000, -0.000000000000000000, -1.000000000000000000 ) ) ;
#256 = EDGE_CURVE ( 'NONE', #1319, #79, #1414, .T. ) ;
#257 = ADVANCED_FACE ( 'NONE', ( #731 ), #1318, .F. ) ;
#258 = DIRECTION ( 'NONE',  ( -0.000000000000000000, 0.000000000000000000, 1.000000000000000000 ) ) ;
#259 = CYLINDRICAL_SURFACE ( 'NONE', #1017, 0.1700000000000000122 ) ;
#260 = AXIS2_PLACEMENT_3D ( 'NONE', #432, #991, #1546 ) ;
#261 = DIRECTION ( 'NONE',  ( -0.000000000000000000, 0.000000000000000000, 1.000000000000000000 ) ) ;
#262 = ORIENTED_EDGE ( 'NONE', *, *, #404, .T. ) ;
#263 = DIRECTION ( 'NONE',  ( -0.000000000000000000, 0.000000000000000000, 1.000000000000000000 ) ) ;
#264 = EDGE_CURVE ( 'NONE', #1785, #1636, #567, .T. ) ;
#265 = ORIENTED_EDGE ( 'NONE', *, *, #1080, .T. ) ;
#266 = CYLINDRICAL_SURFACE ( 'NONE', #390, 0.1700000000000000122 ) ;
#267 = FACE_OUTER_BOUND ( 'NONE', #28, .T. ) ;
#268 = CIRCLE ( 'NONE', #503, 0.1700000000000000122 ) ;
#269 = DIRECTION ( 'NONE',  ( 0.000000000000000000, 0.000000000000000000, 1.000000000000000000 ) ) ;
#270 = EDGE_LOOP ( 'NONE', ( #1787, #394 ) ) ;
#271 = DIRECTION ( 'NONE',  ( 0.000000000000000000, -0.000000000000000000, -1.000000000000000000 ) ) ;
#272 = VERTEX_POINT ( 'NONE', #610 ) ;
#273 = FACE_BOUND ( 'NONE', #769, .T. ) ;
#274 = ORIENTED_EDGE ( 'NONE', *, *, #38, .T. ) ;
#275 = PLANE ( 'NONE',  #1457 ) ;
#276 = ADVANCED_FACE ( 'NONE', ( #1697 ), #188, .T. ) ;
#277 = LINE ( 'NONE', #413, #412 ) ;
#278 = ORIENTED_EDGE ( 'NONE', *, *, #1079, .T. ) ;
#279 = DIRECTION ( 'NONE',  ( -1.000000000000000000, 1.652117596168387756E-16, 0.000000000000000000 ) ) ;
#280 = VECTOR ( 'NONE', #1691, 100.0000000000000000 ) ;
#281 = LINE ( 'NONE', #1729, #1255 ) ;
#282 = ORIENTED_EDGE ( 'NONE', *, *, #540, .F. ) ;
#283 = FACE_OUTER_BOUND ( 'NONE', #1409, .T. ) ;
#284 = ORIENTED_EDGE ( 'NONE', *, *, #97, .F. ) ;
#285 = DIRECTION ( 'NONE',  ( 0.000000000000000000, -0.000000000000000000, 1.000000000000000000 ) ) ;
#286 = ADVANCED_FACE ( 'NONE', ( #1714 ), #313, .F. ) ;
#287 = CIRCLE ( 'NONE', #504, 0.1700000000000000122 ) ;
#288 = CYLINDRICAL_SURFACE ( 'NONE', #1178, 0.1199999999999999678 ) ;
#289 = ORIENTED_EDGE ( 'NONE', *, *, #1734, .T. ) ;
#290 = DIRECTION ( 'NONE',  ( 1.000000000000000000, 0.000000000000000000, 0.000000000000000000 ) ) ;
#291 = PERSON_AND_ORGANIZATION_ROLE ( 'design_supplier' ) ;
#292 = ORIENTED_EDGE ( 'NONE', *, *, #1226, .T. ) ;
#293 = CARTESIAN_POINT ( 'NONE',  ( 2.649999999999999467, -3.149999999999999911, 0.2999999999999999889 ) ) ;
#294 = EDGE_LOOP ( 'NONE', ( #14, #669 ) ) ;
#295 = DIRECTION ( 'NONE',  ( -0.000000000000000000, 0.000000000000000000, 1.000000000000000000 ) ) ;
#296 = LINE ( 'NONE', #999, #3 ) ;
#297 = ADVANCED_FACE ( 'NONE', ( #44 ), #1431, .F. ) ;
#298 = ORIENTED_EDGE ( 'NONE', *, *, #1347, .F. ) ;
#299 = CARTESIAN_POINT ( 'NONE',  ( 3.000000000000000444, 1.499999999999999334, 0.000000000000000000 ) ) ;
#300 = EDGE_CURVE ( 'NONE', #1613, #451, #622, .T. ) ;
#301 = VECTOR ( 'NONE', #805, 100.0000000000000000 ) ;
#302 = DATE_AND_TIME ( #625, #728 ) ;
#303 = EDGE_LOOP ( 'NONE', ( #431, #655 ) ) ;
#304 = DIRECTION ( 'NONE',  ( -1.000000000000000000, 2.753529326947312927E-16, -0.000000000000000000 ) ) ;
#305 = ORIENTED_EDGE ( 'NONE', *, *, #732, .T. ) ;
#306 = CARTESIAN_POINT ( 'NONE',  ( 2.650000000000000799, 3.149999999999999911, 0.2999999999999999889 ) ) ;
#307 = LINE ( 'NONE', #163, #1236 ) ;
#308 = DIRECTION ( 'NONE',  ( -0.000000000000000000, 0.000000000000000000, 1.000000000000000000 ) ) ;
#309 = AXIS2_PLACEMENT_3D ( 'NONE', #806, #224, #94 ) ;
#310 = ORIENTED_EDGE ( 'NONE', *, *, #256, .T. ) ;
#311 = EDGE_CURVE ( 'NONE', #487, #507, #513, .T. ) ;
#312 = EDGE_CURVE ( 'NONE', #115, #144, #1033, .T. ) ;
#313 = CYLINDRICAL_SURFACE ( 'NONE', #1530, 0.1700000000000000122 ) ;
#314 = AXIS2_PLACEMENT_3D ( 'NONE', #952, #1526, #136 ) ;
#315 = VERTEX_POINT ( 'NONE', #1308 ) ;
#316 = DIRECTION ( 'NONE',  ( -1.000000000000000000, 0.000000000000000000, 0.000000000000000000 ) ) ;
#317 = DIRECTION ( 'NONE',  ( -1.000000000000000000, 0.000000000000000000, -0.000000000000000000 ) ) ;
#318 = AXIS2_PLACEMENT_3D ( 'NONE', #1000, #715, #290 ) ;
#319 = DIRECTION ( 'NONE',  ( 2.312964634635742957E-16, 1.000000000000000000, 0.000000000000000000 ) ) ;
#320 = VECTOR ( 'NONE', #1105, 100.0000000000000000 ) ;
#321 = VERTEX_POINT ( 'NONE', #1724 ) ;
#322 = DIRECTION ( 'NONE',  ( 1.000000000000000000, 0.000000000000000000, 0.000000000000000000 ) ) ;
#323 = ADVANCED_FACE ( 'NONE', ( #1043 ), #750, .F. ) ;
#324 = ORIENTED_EDGE ( 'NONE', *, *, #495, .F. ) ;
#325 = LINE ( 'NONE', #1175, #1286 ) ;
#326 = CARTESIAN_POINT ( 'NONE',  ( 2.649999999999999467, -3.149999999999999911, 0.2999999999999999889 ) ) ;
#327 = ORIENTED_EDGE ( 'NONE', *, *, #1171, .T. ) ;
#328 = DIRECTION ( 'NONE',  ( -0.000000000000000000, 0.000000000000000000, 1.000000000000000000 ) ) ;
#329 = VERTEX_POINT ( 'NONE', #446 ) ;
#330 = DIRECTION ( 'NONE',  ( -1.000000000000000000, 0.000000000000000000, 0.000000000000000000 ) ) ;
#331 = AXIS2_PLACEMENT_3D ( 'NONE', #1023, #1576, #322 ) ;
#332 = ORIENTED_EDGE ( 'NONE', *, *, #643, .F. ) ;
#333 = DIRECTION ( 'NONE',  ( -2.312964634635742957E-16, -1.000000000000000000, -0.000000000000000000 ) ) ;
#334 = EDGE_CURVE ( 'NONE', #406, #717, #1003, .T. ) ;
#335 = DIRECTION ( 'NONE',  ( 1.000000000000000000, -2.618450529776312260E-16, 0.000000000000000000 ) ) ;
#336 = PERSON_AND_ORGANIZATION_ROLE ( 'creator' ) ;
#337 = LINE ( 'NONE', #1611, #1634 ) ;
#338 = ORIENTED_EDGE ( 'NONE', *, *, #685, .T. ) ;
#339 = LINE ( 'NONE', #601, #1384 ) ;
#340 = AXIS2_PLACEMENT_3D ( 'NONE', #867, #1707, #1683 ) ;
#341 = ORIENTED_EDGE ( 'NONE', *, *, #718, .T. ) ;
#342 = VECTOR ( 'NONE', #1221, 100.0000000000000000 ) ;
#343 = FACE_OUTER_BOUND ( 'NONE', #1552, .T. ) ;
#344 = EDGE_CURVE ( 'NONE', #187, #447, #628, .T. ) ;
#345 = EDGE_CURVE ( 'NONE', #406, #1613, #482, .T. ) ;
#346 = DIRECTION ( 'NONE',  ( 0.000000000000000000, 0.000000000000000000, 1.000000000000000000 ) ) ;
#347 = ORIENTED_EDGE ( 'NONE', *, *, #1598, .T. ) ;
#348 = FACE_BOUND ( 'NONE', #857, .T. ) ;
#349 = ORIENTED_EDGE ( 'NONE', *, *, #359, .T. ) ;
#350 = DIRECTION ( 'NONE',  ( -0.000000000000000000, -0.000000000000000000, -1.000000000000000000 ) ) ;
#351 = CIRCLE ( 'NONE', #908, 0.1700000000000000122 ) ;
#352 = FACE_OUTER_BOUND ( 'NONE', #1623, .T. ) ;
#353 = CARTESIAN_POINT ( 'NONE',  ( -3.000000000000000444, -1.499999999999999334, 0.000000000000000000 ) ) ;
#354 = ORIENTED_EDGE ( 'NONE', *, *, #1184, .T. ) ;
#355 = CARTESIAN_POINT ( 'NONE',  ( -5.150000000000000355, -1.149999999999999023, 0.000000000000000000 ) ) ;
#356 = EDGE_CURVE ( 'NONE', #1317, #1300, #1727, .T. ) ;
#357 = ORIENTED_EDGE ( 'NONE', *, *, #256, .F. ) ;
#358 = DIRECTION ( 'NONE',  ( -1.000000000000000000, 0.000000000000000000, 0.000000000000000000 ) ) ;
#359 = EDGE_CURVE ( 'NONE', #981, #1190, #1754, .T. ) ;
#360 = VECTOR ( 'NONE', #884, 100.0000000000000000 ) ;
#361 = ORIENTED_EDGE ( 'NONE', *, *, #1240, .F. ) ;
#362 = DIRECTION ( 'NONE',  ( -1.000000000000000000, 2.753529326947312927E-16, 0.000000000000000000 ) ) ;
#363 = DIRECTION ( 'NONE',  ( -2.312964634635742957E-16, -1.000000000000000000, 0.000000000000000000 ) ) ;
#364 = ORIENTED_EDGE ( 'NONE', *, *, #1396, .F. ) ;
#365 = DIRECTION ( 'NONE',  ( -0.000000000000000000, -0.000000000000000000, 1.000000000000000000 ) ) ;
#366 = FACE_OUTER_BOUND ( 'NONE', #62, .T. ) ;
#367 = APPROVAL ( #863, 'UNSPECIFIED' ) ;
#368 = EDGE_LOOP ( 'NONE', ( #172, #193, #1462, #1258 ) ) ;
#369 = AXIS2_PLACEMENT_3D ( 'NONE', #1540, #1385, #1245 ) ;
#370 = CARTESIAN_POINT ( 'NONE',  ( -3.000000000000000444, -1.499999999999999334, 0.000000000000000000 ) ) ;
#371 = VECTOR ( 'NONE', #928, 100.0000000000000000 ) ;
#372 = ORIENTED_EDGE ( 'NONE', *, *, #1348, .T. ) ;
#373 = CARTESIAN_POINT ( 'NONE',  ( 1.569999999999999840, -1.999999999999999778, 0.000000000000000000 ) ) ;
#374 = VERTEX_POINT ( 'NONE', #230 ) ;
#375 = DIRECTION ( 'NONE',  ( 0.000000000000000000, 0.000000000000000000, -1.000000000000000000 ) ) ;
#376 = CARTESIAN_POINT ( 'NONE',  ( -2.499999999999999556, 1.500000000000000444, 0.000000000000000000 ) ) ;
#377 = CIRCLE ( 'NONE', #260, 0.1199999999999999678 ) ;
#378 = EDGE_LOOP ( 'NONE', ( #1415, #573, #582, #1646 ) ) ;
#379 = EDGE_CURVE ( 'NONE', #720, #949, #629, .T. ) ;
#380 = VECTOR ( 'NONE', #319, 100.0000000000000000 ) ;
#381 = CIRCLE ( 'NONE', #1635, 0.1700000000000000122 ) ;
#382 = LINE ( 'NONE', #944, #1195 ) ;
#383 = ORIENTED_EDGE ( 'NONE', *, *, #1620, .T. ) ;
#384 = DIRECTION ( 'NONE',  ( 0.000000000000000000, 0.000000000000000000, -1.000000000000000000 ) ) ;
#385 = EDGE_LOOP ( 'NONE', ( #1749, #347, #1505, #1674 ) ) ;
#386 = CARTESIAN_POINT ( 'NONE',  ( 1.399999999999999911, -1.999999999999999778, 0.2999999999999999889 ) ) ;
#387 = ORIENTED_EDGE ( 'NONE', *, *, #1692, .T. ) ;
#388 = DIRECTION ( 'NONE',  ( 1.652117596168387756E-16, 1.000000000000000000, 0.000000000000000000 ) ) ;
#389 = DIRECTION ( 'NONE',  ( -0.000000000000000000, 0.000000000000000000, -1.000000000000000000 ) ) ;
#390 = AXIS2_PLACEMENT_3D ( 'NONE', #1517, #994, #1263 ) ;
#391 = DATE_AND_TIME ( #566, #816 ) ;
#392 = EDGE_CURVE ( 'NONE', #589, #1785, #1750, .T. ) ;
#393 = EDGE_CURVE ( 'NONE', #900, #23, #1158, .T. ) ;
#394 = ORIENTED_EDGE ( 'NONE', *, *, #379, .F. ) ;
#395 = DIRECTION ( 'NONE',  ( -0.000000000000000000, -0.000000000000000000, 1.000000000000000000 ) ) ;
#396 = ORIENTED_EDGE ( 'NONE', *, *, #1010, .T. ) ;
#397 = CARTESIAN_POINT ( 'NONE',  ( 2.650000000000000799, 3.149999999999999911, 0.000000000000000000 ) ) ;
#398 = VERTEX_POINT ( 'NONE', #241 ) ;
#399 = CARTESIAN_POINT ( 'NONE',  ( 4.600000000000000533, 0.8799999999999998934, -0.5000000000000001110 ) ) ;
#400 = VECTOR ( 'NONE', #1238, 100.0000000000000000 ) ;
#401 = CARTESIAN_POINT ( 'NONE',  ( 2.650000000000000799, 3.499999999999999556, 0.2999999999999999889 ) ) ;
#402 = VECTOR ( 'NONE', #849, 100.0000000000000000 ) ;
#403 = FACE_BOUND ( 'NONE', #1277, .T. ) ;
#404 = EDGE_CURVE ( 'NONE', #487, #526, #1067, .T. ) ;
#405 = LOCAL_TIME ( 15, 48, 51.00000000000000000, #1500 ) ;
#406 = VERTEX_POINT ( 'NONE', #511 ) ;
#407 = CARTESIAN_POINT ( 'NONE',  ( -3.000000000000000000, 4.956352788505164254E-16, 0.2999999999999999889 ) ) ;
#408 = ORIENTED_EDGE ( 'NONE', *, *, #40, .T. ) ;
#409 = DIRECTION ( 'NONE',  ( 1.000000000000000000, 0.000000000000000000, 0.000000000000000000 ) ) ;
#410 = DIRECTION ( 'NONE',  ( -0.000000000000000000, -0.000000000000000000, 1.000000000000000000 ) ) ;
#411 = VECTOR ( 'NONE', #697, 100.0000000000000000 ) ;
#412 = VECTOR ( 'NONE', #686, 100.0000000000000000 ) ;
#413 = CARTESIAN_POINT ( 'NONE',  ( -2.649999999999999467, 3.500000000000000888, 0.2999999999999999889 ) ) ;
#414 = VERTEX_POINT ( 'NONE', #1059 ) ;
#415 = ADVANCED_FACE ( 'NONE', ( #658 ), #776, .T. ) ;
#416 = DIRECTION ( 'NONE',  ( 0.000000000000000000, 0.000000000000000000, -1.000000000000000000 ) ) ;
#417 = EDGE_CURVE ( 'NONE', #204, #1437, #920, .T. ) ;
#418 = CARTESIAN_POINT ( 'NONE',  ( -4.582288427108547935E-16, -3.500000000000000888, 0.2999999999999999889 ) ) ;
#419 = CARTESIAN_POINT ( 'NONE',  ( 9.164576854217093898E-16, 3.500000000000000444, 0.2999999999999999889 ) ) ;
#420 = CARTESIAN_POINT ( 'NONE',  ( -5.150000000000000355, -1.499999999999999112, -0.1000000000000000056 ) ) ;
#421 = VERTEX_POINT ( 'NONE', #1344 ) ;
#422 = FACE_OUTER_BOUND ( 'NONE', #516, .T. ) ;
#423 = ORIENTED_EDGE ( 'NONE', *, *, #1672, .F. ) ;
#424 = DIRECTION ( 'NONE',  ( 0.000000000000000000, 0.000000000000000000, -1.000000000000000000 ) ) ;
#425 = EDGE_CURVE ( 'NONE', #1264, #1731, #1621, .T. ) ;
#426 = EDGE_CURVE ( 'NONE', #421, #526, #45, .T. ) ;
#427 = EDGE_LOOP ( 'NONE', ( #332, #1333, #1648, #282 ) ) ;
#428 = LINE ( 'NONE', #1534, #640 ) ;
#429 = DIRECTION ( 'NONE',  ( -0.000000000000000000, -0.000000000000000000, 1.000000000000000000 ) ) ;
#430 = CIRCLE ( 'NONE', #1452, 0.1700000000000000122 ) ;
#431 = ORIENTED_EDGE ( 'NONE', *, *, #1146, .F. ) ;
#432 = CARTESIAN_POINT ( 'NONE',  ( -4.599999999999999645, 0.8800000000000000044, -0.1000000000000000056 ) ) ;
#433 = VECTOR ( 'NONE', #410, 100.0000000000000000 ) ;
#434 = PERSON_AND_ORGANIZATION ( #597, #1739 ) ;
#435 = ORIENTED_EDGE ( 'NONE', *, *, #685, .F. ) ;
#436 = CARTESIAN_POINT ( 'NONE',  ( 2.480000000000000870, 3.149999999999999911, 0.2999999999999999889 ) ) ;
#437 = VERTEX_POINT ( 'NONE', #92 ) ;
#438 = EDGE_CURVE ( 'NONE', #740, #834, #268, .T. ) ;
#439 = DIRECTION ( 'NONE',  ( -0.000000000000000000, -0.000000000000000000, 1.000000000000000000 ) ) ;
#440 = VECTOR ( 'NONE', #363, 100.0000000000000000 ) ;
#441 = CARTESIAN_POINT ( 'NONE',  ( -1.229999999999999760, 2.000000000000000444, 0.2999999999999999889 ) ) ;
#442 = VECTOR ( 'NONE', #1210, 100.0000000000000000 ) ;
#443 = DIRECTION ( 'NONE',  ( 0.000000000000000000, 0.000000000000000000, -1.000000000000000000 ) ) ;
#444 = PERSON_AND_ORGANIZATION ( #597, #1739 ) ;
#445 = ORIENTED_EDGE ( 'NONE', *, *, #1183, .T. ) ;
#446 = CARTESIAN_POINT ( 'NONE',  ( -2.480000000000000426, -3.149999999999999911, 0.2999999999999999889 ) ) ;
#447 = VERTEX_POINT ( 'NONE', #1461 ) ;
#448 = DIRECTION ( 'NONE',  ( -0.000000000000000000, -0.000000000000000000, -1.000000000000000000 ) ) ;
#449 = FACE_OUTER_BOUND ( 'NONE', #1172, .T. ) ;
#450 = ADVANCED_FACE ( 'NONE', ( #1477 ), #112, .F. ) ;
#451 = VERTEX_POINT ( 'NONE', #1328 ) ;
#452 = CARTESIAN_POINT ( 'NONE',  ( 1.399999999999999911, -1.999999999999999778, 0.2999999999999999889 ) ) ;
#453 = VERTEX_POINT ( 'NONE', #73 ) ;
#454 = DIRECTION ( 'NONE',  ( -1.000000000000000000, 0.000000000000000000, 0.000000000000000000 ) ) ;
#455 = ORIENTED_EDGE ( 'NONE', *, *, #1522, .T. ) ;
#456 = DIRECTION ( 'NONE',  ( -0.000000000000000000, 0.000000000000000000, 1.000000000000000000 ) ) ;
#457 = CARTESIAN_POINT ( 'NONE',  ( 2.499999999999999556, -1.500000000000000222, 0.000000000000000000 ) ) ;
#458 = ORIENTED_EDGE ( 'NONE', *, *, #474, .T. ) ;
#459 = DIRECTION ( 'NONE',  ( -1.000000000000000000, 0.000000000000000000, 0.000000000000000000 ) ) ;
#460 = ADVANCED_FACE ( 'NONE', ( #1743 ), #648, .T. ) ;
#461 = ORIENTED_EDGE ( 'NONE', *, *, #1053, .F. ) ;
#462 = DIRECTION ( 'NONE',  ( 1.000000000000000000, 0.000000000000000000, 0.000000000000000000 ) ) ;
#463 = AXIS2_PLACEMENT_3D ( 'NONE', #979, #721, #1005 ) ;
#464 = APPROVAL_PERSON_ORGANIZATION ( #444, #1641, #22 ) ;
#465 = ORIENTED_EDGE ( 'NONE', *, *, #1022, .F. ) ;
#466 = CARTESIAN_POINT ( 'NONE',  ( -3.000000000000000000, 4.956352788505164254E-16, 0.000000000000000000 ) ) ;
#467 = CARTESIAN_POINT ( 'NONE',  ( -2.819999999999999396, 3.150000000000000799, 0.2999999999999999889 ) ) ;
#468 = AXIS2_PLACEMENT_3D ( 'NONE', #833, #809, #1535 ) ;
#469 = DIRECTION ( 'NONE',  ( -1.000000000000000000, 0.000000000000000000, 0.000000000000000000 ) ) ;
#470 = CIRCLE ( 'NONE', #1177, 0.3500000000000003109 ) ;
#471 = VECTOR ( 'NONE', #1167, 100.0000000000000000 ) ;
#472 = VERTEX_POINT ( 'NONE', #491 ) ;
#473 = DIRECTION ( 'NONE',  ( -1.000000000000000000, 0.000000000000000000, 0.000000000000000000 ) ) ;
#474 = EDGE_CURVE ( 'NONE', #834, #945, #1050, .T. ) ;
#475 = ORIENTED_EDGE ( 'NONE', *, *, #705, .T. ) ;
#476 = DIRECTION ( 'NONE',  ( -0.000000000000000000, 0.000000000000000000, 1.000000000000000000 ) ) ;
#477 = FACE_BOUND ( 'NONE', #544, .T. ) ;
#478 = DIRECTION ( 'NONE',  ( -0.000000000000000000, -0.000000000000000000, 1.000000000000000000 ) ) ;
#479 = DIRECTION ( 'NONE',  ( -1.000000000000000000, 0.000000000000000000, 0.000000000000000000 ) ) ;
#480 = ORIENTED_EDGE ( 'NONE', *, *, #822, .F. ) ;
#481 = CARTESIAN_POINT ( 'NONE',  ( 5.150000000000000355, 1.149999999999999023, 0.000000000000000000 ) ) ;
#482 = CIRCLE ( 'NONE', #712, 0.3500000000000003109 ) ;
#483 = ORIENTED_EDGE ( 'NONE', *, *, #135, .F. ) ;
#484 = EDGE_CURVE ( 'NONE', #187, #1122, #1261, .T. ) ;
#485 = DIRECTION ( 'NONE',  ( 1.000000000000000000, 0.000000000000000000, 0.000000000000000000 ) ) ;
#486 = DIRECTION ( 'NONE',  ( -0.000000000000000000, -0.000000000000000000, 1.000000000000000000 ) ) ;
#487 = VERTEX_POINT ( 'NONE', #554 ) ;
#488 = FACE_OUTER_BOUND ( 'NONE', #368, .T. ) ;
#489 = ORIENTED_EDGE ( 'NONE', *, *, #801, .F. ) ;
#490 = AXIS2_PLACEMENT_3D ( 'NONE', #660, #1488, #1498 ) ;
#491 = CARTESIAN_POINT ( 'NONE',  ( 2.999999999999999112, -3.149999999999999911, 0.000000000000000000 ) ) ;
#492 = VECTOR ( 'NONE', #1345, 100.0000000000000000 ) ;
#493 = ORIENTED_EDGE ( 'NONE', *, *, #1226, .F. ) ;
#494 = AXIS2_PLACEMENT_3D ( 'NONE', #729, #346, #70 ) ;
#495 = EDGE_CURVE ( 'NONE', #453, #1405, #1383, .T. ) ;
#496 = LINE ( 'NONE', #1349, #207 ) ;
#497 = APPROVAL_ROLE ( '' ) ;
#498 = EDGE_CURVE ( 'NONE', #696, #1013, #1607, .T. ) ;
#499 = ORIENTED_EDGE ( 'NONE', *, *, #1783, .T. ) ;
#500 = CARTESIAN_POINT ( 'NONE',  ( -1.399999999999999911, -1.999999999999999778, 0.2999999999999999889 ) ) ;
#501 = ORIENTED_EDGE ( 'NONE', *, *, #1454, .F. ) ;
#502 = CARTESIAN_POINT ( 'NONE',  ( -2.999999999999999112, 3.150000000000000799, 0.2999999999999999889 ) ) ;
#503 = AXIS2_PLACEMENT_3D ( 'NONE', #386, #82, #1364 ) ;
#504 = AXIS2_PLACEMENT_3D ( 'NONE', #452, #328, #617 ) ;
#505 = CARTESIAN_POINT ( 'NONE',  ( -2.649999999999999467, 3.500000000000000888, 0.000000000000000000 ) ) ;
#506 = CARTESIAN_POINT ( 'NONE',  ( -3.000000000000000444, -3.149999999999999911, 0.2999999999999999889 ) ) ;
#507 = VERTEX_POINT ( 'NONE', #1523 ) ;
#508 = CYLINDRICAL_SURFACE ( 'NONE', #1745, 0.1700000000000000122 ) ;
#509 = ADVANCED_FACE ( 'NONE', ( #5 ), #1655, .T. ) ;
#510 = ORIENTED_EDGE ( 'NONE', *, *, #1347, .T. ) ;
#511 = CARTESIAN_POINT ( 'NONE',  ( 5.150000000000000355, -1.500000000000000888, -0.1000000000000000056 ) ) ;
#512 = CARTESIAN_POINT ( 'NONE',  ( -2.479999999999999538, 3.150000000000000799, 0.2999999999999999889 ) ) ;
#513 = CIRCLE ( 'NONE', #331, 0.1700000000000000122 ) ;
#514 = CARTESIAN_POINT ( 'NONE',  ( -4.599999999999999645, -0.8800000000000000044, -2.600000000000000089 ) ) ;
#515 = DIRECTION ( 'NONE',  ( 1.000000000000000000, 0.000000000000000000, 0.000000000000000000 ) ) ;
#516 = EDGE_LOOP ( 'NONE', ( #1474, #749, #292, #602 ) ) ;
#517 = DIRECTION ( 'NONE',  ( -0.000000000000000000, 0.000000000000000000, 1.000000000000000000 ) ) ;
#518 = ORIENTED_EDGE ( 'NONE', *, *, #484, .F. ) ;
#519 = EDGE_CURVE ( 'NONE', #720, #1317, #561, .T. ) ;
#520 = CARTESIAN_POINT ( 'NONE',  ( -1.399999999999999911, -1.999999999999999778, 0.000000000000000000 ) ) ;
#521 = CARTESIAN_POINT ( 'NONE',  ( 5.500000000000000888, 1.499999999999998668, -0.1000000000000000056 ) ) ;
#522 = LINE ( 'NONE', #1615, #638 ) ;
#523 = AXIS2_PLACEMENT_3D ( 'NONE', #977, #1379, #1107 ) ;
#524 = CARTESIAN_POINT ( 'NONE',  ( -2.649999999999999467, 3.150000000000000799, 0.000000000000000000 ) ) ;
#525 = AXIS2_PLACEMENT_3D ( 'NONE', #702, #173, #47 ) ;
#526 = VERTEX_POINT ( 'NONE', #1529 ) ;
#527 = CARTESIAN_POINT ( 'NONE',  ( -1.569999999999999840, 2.000000000000000444, 0.2999999999999999889 ) ) ;
#528 = ORIENTED_EDGE ( 'NONE', *, *, #967, .T. ) ;
#529 = CARTESIAN_POINT ( 'NONE',  ( -4.479999999999999538, 0.8800000000000000044, -2.600000000000000089 ) ) ;
#530 = VECTOR ( 'NONE', #1467, 100.0000000000000000 ) ;
#531 = DIRECTION ( 'NONE',  ( -0.000000000000000000, -0.000000000000000000, -1.000000000000000000 ) ) ;
#532 = APPROVAL ( #1084, 'UNSPECIFIED' ) ;
#533 = AXIS2_PLACEMENT_3D ( 'NONE', #1436, #1417, #317 ) ;
#534 = CARTESIAN_POINT ( 'NONE',  ( -2.499999999999999556, 1.500000000000000444, 0.000000000000000000 ) ) ;
#535 = ORIENTED_EDGE ( 'NONE', *, *, #85, .T. ) ;
#536 = DIRECTION ( 'NONE',  ( 1.000000000000000000, 0.000000000000000000, 0.000000000000000000 ) ) ;
#537 = EDGE_LOOP ( 'NONE', ( #848, #357 ) ) ;
#538 = FACE_BOUND ( 'NONE', #294, .T. ) ;
#539 = CARTESIAN_POINT ( 'NONE',  ( -2.999999999999999556, 1.500000000000000444, 0.000000000000000000 ) ) ;
#540 = EDGE_CURVE ( 'NONE', #144, #1441, #1244, .T. ) ;
#541 = CARTESIAN_POINT ( 'NONE',  ( 2.500000000000000000, 1.499999999999999556, -0.5000000000000000000 ) ) ;
#542 = AXIS2_PLACEMENT_3D ( 'NONE', #1486, #1207, #665 ) ;
#543 = FACE_OUTER_BOUND ( 'NONE', #156, .T. ) ;
#544 = EDGE_LOOP ( 'NONE', ( #1104, #755 ) ) ;
#545 = LINE ( 'NONE', #569, #411 ) ;
#546 = CARTESIAN_POINT ( 'NONE',  ( 2.500000000000000000, 1.499999999999999556, -0.5000000000000000000 ) ) ;
#547 = AXIS2_PLACEMENT_3D ( 'NONE', #216, #922, #1479 ) ;
#548 = CARTESIAN_POINT ( 'NONE',  ( 5.150000000000000355, -1.500000000000000888, -0.1000000000000000056 ) ) ;
#549 = EDGE_CURVE ( 'NONE', #1434, #925, #545, .T. ) ;
#550 = AXIS2_PLACEMENT_3D ( 'NONE', #595, #1157, #316 ) ;
#551 = DIRECTION ( 'NONE',  ( 1.000000000000000000, 0.000000000000000000, 0.000000000000000000 ) ) ;
#552 = ADVANCED_FACE ( 'NONE', ( #812 ), #707, .T. ) ;
#553 = ORIENTED_EDGE ( 'NONE', *, *, #1501, .T. ) ;
#554 = CARTESIAN_POINT ( 'NONE',  ( 2.819999999999999396, -3.149999999999999911, 0.2999999999999999889 ) ) ;
#555 = ORIENTED_EDGE ( 'NONE', *, *, #876, .F. ) ;
#556 = DIRECTION ( 'NONE',  ( -0.000000000000000000, 0.000000000000000000, 1.000000000000000000 ) ) ;
#557 = LINE ( 'NONE', #419, #342 ) ;
#558 = VECTOR ( 'NONE', #779, 100.0000000000000000 ) ;
#559 = CARTESIAN_POINT ( 'NONE',  ( 5.500000000000000000, -1.382271722127551119E-15, 0.000000000000000000 ) ) ;
#560 = ORIENTED_EDGE ( 'NONE', *, *, #1734, .F. ) ;
#561 = LINE ( 'NONE', #11, #586 ) ;
#562 = EDGE_CURVE ( 'NONE', #374, #447, #1114, .T. ) ;
#563 = LINE ( 'NONE', #539, #868 ) ;
#564 = ORIENTED_EDGE ( 'NONE', *, *, #1759, .F. ) ;
#565 = CYLINDRICAL_SURFACE ( 'NONE', #463, 0.1199999999999999678 ) ;
#566 = CALENDAR_DATE ( 2026, 29, 8 ) ;
#567 = CIRCLE ( 'NONE', #890, 0.3500000000000003109 ) ;
#568 = PLANE ( 'NONE',  #533 ) ;
#569 = CARTESIAN_POINT ( 'NONE',  ( 3.000000000000000000, -8.260587980841938780E-16, 0.2999999999999999889 ) ) ;
#570 = EDGE_CURVE ( 'NONE', #240, #398, #1090, .T. ) ;
#571 = EDGE_LOOP ( 'NONE', ( #1418, #1237, #324, #1106, #1174, #1249 ) ) ;
#572 = PLANE ( 'NONE',  #986 ) ;
#573 = ORIENTED_EDGE ( 'NONE', *, *, #853, .T. ) ;
#574 = LINE ( 'NONE', #18, #199 ) ;
#575 = CARTESIAN_POINT ( 'NONE',  ( 1.399999999999999911, 2.000000000000000444, 0.2999999999999999889 ) ) ;
#576 = AXIS2_PLACEMENT_3D ( 'NONE', #1442, #476, #1356 ) ;
#577 = ORIENTED_EDGE ( 'NONE', *, *, #1791, .F. ) ;
#578 = CARTESIAN_POINT ( 'NONE',  ( -2.499999999999999556, 1.500000000000000444, -0.5000000000000000000 ) ) ;
#579 = CC_DESIGN_SECURITY_CLASSIFICATION ( #1110, ( #1371 ) ) ;
#580 = ORIENTED_EDGE ( 'NONE', *, *, #495, .T. ) ;
#581 = CARTESIAN_POINT ( 'NONE',  ( -2.650000000000000355, -3.149999999999999911, 0.2999999999999999889 ) ) ;
#582 = ORIENTED_EDGE ( 'NONE', *, *, #425, .T. ) ;
#583 = DIRECTION ( 'NONE',  ( -0.000000000000000000, 0.000000000000000000, 1.000000000000000000 ) ) ;
#584 = EDGE_CURVE ( 'NONE', #220, #1437, #1578, .T. ) ;
#585 = DESIGN_CONTEXT ( 'detailed design', #921, 'design' ) ;
#586 = VECTOR ( 'NONE', #255, 100.0000000000000000 ) ;
#587 = CIRCLE ( 'NONE', #64, 0.3500000000000003109 ) ;
#588 = FACE_BOUND ( 'NONE', #537, .T. ) ;
#589 = VERTEX_POINT ( 'NONE', #1664 ) ;
#590 = CARTESIAN_POINT ( 'NONE',  ( -4.719999999999998863, 0.8800000000000000044, -2.600000000000000089 ) ) ;
#591 = DATE_AND_TIME ( #151, #88 ) ;
#592 = ORIENTED_EDGE ( 'NONE', *, *, #777, .T. ) ;
#593 = CARTESIAN_POINT ( 'NONE',  ( -2.479999999999999538, 3.150000000000000799, 0.2999999999999999889 ) ) ;
#594 = ORIENTED_EDGE ( 'NONE', *, *, #1045, .T. ) ;
#595 = CARTESIAN_POINT ( 'NONE',  ( -5.150000000000000355, 1.150000000000001021, -0.5000000000000000000 ) ) ;
#596 = ADVANCED_FACE ( 'NONE', ( #538, #844, #120 ), #1677, .F. ) ;
#597 = PERSON ( 'UNSPECIFIED', 'UNSPECIFIED', 'UNSPECIFIED', ('UNSPECIFIED'), ('UNSPECIFIED'), ('UNSPECIFIED') ) ;
#598 = DIRECTION ( 'NONE',  ( -1.000000000000000000, 0.000000000000000000, 0.000000000000000000 ) ) ;
#599 = LINE ( 'NONE', #606, #1055 ) ;
#600 = EDGE_LOOP ( 'NONE', ( #1721, #1793, #1458, #361, #195, #1568, #733, #1593 ) ) ;
#601 = CARTESIAN_POINT ( 'NONE',  ( 2.820000000000001172, 3.149999999999999911, 0.2999999999999999889 ) ) ;
#602 = ORIENTED_EDGE ( 'NONE', *, *, #356, .F. ) ;
#603 = LINE ( 'NONE', #987, #929 ) ;
#604 = FACE_OUTER_BOUND ( 'NONE', #891, .T. ) ;
#605 = ORIENTED_EDGE ( 'NONE', *, *, #1215, .F. ) ;
#606 = CARTESIAN_POINT ( 'NONE',  ( -2.650000000000000355, -3.500000000000000444, 0.2999999999999999889 ) ) ;
#607 = AXIS2_PLACEMENT_3D ( 'NONE', #961, #143, #1780 ) ;
#608 = ADVANCED_FACE ( 'NONE', ( #422 ), #1506, .F. ) ;
#609 = VERTEX_POINT ( 'NONE', #1098 ) ;
#610 = CARTESIAN_POINT ( 'NONE',  ( -5.499999999999999112, 1.150000000000001021, -0.1000000000000000056 ) ) ;
#611 = AXIS2_PLACEMENT_3D ( 'NONE', #1782, #1642, #1789 ) ;
#612 = ORIENTED_EDGE ( 'NONE', *, *, #27, .F. ) ;
#613 = DIRECTION ( 'NONE',  ( -0.000000000000000000, -0.000000000000000000, -1.000000000000000000 ) ) ;
#614 = DIRECTION ( 'NONE',  ( 1.000000000000000000, 0.000000000000000000, 0.000000000000000000 ) ) ;
#615 = CIRCLE ( 'NONE', #123, 0.1700000000000000122 ) ;
#616 = ORIENTED_EDGE ( 'NONE', *, *, #1612, .T. ) ;
#617 = DIRECTION ( 'NONE',  ( 1.000000000000000000, 0.000000000000000000, 0.000000000000000000 ) ) ;
#618 = AXIS2_PLACEMENT_3D ( 'NONE', #155, #1572, #9 ) ;
#619 = VERTEX_POINT ( 'NONE', #1786 ) ;
#620 = EDGE_CURVE ( 'NONE', #1469, #1390, #1647, .T. ) ;
#621 = EDGE_CURVE ( 'NONE', #1602, #717, #958, .T. ) ;
#622 = LINE ( 'NONE', #196, #746 ) ;
#623 = VERTEX_POINT ( 'NONE', #966 ) ;
#624 = CARTESIAN_POINT ( 'NONE',  ( 9.164576854217093898E-16, 3.500000000000000444, 0.2999999999999999889 ) ) ;
#625 = CALENDAR_DATE ( 2026, 29, 8 ) ;
#626 = DIRECTION ( 'NONE',  ( -1.000000000000000000, 0.000000000000000000, -0.000000000000000000 ) ) ;
#627 = ORIENTED_EDGE ( 'NONE', *, *, #570, .F. ) ;
#628 = LINE ( 'NONE', #502, #1273 ) ;
#629 = CIRCLE ( 'NONE', #1216, 0.1700000000000000122 ) ;
#630 = ADVANCED_FACE ( 'NONE', ( #688 ), #1794, .F. ) ;
#631 = ORIENTED_EDGE ( 'NONE', *, *, #621, .F. ) ;
#632 = EDGE_CURVE ( 'NONE', #1495, #52, #2, .T. ) ;
#633 = CARTESIAN_POINT ( 'NONE',  ( -2.649999999999999467, 3.150000000000000799, 0.2999999999999999889 ) ) ;
#634 = CALENDAR_DATE ( 2026, 29, 8 ) ;
#635 = ORIENTED_EDGE ( 'NONE', *, *, #1093, .T. ) ;
#636 = DIRECTION ( 'NONE',  ( -0.000000000000000000, -0.000000000000000000, 1.000000000000000000 ) ) ;
#637 = ORIENTED_EDGE ( 'NONE', *, *, #584, .F. ) ;
#638 = VECTOR ( 'NONE', #1220, 100.0000000000000000 ) ;
#639 = DIRECTION ( 'NONE',  ( 1.000000000000000000, 0.000000000000000000, 0.000000000000000000 ) ) ;
#640 = VECTOR ( 'NONE', #439, 100.0000000000000000 ) ;
#641 = CARTESIAN_POINT ( 'NONE',  ( 1.399999999999999911, -1.999999999999999778, 0.2999999999999999889 ) ) ;
#642 = CC_DESIGN_PERSON_AND_ORGANIZATION_ASSIGNMENT ( #1193, #1738, ( #1790 ) ) ;
#643 = EDGE_CURVE ( 'NONE', #706, #144, #470, .T. ) ;
#644 = DIRECTION ( 'NONE',  ( -0.000000000000000000, -0.000000000000000000, -1.000000000000000000 ) ) ;
#645 = EDGE_LOOP ( 'NONE', ( #213, #1004 ) ) ;
#646 = DIRECTION ( 'NONE',  ( -1.000000000000000000, 0.000000000000000000, 0.000000000000000000 ) ) ;
#647 = ORIENTED_EDGE ( 'NONE', *, *, #570, .T. ) ;
#648 = PLANE ( 'NONE',  #938 ) ;
#649 = AXIS2_PLACEMENT_3D ( 'NONE', #407, #279, #1377 ) ;
#650 = CARTESIAN_POINT ( 'NONE',  ( -5.150000000000000355, 1.500000000000000888, -0.1000000000000000056 ) ) ;
#651 = CARTESIAN_POINT ( 'NONE',  ( 4.720000000000000639, -0.8800000000000002265, -0.1000000000000000056 ) ) ;
#652 = DIRECTION ( 'NONE',  ( -0.000000000000000000, 0.000000000000000000, 1.000000000000000000 ) ) ;
#653 = DATE_TIME_ROLE ( 'classification_date' ) ;
#654 = EDGE_CURVE ( 'NONE', #453, #153, #1315, .T. ) ;
#655 = ORIENTED_EDGE ( 'NONE', *, *, #853, .F. ) ;
#656 = CYLINDRICAL_SURFACE ( 'NONE', #847, 0.3500000000000003109 ) ;
#657 = ORIENTED_EDGE ( 'NONE', *, *, #498, .T. ) ;
#658 = FACE_OUTER_BOUND ( 'NONE', #1196, .T. ) ;
#659 = FACE_OUTER_BOUND ( 'NONE', #866, .T. ) ;
#660 = CARTESIAN_POINT ( 'NONE',  ( 1.399999999999999911, 2.000000000000000444, 0.2999999999999999889 ) ) ;
#661 = DIRECTION ( 'NONE',  ( -1.000000000000000000, 0.000000000000000000, 0.000000000000000000 ) ) ;
#662 = ORIENTED_EDGE ( 'NONE', *, *, #264, .T. ) ;
#663 = CARTESIAN_POINT ( 'NONE',  ( 3.000000000000000888, 3.149999999999999911, 0.2999999999999999889 ) ) ;
#664 = ORIENTED_EDGE ( 'NONE', *, *, #426, .T. ) ;
#665 = DIRECTION ( 'NONE',  ( 1.000000000000000000, 0.000000000000000000, 0.000000000000000000 ) ) ;
#666 = DIRECTION ( 'NONE',  ( -1.000000000000000000, 0.000000000000000000, 0.000000000000000000 ) ) ;
#667 = DIRECTION ( 'NONE',  ( 2.753529326947312927E-16, 1.000000000000000000, 0.000000000000000000 ) ) ;
#668 = AXIS2_PLACEMENT_3D ( 'NONE', #1553, #295, #1416 ) ;
#669 = ORIENTED_EDGE ( 'NONE', *, *, #1269, .F. ) ;
#670 = DIRECTION ( 'NONE',  ( -0.000000000000000000, 0.000000000000000000, 1.000000000000000000 ) ) ;
#671 = EDGE_LOOP ( 'NONE', ( #580, #1777, #1229, #132, #423, #1425 ) ) ;
#672 = DIRECTION ( 'NONE',  ( -1.000000000000000000, 0.000000000000000000, 0.000000000000000000 ) ) ;
#673 = ADVANCED_FACE ( 'NONE', ( #1419 ), #1410, .F. ) ;
#674 = AXIS2_PLACEMENT_3D ( 'NONE', #964, #670, #1232 ) ;
#675 = DIRECTION ( 'NONE',  ( 1.000000000000000000, 0.000000000000000000, 0.000000000000000000 ) ) ;
#676 = AXIS2_PLACEMENT_3D ( 'NONE', #42, #882, #1585 ) ;
#677 = AXIS2_PLACEMENT_3D ( 'NONE', #217, #1312, #515 ) ;
#678 = DIRECTION ( 'NONE',  ( -0.000000000000000000, -0.000000000000000000, -1.000000000000000000 ) ) ;
#679 = CARTESIAN_POINT ( 'NONE',  ( 9.164576854217093898E-16, 3.500000000000000444, 0.000000000000000000 ) ) ;
#680 = EDGE_LOOP ( 'NONE', ( #1584, #458, #885, #1558 ) ) ;
#681 = DIRECTION ( 'NONE',  ( -1.652117596168387756E-16, -1.000000000000000000, 0.000000000000000000 ) ) ;
#682 = DIRECTION ( 'NONE',  ( -1.000000000000000000, 0.000000000000000000, 0.000000000000000000 ) ) ;
#683 = ADVANCED_FACE ( 'NONE', ( #1573 ), #1289, .F. ) ;
#684 = CARTESIAN_POINT ( 'NONE',  ( -4.599999999999999645, -0.8800000000000000044, -0.5000000000000001110 ) ) ;
#685 = EDGE_CURVE ( 'NONE', #751, #414, #1160, .T. ) ;
#686 = DIRECTION ( 'NONE',  ( -0.000000000000000000, -0.000000000000000000, -1.000000000000000000 ) ) ;
#687 = ORIENTED_EDGE ( 'NONE', *, *, #1512, .F. ) ;
#688 = FACE_OUTER_BOUND ( 'NONE', #947, .T. ) ;
#689 = EDGE_LOOP ( 'NONE', ( #1040, #1224, #372, #1002 ) ) ;
#690 = DIRECTION ( 'NONE',  ( 1.000000000000000000, -1.309225264888156377E-16, 0.000000000000000000 ) ) ;
#691 = DIRECTION ( 'NONE',  ( 1.000000000000000000, -1.652117596168387756E-16, -0.000000000000000000 ) ) ;
#692 = CC_DESIGN_PERSON_AND_ORGANIZATION_ASSIGNMENT ( #992, #291, ( #1371 ) ) ;
#693 = EDGE_CURVE ( 'NONE', #1764, #102, #700, .T. ) ;
#694 = AXIS2_PLACEMENT_3D ( 'NONE', #684, #389, #243 ) ;
#695 = FACE_BOUND ( 'NONE', #1049, .T. ) ;
#696 = VERTEX_POINT ( 'NONE', #748 ) ;
#697 = DIRECTION ( 'NONE',  ( 2.753529326947312927E-16, 1.000000000000000000, 0.000000000000000000 ) ) ;
#698 = ORIENTED_EDGE ( 'NONE', *, *, #110, .F. ) ;
#699 = FACE_BOUND ( 'NONE', #303, .T. ) ;
#700 = CIRCLE ( 'NONE', #318, 0.1700000000000000122 ) ;
#701 = EDGE_LOOP ( 'NONE', ( #765, #1604 ) ) ;
#702 = CARTESIAN_POINT ( 'NONE',  ( 4.600000000000000533, -0.8800000000000002265, -0.1000000000000000056 ) ) ;
#703 = AXIS2_PLACEMENT_3D ( 'NONE', #326, #30, #745 ) ;
#704 = CARTESIAN_POINT ( 'NONE',  ( -5.499999999999999112, 1.500000000000000888, -0.1000000000000000056 ) ) ;
#705 = EDGE_CURVE ( 'NONE', #1399, #1134, #60, .T. ) ;
#706 = VERTEX_POINT ( 'NONE', #739 ) ;
#707 = PLANE ( 'NONE',  #649 ) ;
#708 = CARTESIAN_POINT ( 'NONE',  ( 4.600000000000000533, -0.8800000000000002265, -2.600000000000000089 ) ) ;
#709 = DIRECTION ( 'NONE',  ( -1.000000000000000000, 0.000000000000000000, 0.000000000000000000 ) ) ;
#710 = ORIENTED_EDGE ( 'NONE', *, *, #392, .T. ) ;
#711 = DIRECTION ( 'NONE',  ( 1.000000000000000000, 0.000000000000000000, 0.000000000000000000 ) ) ;
#712 = AXIS2_PLACEMENT_3D ( 'NONE', #1077, #1218, #1496 ) ;
#713 = DIRECTION ( 'NONE',  ( -1.000000000000000000, 0.000000000000000000, 0.000000000000000000 ) ) ;
#714 = ORIENTED_EDGE ( 'NONE', *, *, #1651, .T. ) ;
#715 = DIRECTION ( 'NONE',  ( -0.000000000000000000, 0.000000000000000000, 1.000000000000000000 ) ) ;
#716 = CARTESIAN_POINT ( 'NONE',  ( -2.650000000000000355, -3.500000000000000444, 0.2999999999999999889 ) ) ;
#717 = VERTEX_POINT ( 'NONE', #861 ) ;
#718 = EDGE_CURVE ( 'NONE', #1536, #1516, #587, .T. ) ;
#719 = DIRECTION ( 'NONE',  ( -0.000000000000000000, -0.000000000000000000, -1.000000000000000000 ) ) ;
#720 = VERTEX_POINT ( 'NONE', #1297 ) ;
#721 = DIRECTION ( 'NONE',  ( -0.000000000000000000, -0.000000000000000000, 1.000000000000000000 ) ) ;
#722 = APPLICATION_CONTEXT ( 'configuration controlled 3d designs of mechanical parts and assemblies' ) ;
#723 = CIRCLE ( 'NONE', #1705, 0.1700000000000000122 ) ;
#724 = DIRECTION ( 'NONE',  ( 1.000000000000000000, 0.000000000000000000, 0.000000000000000000 ) ) ;
#725 = CIRCLE ( 'NONE', #314, 0.1700000000000000122 ) ;
#726 = ORIENTED_EDGE ( 'NONE', *, *, #897, .F. ) ;
#727 = DIRECTION ( 'NONE',  ( -1.000000000000000000, 0.000000000000000000, 0.000000000000000000 ) ) ;
#728 = LOCAL_TIME ( 15, 48, 51.00000000000000000, #1557 ) ;
#729 = CARTESIAN_POINT ( 'NONE',  ( 0.000000000000000000, 0.000000000000000000, 0.000000000000000000 ) ) ;
#730 = ORIENTED_EDGE ( 'NONE', *, *, #1555, .F. ) ;
#731 = FACE_OUTER_BOUND ( 'NONE', #680, .T. ) ;
#732 = EDGE_CURVE ( 'NONE', #1654, #272, #969, .T. ) ;
#733 = ORIENTED_EDGE ( 'NONE', *, *, #562, .F. ) ;
#734 = LINE ( 'NONE', #1569, #760 ) ;
#735 = VECTOR ( 'NONE', #835, 100.0000000000000000 ) ;
#736 = CIRCLE ( 'NONE', #1350, 0.3499999999999996447 ) ;
#737 = DIRECTION ( 'NONE',  ( -2.312964634635742957E-16, -1.000000000000000000, -0.000000000000000000 ) ) ;
#738 = ORIENTED_EDGE ( 'NONE', *, *, #1444, .F. ) ;
#739 = CARTESIAN_POINT ( 'NONE',  ( -5.150000000000000355, -1.499999999999998890, -0.5000000000000000000 ) ) ;
#740 = VERTEX_POINT ( 'NONE', #1278 ) ;
#741 = LINE ( 'NONE', #865, #1504 ) ;
#742 = ORIENTED_EDGE ( 'NONE', *, *, #1335, .T. ) ;
#743 = CARTESIAN_POINT ( 'NONE',  ( 3.000000000000000888, 3.149999999999999911, 0.000000000000000000 ) ) ;
#744 = EDGE_CURVE ( 'NONE', #834, #740, #287, .T. ) ;
#745 = DIRECTION ( 'NONE',  ( -1.000000000000000000, 0.000000000000000000, 0.000000000000000000 ) ) ;
#746 = VECTOR ( 'NONE', #1282, 100.0000000000000000 ) ;
#747 = VERTEX_POINT ( 'NONE', #299 ) ;
#748 = CARTESIAN_POINT ( 'NONE',  ( 4.480000000000000426, -0.8800000000000002265, -0.5000000000000001110 ) ) ;
#749 = ORIENTED_EDGE ( 'NONE', *, *, #379, .T. ) ;
#750 = CYLINDRICAL_SURFACE ( 'NONE', #12, 0.1700000000000000122 ) ;
#751 = VERTEX_POINT ( 'NONE', #1694 ) ;
#752 = DIRECTION ( 'NONE',  ( 1.000000000000000000, -1.652117596168387756E-16, -0.000000000000000000 ) ) ;
#753 = CARTESIAN_POINT ( 'NONE',  ( -2.500000000000000000, -1.499999999999999334, -0.5000000000000000000 ) ) ;
#754 = EDGE_CURVE ( 'NONE', #414, #623, #1180, .T. ) ;
#755 = ORIENTED_EDGE ( 'NONE', *, *, #1316, .T. ) ;
#756 = DIRECTION ( 'NONE',  ( 1.000000000000000000, 0.000000000000000000, 0.000000000000000000 ) ) ;
#757 = AXIS2_PLACEMENT_3D ( 'NONE', #399, #6, #709 ) ;
#758 = ORIENTED_EDGE ( 'NONE', *, *, #182, .F. ) ;
#759 = CARTESIAN_POINT ( 'NONE',  ( 2.649999999999999467, -3.149999999999999911, 0.2999999999999999889 ) ) ;
#760 = VECTOR ( 'NONE', #1285, 100.0000000000000000 ) ;
#761 = ORIENTED_EDGE ( 'NONE', *, *, #1246, .T. ) ;
#762 = DIRECTION ( 'NONE',  ( 1.000000000000000000, 0.000000000000000000, 0.000000000000000000 ) ) ;
#763 = PERSON_AND_ORGANIZATION_ROLE ( 'classification_officer' ) ;
#764 = VECTOR ( 'NONE', #1009, 100.0000000000000000 ) ;
#765 = ORIENTED_EDGE ( 'NONE', *, *, #438, .F. ) ;
#766 = CARTESIAN_POINT ( 'NONE',  ( 2.499999999999999556, -1.500000000000000222, -0.5000000000000000000 ) ) ;
#767 = EDGE_CURVE ( 'NONE', #1785, #1536, #599, .T. ) ;
#768 = AXIS2_PLACEMENT_3D ( 'NONE', #923, #1599, #1746 ) ;
#769 = EDGE_LOOP ( 'NONE', ( #20, #811 ) ) ;
#770 = DIRECTION ( 'NONE',  ( -0.000000000000000000, -0.000000000000000000, -1.000000000000000000 ) ) ;
#771 = ORIENTED_EDGE ( 'NONE', *, *, #182, .T. ) ;
#772 = CYLINDRICAL_SURFACE ( 'NONE', #1795, 0.1700000000000000122 ) ;
#773 = APPROVAL_STATUS ( 'not_yet_approved' ) ;
#774 = LINE ( 'NONE', #924, #1401 ) ;
#775 = ORIENTED_EDGE ( 'NONE', *, *, #1421, .F. ) ;
#776 = CYLINDRICAL_SURFACE ( 'NONE', #950, 0.3500000000000003109 ) ;
#777 = EDGE_CURVE ( 'NONE', #507, #487, #615, .T. ) ;
#778 = ORIENTED_EDGE ( 'NONE', *, *, #417, .F. ) ;
#779 = DIRECTION ( 'NONE',  ( 0.000000000000000000, -0.000000000000000000, -1.000000000000000000 ) ) ;
#780 = EDGE_LOOP ( 'NONE', ( #1365, #635, #72, #1472, #298, #338 ) ) ;
#781 = CARTESIAN_POINT ( 'NONE',  ( 4.480000000000000426, -0.8800000000000002265, -2.600000000000000089 ) ) ;
#782 = ORIENTED_EDGE ( 'NONE', *, *, #1478, .T. ) ;
#783 = CARTESIAN_POINT ( 'NONE',  ( -2.499999999999999556, 1.500000000000000444, 0.000000000000000000 ) ) ;
#784 = CARTESIAN_POINT ( 'NONE',  ( 2.500000000000000000, 1.499999999999999556, 0.000000000000000000 ) ) ;
#785 = AXIS2_PLACEMENT_3D ( 'NONE', #1025, #1208, #1310 ) ;
#786 = ORIENTED_EDGE ( 'NONE', *, *, #1183, .F. ) ;
#787 = EDGE_CURVE ( 'NONE', #7, #204, #33, .T. ) ;
#788 = CC_DESIGN_APPROVAL ( #1641, ( #1790 ) ) ;
#789 = DIRECTION ( 'NONE',  ( -1.000000000000000000, 1.652117596168387756E-16, 0.000000000000000000 ) ) ;
#790 = ORIENTED_EDGE ( 'NONE', *, *, #549, .F. ) ;
#791 = DIRECTION ( 'NONE',  ( -0.000000000000000000, -0.000000000000000000, 1.000000000000000000 ) ) ;
#792 = AXIS2_PLACEMENT_3D ( 'NONE', #157, #51, #165 ) ;
#793 = ORIENTED_EDGE ( 'NONE', *, *, #183, .T. ) ;
#794 = DIRECTION ( 'NONE',  ( -0.000000000000000000, 0.000000000000000000, 1.000000000000000000 ) ) ;
#795 = AXIS2_PLACEMENT_3D ( 'NONE', #397, #263, #1670 ) ;
#796 = CYLINDRICAL_SURFACE ( 'NONE', #142, 0.1199999999999999678 ) ;
#797 = VECTOR ( 'NONE', #789, 100.0000000000000000 ) ;
#798 = CYLINDRICAL_SURFACE ( 'NONE', #1015, 0.1700000000000000122 ) ;
#799 = LINE ( 'NONE', #534, #1627 ) ;
#800 = DATE_AND_TIME ( #1072, #405 ) ;
#801 = EDGE_CURVE ( 'NONE', #1134, #1731, #377, .T. ) ;
#802 = ORIENTED_EDGE ( 'NONE', *, *, #1632, .T. ) ;
#803 = DIRECTION ( 'NONE',  ( 0.000000000000000000, 0.000000000000000000, -1.000000000000000000 ) ) ;
#804 = ORIENTED_EDGE ( 'NONE', *, *, #417, .T. ) ;
#805 = DIRECTION ( 'NONE',  ( -0.000000000000000000, -0.000000000000000000, 1.000000000000000000 ) ) ;
#806 = CARTESIAN_POINT ( 'NONE',  ( -4.599999999999999645, -0.8800000000000000044, -0.5000000000000001110 ) ) ;
#807 = DIRECTION ( 'NONE',  ( -0.000000000000000000, -0.000000000000000000, 1.000000000000000000 ) ) ;
#808 = ORIENTED_EDGE ( 'NONE', *, *, #549, .T. ) ;
#809 = DIRECTION ( 'NONE',  ( 0.000000000000000000, 0.000000000000000000, 1.000000000000000000 ) ) ;
#810 = EDGE_CURVE ( 'NONE', #414, #105, #21, .T. ) ;
#811 = ORIENTED_EDGE ( 'NONE', *, *, #1386, .F. ) ;
#812 = FACE_OUTER_BOUND ( 'NONE', #600, .T. ) ;
#813 = CARTESIAN_POINT ( 'NONE',  ( 4.600000000000000533, -0.8800000000000002265, -0.1000000000000000056 ) ) ;
#814 = VECTOR ( 'NONE', #1622, 100.0000000000000000 ) ;
#815 = DIRECTION ( 'NONE',  ( 1.000000000000000000, 0.000000000000000000, 0.000000000000000000 ) ) ;
#816 = LOCAL_TIME ( 15, 48, 51.00000000000000000, #1323 ) ;
#817 = APPROVAL_ROLE ( '' ) ;
#818 = LINE ( 'NONE', #1398, #1608 ) ;
#819 = ORIENTED_EDGE ( 'NONE', *, *, #1079, .F. ) ;
#820 = ADVANCED_FACE ( 'NONE', ( #1618 ), #212, .T. ) ;
#821 = DIRECTION ( 'NONE',  ( 1.000000000000000000, -1.652117596168387756E-16, 0.000000000000000000 ) ) ;
#822 = EDGE_CURVE ( 'NONE', #1013, #696, #1800, .T. ) ;
#823 = AXIS2_PLACEMENT_3D ( 'NONE', #32, #1438, #459 ) ;
#824 = FACE_OUTER_BOUND ( 'NONE', #1051, .T. ) ;
#825 = CARTESIAN_POINT ( 'NONE',  ( -2.999999999999999556, 1.500000000000000444, -0.1000000000000000056 ) ) ;
#826 = DIRECTION ( 'NONE',  ( -2.312964634635742957E-16, -1.000000000000000000, 0.000000000000000000 ) ) ;
#827 = EDGE_LOOP ( 'NONE', ( #730, #489 ) ) ;
#828 = CARTESIAN_POINT ( 'NONE',  ( 2.650000000000000799, 3.499999999999999556, 0.2999999999999999889 ) ) ;
#829 = ORIENTED_EDGE ( 'NONE', *, *, #1239, .F. ) ;
#830 = CARTESIAN_POINT ( 'NONE',  ( 2.820000000000001172, 3.149999999999999911, 0.000000000000000000 ) ) ;
#831 = AXIS2_PLACEMENT_3D ( 'NONE', #520, #927, #1768 ) ;
#832 = DIRECTION ( 'NONE',  ( 1.000000000000000000, 0.000000000000000000, 0.000000000000000000 ) ) ;
#833 = CARTESIAN_POINT ( 'NONE',  ( 4.600000000000000533, 0.8799999999999998934, -0.1000000000000000056 ) ) ;
#834 = VERTEX_POINT ( 'NONE', #1332 ) ;
#835 = DIRECTION ( 'NONE',  ( 1.000000000000000000, -2.753529326947312927E-16, 0.000000000000000000 ) ) ;
#836 = ORIENTED_EDGE ( 'NONE', *, *, #1579, .T. ) ;
#837 = CARTESIAN_POINT ( 'NONE',  ( 2.649999999999999467, -3.149999999999999911, 0.000000000000000000 ) ) ;
#838 = EDGE_LOOP ( 'NONE', ( #1450, #1376 ) ) ;
#839 = EDGE_CURVE ( 'NONE', #949, #720, #1116, .T. ) ;
#840 = LINE ( 'NONE', #1395, #402 ) ;
#841 = CIRCLE ( 'NONE', #550, 0.3500000000000003109 ) ;
#842 = CARTESIAN_POINT ( 'NONE',  ( 4.720000000000000639, 0.8799999999999998934, -2.600000000000000089 ) ) ;
#843 = ORIENTED_EDGE ( 'NONE', *, *, #744, .T. ) ;
#844 = FACE_BOUND ( 'NONE', #827, .T. ) ;
#845 = CARTESIAN_POINT ( 'NONE',  ( -5.150000000000000355, -1.149999999999999023, -0.1000000000000000056 ) ) ;
#846 = DIRECTION ( 'NONE',  ( -1.309225264888156377E-16, -1.000000000000000000, 0.000000000000000000 ) ) ;
#847 = AXIS2_PLACEMENT_3D ( 'NONE', #901, #1341, #228 ) ;
#848 = ORIENTED_EDGE ( 'NONE', *, *, #1574, .F. ) ;
#849 = DIRECTION ( 'NONE',  ( -0.000000000000000000, -0.000000000000000000, -1.000000000000000000 ) ) ;
#850 = VECTOR ( 'NONE', #350, 100.0000000000000000 ) ;
#851 = VECTOR ( 'NONE', #1201, 100.0000000000000000 ) ;
#852 = DIRECTION ( 'NONE',  ( -0.000000000000000000, -0.000000000000000000, 1.000000000000000000 ) ) ;
#853 = EDGE_CURVE ( 'NONE', #1399, #1264, #1292, .T. ) ;
#854 = CARTESIAN_POINT ( 'NONE',  ( -2.499999999999999556, 1.500000000000000444, -0.5000000000000000000 ) ) ;
#855 = ORIENTED_EDGE ( 'NONE', *, *, #887, .F. ) ;
#856 = CARTESIAN_POINT ( 'NONE',  ( -2.500000000000000000, -1.499999999999999334, -0.5000000000000000000 ) ) ;
#857 = EDGE_LOOP ( 'NONE', ( #1502, #1325 ) ) ;
#858 = CARTESIAN_POINT ( 'NONE',  ( 5.499999999999999112, -1.150000000000001021, -0.1000000000000000056 ) ) ;
#859 = LINE ( 'NONE', #704, #471 ) ;
#860 = ORIENTED_EDGE ( 'NONE', *, *, #1422, .F. ) ;
#861 = CARTESIAN_POINT ( 'NONE',  ( 2.999999999999999556, -1.500000000000000444, -0.1000000000000000056 ) ) ;
#862 = EDGE_CURVE ( 'NONE', #272, #115, #774, .T. ) ;
#863 = APPROVAL_STATUS ( 'not_yet_approved' ) ;
#864 = ORIENTED_EDGE ( 'NONE', *, *, #621, .T. ) ;
#865 = CARTESIAN_POINT ( 'NONE',  ( -2.820000000000000284, -3.149999999999999911, 0.2999999999999999889 ) ) ;
#866 = EDGE_LOOP ( 'NONE', ( #965, #985, #1212, #1066 ) ) ;
#867 = CARTESIAN_POINT ( 'NONE',  ( -4.599999999999999645, 0.8800000000000000044, -0.1000000000000000056 ) ) ;
#868 = VECTOR ( 'NONE', #1649, 100.0000000000000000 ) ;
#869 = DIRECTION ( 'NONE',  ( -0.000000000000000000, -0.000000000000000000, -1.000000000000000000 ) ) ;
#870 = CIRCLE ( 'NONE', #525, 0.1199999999999999678 ) ;
#871 = DIRECTION ( 'NONE',  ( -0.000000000000000000, 0.000000000000000000, -1.000000000000000000 ) ) ;
#872 = APPROVAL_PERSON_ORGANIZATION ( #434, #367, #497 ) ;
#873 = ADVANCED_FACE ( 'NONE', ( #1041 ), #656, .T. ) ;
#874 = ORIENTED_EDGE ( 'NONE', *, *, #1270, .T. ) ;
#875 = CYLINDRICAL_SURFACE ( 'NONE', #1443, 0.3500000000000003109 ) ;
#876 = EDGE_CURVE ( 'NONE', #696, #1319, #1057, .T. ) ;
#877 = EDGE_LOOP ( 'NONE', ( #771, #383, #278, #1185 ) ) ;
#878 = CARTESIAN_POINT ( 'NONE',  ( -2.650000000000000355, -3.500000000000000444, 0.000000000000000000 ) ) ;
#879 = AXIS2_PLACEMENT_3D ( 'NONE', #205, #365, #639 ) ;
#880 = AXIS2_PLACEMENT_3D ( 'NONE', #1527, #269, #1637 ) ;
#881 = CARTESIAN_POINT ( 'NONE',  ( -2.650000000000000355, -3.149999999999999911, 0.2999999999999999889 ) ) ;
#882 = DIRECTION ( 'NONE',  ( -0.000000000000000000, -0.000000000000000000, -1.000000000000000000 ) ) ;
#883 = ORIENTED_EDGE ( 'NONE', *, *, #1360, .F. ) ;
#884 = DIRECTION ( 'NONE',  ( -2.312964634635742957E-16, -1.000000000000000000, 0.000000000000000000 ) ) ;
#885 = ORIENTED_EDGE ( 'NONE', *, *, #1034, .F. ) ;
#886 = LINE ( 'NONE', #190, #252 ) ;
#887 = EDGE_CURVE ( 'NONE', #105, #1126, #1213, .T. ) ;
#888 = ADVANCED_FACE ( 'NONE', ( #488 ), #1730, .T. ) ;
#889 = DIRECTION ( 'NONE',  ( -1.000000000000000000, 0.000000000000000000, 0.000000000000000000 ) ) ;
#890 = AXIS2_PLACEMENT_3D ( 'NONE', #53, #1162, #24 ) ;
#891 = EDGE_LOOP ( 'NONE', ( #1288, #50, #829, #1723 ) ) ;
#892 = CARTESIAN_POINT ( 'NONE',  ( 2.650000000000000799, 3.149999999999999911, 0.2999999999999999889 ) ) ;
#893 = EDGE_LOOP ( 'NONE', ( #1056, #364, #1281, #1757 ) ) ;
#894 = CARTESIAN_POINT ( 'NONE',  ( -2.499999999999999556, 1.500000000000000444, -0.5000000000000000000 ) ) ;
#895 = ORIENTED_EDGE ( 'NONE', *, *, #767, .T. ) ;
#896 = LINE ( 'NONE', #466, #117 ) ;
#897 = EDGE_CURVE ( 'NONE', #153, #315, #337, .T. ) ;
#898 = CARTESIAN_POINT ( 'NONE',  ( 2.999999999999999112, -3.149999999999999911, 0.2999999999999999889 ) ) ;
#899 = SECURITY_CLASSIFICATION_LEVEL ( 'unclassified' ) ;
#900 = VERTEX_POINT ( 'NONE', #108 ) ;
#901 = CARTESIAN_POINT ( 'NONE',  ( -2.650000000000000355, -3.149999999999999911, 0.2999999999999999889 ) ) ;
#902 = ORIENTED_EDGE ( 'NONE', *, *, #1489, .T. ) ;
#903 = CARTESIAN_POINT ( 'NONE',  ( -2.820000000000000284, -3.149999999999999911, 0.2999999999999999889 ) ) ;
#904 = EDGE_LOOP ( 'NONE', ( #1669, #1222, #37, #1234 ) ) ;
#905 = PLANE ( 'NONE',  #1091 ) ;
#906 = APPLICATION_PROTOCOL_DEFINITION ( 'international standard', 'config_control_design', 1994, #722 ) ;
#907 = AXIS2_PLACEMENT_3D ( 'NONE', #139, #681, #821 ) ;
#908 = AXIS2_PLACEMENT_3D ( 'NONE', #1661, #1668, #536 ) ;
#909 = DIRECTION ( 'NONE',  ( -0.000000000000000000, -0.000000000000000000, -1.000000000000000000 ) ) ;
#910 = CC_DESIGN_DATE_AND_TIME_ASSIGNMENT ( #391, #653, ( #1110 ) ) ;
#911 = CIRCLE ( 'NONE', #768, 0.1700000000000000122 ) ;
#912 = EDGE_CURVE ( 'NONE', #1617, #1390, #736, .T. ) ;
#913 = ORIENTED_EDGE ( 'NONE', *, *, #1524, .F. ) ;
#914 = CARTESIAN_POINT ( 'NONE',  ( 4.600000000000000533, 0.8799999999999998934, -0.5000000000000001110 ) ) ;
#915 = CYLINDRICAL_SURFACE ( 'NONE', #547, 0.1700000000000000122 ) ;
#916 = CARTESIAN_POINT ( 'NONE',  ( 4.480000000000000426, -0.8800000000000002265, -0.1000000000000000056 ) ) ;
#917 = ORIENTED_EDGE ( 'NONE', *, *, #392, .F. ) ;
#918 = CARTESIAN_POINT ( 'NONE',  ( -1.399999999999999911, -1.999999999999999778, 0.2999999999999999889 ) ) ;
#919 = ORIENTED_EDGE ( 'NONE', *, *, #787, .T. ) ;
#920 = LINE ( 'NONE', #937, #1099 ) ;
#921 = APPLICATION_CONTEXT ( 'configuration controlled 3d designs of mechanical parts and assemblies' ) ;
#922 = DIRECTION ( 'NONE',  ( -0.000000000000000000, -0.000000000000000000, -1.000000000000000000 ) ) ;
#923 = CARTESIAN_POINT ( 'NONE',  ( 1.399999999999999911, 2.000000000000000444, 0.000000000000000000 ) ) ;
#924 = CARTESIAN_POINT ( 'NONE',  ( -5.500000000000000000, 1.150000000000001021, -0.5000000000000000000 ) ) ;
#925 = VERTEX_POINT ( 'NONE', #663 ) ;
#926 = AXIS2_PLACEMENT_3D ( 'NONE', #970, #1252, #1404 ) ;
#927 = DIRECTION ( 'NONE',  ( -0.000000000000000000, 0.000000000000000000, 1.000000000000000000 ) ) ;
#928 = DIRECTION ( 'NONE',  ( 1.000000000000000000, -2.753529326947312927E-16, 0.000000000000000000 ) ) ;
#929 = VECTOR ( 'NONE', #285, 100.0000000000000000 ) ;
#930 = FACE_OUTER_BOUND ( 'NONE', #689, .T. ) ;
#931 = CIRCLE ( 'NONE', #1198, 0.3500000000000003109 ) ;
#932 = LINE ( 'NONE', #226, #851 ) ;
#933 = ORIENTED_EDGE ( 'NONE', *, *, #344, .F. ) ;
#934 = CARTESIAN_POINT ( 'NONE',  ( -1.569999999999999840, -1.999999999999999778, 0.2999999999999999889 ) ) ;
#935 = AXIS2_PLACEMENT_3D ( 'NONE', #1248, #1374, #1792 ) ;
#936 = ORIENTED_EDGE ( 'NONE', *, *, #109, .F. ) ;
#937 = CARTESIAN_POINT ( 'NONE',  ( 2.480000000000000870, 3.149999999999999911, 0.2999999999999999889 ) ) ;
#938 = AXIS2_PLACEMENT_3D ( 'NONE', #783, #1189, #1732 ) ;
#939 = PLANE ( 'NONE',  #785 ) ;
#940 = VECTOR ( 'NONE', #737, 100.0000000000000000 ) ;
#941 = ORIENTED_EDGE ( 'NONE', *, *, #1543, .F. ) ;
#942 = ADVANCED_FACE ( 'NONE', ( #1324 ), #508, .F. ) ;
#943 = ADVANCED_FACE ( 'NONE', ( #1459 ), #1074, .F. ) ;
#944 = CARTESIAN_POINT ( 'NONE',  ( 1.229999999999999760, -1.999999999999999778, 0.2999999999999999889 ) ) ;
#945 = VERTEX_POINT ( 'NONE', #373 ) ;
#946 = CARTESIAN_POINT ( 'NONE',  ( 1.399999999999999911, -1.999999999999999778, 0.000000000000000000 ) ) ;
#947 = EDGE_LOOP ( 'NONE', ( #349, #782, #612, #1035 ) ) ;
#948 = CARTESIAN_POINT ( 'NONE',  ( -5.500000000000000000, -1.149999999999999023, -0.1000000000000000056 ) ) ;
#949 = VERTEX_POINT ( 'NONE', #934 ) ;
#950 = AXIS2_PLACEMENT_3D ( 'NONE', #1089, #1334, #1629 ) ;
#951 = FACE_OUTER_BOUND ( 'NONE', #17, .T. ) ;
#952 = CARTESIAN_POINT ( 'NONE',  ( -2.650000000000000355, -3.149999999999999911, 0.2999999999999999889 ) ) ;
#953 = ADVANCED_FACE ( 'NONE', ( #1494, #239, #1362 ), #219, .T. ) ;
#954 = VERTEX_POINT ( 'NONE', #1603 ) ;
#955 = CARTESIAN_POINT ( 'NONE',  ( -4.582288427108547935E-16, -3.500000000000000888, 0.000000000000000000 ) ) ;
#956 = ADVANCED_FACE ( 'NONE', ( #348, #972, #1510, #116, #1381, #403, #125, #695, #253 ), #1256, .T. ) ;
#957 = ORIENTED_EDGE ( 'NONE', *, *, #1612, .F. ) ;
#958 = LINE ( 'NONE', #127, #320 ) ;
#959 = CIRCLE ( 'NONE', #54, 0.3500000000000003109 ) ;
#960 = ORIENTED_EDGE ( 'NONE', *, *, #620, .F. ) ;
#961 = CARTESIAN_POINT ( 'NONE',  ( -4.599999999999999645, 0.8800000000000000044, -2.600000000000000089 ) ) ;
#962 = FACE_OUTER_BOUND ( 'NONE', #671, .T. ) ;
#963 = APPROVAL_PERSON_ORGANIZATION ( #1211, #532, #817 ) ;
#964 = CARTESIAN_POINT ( 'NONE',  ( 0.000000000000000000, 0.000000000000000000, 0.2999999999999999889 ) ) ;
#965 = ORIENTED_EDGE ( 'NONE', *, *, #1102, .T. ) ;
#966 = CARTESIAN_POINT ( 'NONE',  ( -5.150000000000000355, 1.500000000000000888, -0.5000000000000000000 ) ) ;
#967 = EDGE_CURVE ( 'NONE', #1390, #55, #1520, .T. ) ;
#968 = EDGE_LOOP ( 'NONE', ( #1740, #211, #687, #493 ) ) ;
#969 = CIRCLE ( 'NONE', #792, 0.3500000000000003109 ) ;
#970 = CARTESIAN_POINT ( 'NONE',  ( -4.599999999999999645, -0.8800000000000000044, -2.600000000000000089 ) ) ;
#971 = LINE ( 'NONE', #1490, #1136 ) ;
#972 = FACE_BOUND ( 'NONE', #701, .T. ) ;
#973 = ORIENTED_EDGE ( 'NONE', *, *, #654, .F. ) ;
#974 = CARTESIAN_POINT ( 'NONE',  ( 4.600000000000000533, -0.8800000000000002265, -0.5000000000000001110 ) ) ;
#975 = EDGE_CURVE ( 'NONE', #1122, #55, #277, .T. ) ;
#976 = ORIENTED_EDGE ( 'NONE', *, *, #1522, .F. ) ;
#977 = CARTESIAN_POINT ( 'NONE',  ( -4.599999999999999645, -0.8800000000000000044, -0.1000000000000000056 ) ) ;
#978 = AXIS2_PLACEMENT_3D ( 'NONE', #914, #375, #358 ) ;
#979 = CARTESIAN_POINT ( 'NONE',  ( 4.600000000000000533, -0.8800000000000002265, -2.600000000000000089 ) ) ;
#980 = CARTESIAN_POINT ( 'NONE',  ( 2.649999999999999467, -3.500000000000001776, 0.000000000000000000 ) ) ;
#981 = VERTEX_POINT ( 'NONE', #527 ) ;
#982 = CARTESIAN_POINT ( 'NONE',  ( -1.399999999999999911, -1.999999999999999778, 0.2999999999999999889 ) ) ;
#983 = ORIENTED_EDGE ( 'NONE', *, *, #998, .F. ) ;
#984 = FACE_OUTER_BOUND ( 'NONE', #1113, .T. ) ;
#985 = ORIENTED_EDGE ( 'NONE', *, *, #862, .T. ) ;
#986 = AXIS2_PLACEMENT_3D ( 'NONE', #1532, #1124, #1666 ) ;
#987 = CARTESIAN_POINT ( 'NONE',  ( 5.500000000000000000, 1.149999999999999023, -0.1000000000000000056 ) ) ;
#988 = CIRCLE ( 'NONE', #1600, 0.1700000000000000122 ) ;
#989 = CARTESIAN_POINT ( 'NONE',  ( -2.649999999999999467, 3.500000000000000888, 0.2999999999999999889 ) ) ;
#990 = ORIENTED_EDGE ( 'NONE', *, *, #1123, .F. ) ;
#991 = DIRECTION ( 'NONE',  ( 0.000000000000000000, 0.000000000000000000, 1.000000000000000000 ) ) ;
#992 = PERSON_AND_ORGANIZATION ( #597, #1739 ) ;
#993 = ORIENTED_EDGE ( 'NONE', *, *, #129, .T. ) ;
#994 = DIRECTION ( 'NONE',  ( -0.000000000000000000, -0.000000000000000000, -1.000000000000000000 ) ) ;
#995 = ORIENTED_EDGE ( 'NONE', *, *, #822, .T. ) ;
#996 = CARTESIAN_POINT ( 'NONE',  ( 5.500000000000000000, 1.149999999999999023, -0.1000000000000000056 ) ) ;
#997 = AXIS2_PLACEMENT_3D ( 'NONE', #1322, #652, #762 ) ;
#998 = EDGE_CURVE ( 'NONE', #185, #453, #137, .T. ) ;
#999 = CARTESIAN_POINT ( 'NONE',  ( 3.000000000000000888, 3.149999999999999911, 0.2999999999999999889 ) ) ;
#1000 = CARTESIAN_POINT ( 'NONE',  ( 1.399999999999999911, 2.000000000000000444, 0.2999999999999999889 ) ) ;
#1001 = APPROVAL_DATE_TIME ( #1456, #1641 ) ;
#1002 = ORIENTED_EDGE ( 'NONE', *, *, #166, .T. ) ;
#1003 = LINE ( 'NONE', #1559, #1039 ) ;
#1004 = ORIENTED_EDGE ( 'NONE', *, *, #584, .T. ) ;
#1005 = DIRECTION ( 'NONE',  ( 1.000000000000000000, 0.000000000000000000, 0.000000000000000000 ) ) ;
#1006 = DIRECTION ( 'NONE',  ( 1.000000000000000000, -2.312964634635742957E-16, 0.000000000000000000 ) ) ;
#1007 = EDGE_CURVE ( 'NONE', #23, #1073, #1389, .T. ) ;
#1008 = EDGE_LOOP ( 'NONE', ( #1020, #455, #594, #1657 ) ) ;
#1009 = DIRECTION ( 'NONE',  ( -1.000000000000000000, 1.652117596168387756E-16, 0.000000000000000000 ) ) ;
#1010 = EDGE_CURVE ( 'NONE', #451, #619, #818, .T. ) ;
#1011 = ORIENTED_EDGE ( 'NONE', *, *, #1123, .T. ) ;
#1012 = CARTESIAN_POINT ( 'NONE',  ( 1.229999999999999760, -1.999999999999999778, 0.000000000000000000 ) ) ;
#1013 = VERTEX_POINT ( 'NONE', #1784 ) ;
#1014 = FACE_OUTER_BOUND ( 'NONE', #1796, .T. ) ;
#1015 = AXIS2_PLACEMENT_3D ( 'NONE', #641, #1199, #666 ) ;
#1016 = DIRECTION ( 'NONE',  ( -1.000000000000000000, 0.000000000000000000, 0.000000000000000000 ) ) ;
#1017 = AXIS2_PLACEMENT_3D ( 'NONE', #1101, #1241, #661 ) ;
#1018 = CARTESIAN_POINT ( 'NONE',  ( -2.499999999999999556, 1.500000000000000444, 0.000000000000000000 ) ) ;
#1019 =( GEOMETRIC_REPRESENTATION_CONTEXT ( 3 ) GLOBAL_UNCERTAINTY_ASSIGNED_CONTEXT ( ( #1480 ) ) GLOBAL_UNIT_ASSIGNED_CONTEXT ( ( #1279, #13, #1687 ) ) REPRESENTATION_CONTEXT ( 'NONE', 'WORKASPACE' ) );
#1020 = ORIENTED_EDGE ( 'NONE', *, *, #1478, .F. ) ;
#1021 = EDGE_CURVE ( 'NONE', #451, #1405, #1026, .T. ) ;
#1022 = EDGE_CURVE ( 'NONE', #1075, #1536, #1242, .T. ) ;
#1023 = CARTESIAN_POINT ( 'NONE',  ( 2.649999999999999467, -3.149999999999999911, 0.2999999999999999889 ) ) ;
#1024 = ORIENTED_EDGE ( 'NONE', *, *, #393, .T. ) ;
#1025 = CARTESIAN_POINT ( 'NONE',  ( -5.500000000000000000, 1.106918789432819925E-15, 0.000000000000000000 ) ) ;
#1026 = CIRCLE ( 'NONE', #935, 0.3500000000000003109 ) ;
#1027 = AXIS2_PLACEMENT_3D ( 'NONE', #1429, #1702, #469 ) ;
#1028 = AXIS2_PLACEMENT_3D ( 'NONE', #624, #1592, #335 ) ;
#1029 = FACE_OUTER_BOUND ( 'NONE', #180, .T. ) ;
#1030 = PRODUCT ( 'CHASSIS FINAL Main Part 3D print', 'CHASSIS FINAL Main Part 3D print', '', ( #210 ) ) ;
#1031 = DIRECTION ( 'NONE',  ( 1.000000000000000000, 0.000000000000000000, 0.000000000000000000 ) ) ;
#1032 = VERTEX_POINT ( 'NONE', #1776 ) ;
#1033 = LINE ( 'NONE', #1440, #360 ) ;
#1034 = EDGE_CURVE ( 'NONE', #248, #945, #1547, .T. ) ;
#1035 = ORIENTED_EDGE ( 'NONE', *, *, #1045, .F. ) ;
#1036 = DIRECTION ( 'NONE',  ( -0.000000000000000000, -0.000000000000000000, -1.000000000000000000 ) ) ;
#1037 = PLANE ( 'NONE',  #1028 ) ;
#1038 = APPROVAL_DATE_TIME ( #302, #367 ) ;
#1039 = VECTOR ( 'NONE', #304, 100.0000000000000000 ) ;
#1040 = ORIENTED_EDGE ( 'NONE', *, *, #1397, .F. ) ;
#1041 = FACE_OUTER_BOUND ( 'NONE', #175, .T. ) ;
#1042 = VERTEX_POINT ( 'NONE', #420 ) ;
#1043 = FACE_OUTER_BOUND ( 'NONE', #385, .T. ) ;
#1044 = EDGE_LOOP ( 'NONE', ( #775, #535, #246, #1231, #1718, #1566 ) ) ;
#1045 = EDGE_CURVE ( 'NONE', #981, #321, #1111, .T. ) ;
#1046 = FACE_OUTER_BOUND ( 'NONE', #1329, .T. ) ;
#1047 = CARTESIAN_POINT ( 'NONE',  ( 2.650000000000000799, 3.149999999999999911, 0.000000000000000000 ) ) ;
#1048 = VECTOR ( 'NONE', #1487, 100.0000000000000000 ) ;
#1049 = EDGE_LOOP ( 'NONE', ( #1296, #605 ) ) ;
#1050 = LINE ( 'NONE', #1605, #850 ) ;
#1051 = EDGE_LOOP ( 'NONE', ( #1588, #902, #126, #1372, #761, #178 ) ) ;
#1052 = CARTESIAN_POINT ( 'NONE',  ( 3.000000000000000000, -8.260587980841938780E-16, 0.2999999999999999889 ) ) ;
#1053 = EDGE_CURVE ( 'NONE', #954, #1062, #351, .T. ) ;
#1054 = PERSON_AND_ORGANIZATION ( #597, #1739 ) ;
#1055 = VECTOR ( 'NONE', #1711, 100.0000000000000000 ) ;
#1056 = ORIENTED_EDGE ( 'NONE', *, *, #345, .F. ) ;
#1057 = LINE ( 'NONE', #781, #1463 ) ;
#1058 = ORIENTED_EDGE ( 'NONE', *, *, #1422, .T. ) ;
#1059 = CARTESIAN_POINT ( 'NONE',  ( -2.499999999999999556, 1.500000000000000444, -0.5000000000000000000 ) ) ;
#1060 = EDGE_LOOP ( 'NONE', ( #664, #1581 ) ) ;
#1061 = DIRECTION ( 'NONE',  ( -2.753529326947312927E-16, -1.000000000000000000, 0.000000000000000000 ) ) ;
#1062 = VERTEX_POINT ( 'NONE', #1086 ) ;
#1063 = DIRECTION ( 'NONE',  ( -0.000000000000000000, 0.000000000000000000, -1.000000000000000000 ) ) ;
#1064 = ADVANCED_FACE ( 'NONE', ( #543 ), #1644, .F. ) ;
#1065 = AXIS2_PLACEMENT_3D ( 'NONE', #1639, #221, #1614 ) ;
#1066 = ORIENTED_EDGE ( 'NONE', *, *, #540, .T. ) ;
#1067 = LINE ( 'NONE', #1227, #76 ) ;
#1068 = ADVANCED_FACE ( 'NONE', ( #1119 ), #1096, .T. ) ;
#1069 = CARTESIAN_POINT ( 'NONE',  ( 2.499999999999999556, -1.500000000000000222, 0.000000000000000000 ) ) ;
#1070 = ORIENTED_EDGE ( 'NONE', *, *, #426, .F. ) ;
#1071 = DIRECTION ( 'NONE',  ( 2.753529326947312927E-16, 1.000000000000000000, 0.000000000000000000 ) ) ;
#1072 = CALENDAR_DATE ( 2026, 29, 8 ) ;
#1073 = VERTEX_POINT ( 'NONE', #247 ) ;
#1074 = PLANE ( 'NONE',  #1577 ) ;
#1075 = VERTEX_POINT ( 'NONE', #980 ) ;
#1076 = AXIS2_PLACEMENT_3D ( 'NONE', #418, #846, #690 ) ;
#1077 = CARTESIAN_POINT ( 'NONE',  ( 5.150000000000000355, -1.150000000000001021, -0.1000000000000000056 ) ) ;
#1078 = DIRECTION ( 'NONE',  ( -1.000000000000000000, 2.753529326947312927E-16, -0.000000000000000000 ) ) ;
#1079 = EDGE_CURVE ( 'NONE', #75, #1073, #1662, .T. ) ;
#1080 = EDGE_CURVE ( 'NONE', #1638, #43, #1491, .T. ) ;
#1081 = CIRCLE ( 'NONE', #25, 0.1700000000000000122 ) ;
#1082 = CARTESIAN_POINT ( 'NONE',  ( -1.399999999999999911, 2.000000000000000444, 0.000000000000000000 ) ) ;
#1083 = DIRECTION ( 'NONE',  ( 0.000000000000000000, -0.000000000000000000, -1.000000000000000000 ) ) ;
#1084 = APPROVAL_STATUS ( 'not_yet_approved' ) ;
#1085 = ORIENTED_EDGE ( 'NONE', *, *, #359, .F. ) ;
#1086 = CARTESIAN_POINT ( 'NONE',  ( -2.479999999999999538, 3.150000000000000799, 0.000000000000000000 ) ) ;
#1087 = VECTOR ( 'NONE', #384, 100.0000000000000000 ) ;
#1088 = ORIENTED_EDGE ( 'NONE', *, *, #1240, .T. ) ;
#1089 = CARTESIAN_POINT ( 'NONE',  ( -2.649999999999999467, 3.150000000000000799, 0.2999999999999999889 ) ) ;
#1090 = CIRCLE ( 'NONE', #1716, 0.1700000000000000122 ) ;
#1091 = AXIS2_PLACEMENT_3D ( 'NONE', #1052, #362, #1061 ) ;
#1092 = LINE ( 'NONE', #1640, #1251 ) ;
#1093 = EDGE_CURVE ( 'NONE', #623, #1654, #1676, .T. ) ;
#1094 = DIRECTION ( 'NONE',  ( -1.000000000000000000, 1.652117596168387756E-16, 0.000000000000000000 ) ) ;
#1095 = EDGE_LOOP ( 'NONE', ( #1742, #1024, #1712, #616 ) ) ;
#1096 = CYLINDRICAL_SURFACE ( 'NONE', #880, 0.3500000000000003109 ) ;
#1097 = ORIENTED_EDGE ( 'NONE', *, *, #1270, .F. ) ;
#1098 = CARTESIAN_POINT ( 'NONE',  ( 1.229999999999999760, 2.000000000000000444, 0.000000000000000000 ) ) ;
#1099 = VECTOR ( 'NONE', #1470, 100.0000000000000000 ) ;
#1100 = CARTESIAN_POINT ( 'NONE',  ( 2.999999999999999556, -1.500000000000000222, 0.000000000000000000 ) ) ;
#1101 = CARTESIAN_POINT ( 'NONE',  ( 1.399999999999999911, 2.000000000000000444, 0.2999999999999999889 ) ) ;
#1102 = EDGE_CURVE ( 'NONE', #1441, #272, #859, .T. ) ;
#1103 = DIRECTION ( 'NONE',  ( -1.000000000000000000, 2.618450529776312260E-16, 0.000000000000000000 ) ) ;
#1104 = ORIENTED_EDGE ( 'NONE', *, *, #1034, .T. ) ;
#1105 = DIRECTION ( 'NONE',  ( -2.312964634635742957E-16, -1.000000000000000000, -0.000000000000000000 ) ) ;
#1106 = ORIENTED_EDGE ( 'NONE', *, *, #654, .T. ) ;
#1107 = DIRECTION ( 'NONE',  ( 1.000000000000000000, 0.000000000000000000, 0.000000000000000000 ) ) ;
#1108 = AXIS2_PLACEMENT_3D ( 'NONE', #1109, #1659, #832 ) ;
#1109 = CARTESIAN_POINT ( 'NONE',  ( -2.649999999999999467, 3.150000000000000799, 0.2999999999999999889 ) ) ;
#1110 = SECURITY_CLASSIFICATION ( '', '', #899 ) ;
#1111 = LINE ( 'NONE', #1801, #1773 ) ;
#1112 = ADVANCED_FACE ( 'NONE', ( #449 ), #19, .F. ) ;
#1113 = EDGE_LOOP ( 'NONE', ( #149, #475, #1586, #1663 ) ) ;
#1114 = LINE ( 'NONE', #1268, #1351 ) ;
#1115 = VECTOR ( 'NONE', #133, 100.0000000000000000 ) ;
#1116 = CIRCLE ( 'NONE', #1260, 0.1700000000000000122 ) ;
#1117 = LINE ( 'NONE', #152, #400 ) ;
#1118 = CARTESIAN_POINT ( 'NONE',  ( 2.999999999999999112, -3.149999999999999911, 0.2999999999999999889 ) ) ;
#1119 = FACE_OUTER_BOUND ( 'NONE', #893, .T. ) ;
#1120 = ORIENTED_EDGE ( 'NONE', *, *, #148, .T. ) ;
#1121 = DIRECTION ( 'NONE',  ( 1.000000000000000000, 0.000000000000000000, 0.000000000000000000 ) ) ;
#1122 = VERTEX_POINT ( 'NONE', #989 ) ;
#1123 = EDGE_CURVE ( 'NONE', #925, #1617, #296, .T. ) ;
#1124 = DIRECTION ( 'NONE',  ( 2.753529326947312927E-16, 1.000000000000000000, 0.000000000000000000 ) ) ;
#1125 = AXIS2_PLACEMENT_3D ( 'NONE', #63, #179, #462 ) ;
#1126 = VERTEX_POINT ( 'NONE', #1583 ) ;
#1127 = CARTESIAN_POINT ( 'NONE',  ( 4.600000000000000533, 0.8799999999999998934, -0.1000000000000000056 ) ) ;
#1128 = FACE_OUTER_BOUND ( 'NONE', #1690, .T. ) ;
#1129 = EDGE_LOOP ( 'NONE', ( #883, #627 ) ) ;
#1130 = CARTESIAN_POINT ( 'NONE',  ( -2.649999999999999467, 3.150000000000000799, 0.2999999999999999889 ) ) ;
#1131 = ORIENTED_EDGE ( 'NONE', *, *, #1653, .F. ) ;
#1132 = FACE_OUTER_BOUND ( 'NONE', #1008, .T. ) ;
#1133 = ADVANCED_FACE ( 'NONE', ( #1428 ), #1287, .F. ) ;
#1134 = VERTEX_POINT ( 'NONE', #1276 ) ;
#1135 = CARTESIAN_POINT ( 'NONE',  ( -3.000000000000000444, -3.149999999999999911, 0.000000000000000000 ) ) ;
#1136 = VECTOR ( 'NONE', #1667, 100.0000000000000000 ) ;
#1137 = CIRCLE ( 'NONE', #576, 0.1700000000000000122 ) ;
#1138 = DIRECTION ( 'NONE',  ( -0.000000000000000000, -0.000000000000000000, -1.000000000000000000 ) ) ;
#1139 = DIRECTION ( 'NONE',  ( -0.000000000000000000, 0.000000000000000000, 1.000000000000000000 ) ) ;
#1140 = COORDINATED_UNIVERSAL_TIME_OFFSET ( 5, 30, .AHEAD. ) ;
#1141 = EDGE_LOOP ( 'NONE', ( #1298, #1688 ) ) ;
#1142 = DIRECTION ( 'NONE',  ( -0.000000000000000000, -0.000000000000000000, -1.000000000000000000 ) ) ;
#1143 = AXIS2_PLACEMENT_3D ( 'NONE', #982, #1400, #1778 ) ;
#1144 = AXIS2_PLACEMENT_3D ( 'NONE', #202, #1594, #90 ) ;
#1145 = ORIENTED_EDGE ( 'NONE', *, *, #1598, .F. ) ;
#1146 = EDGE_CURVE ( 'NONE', #1264, #1399, #235, .T. ) ;
#1147 = CARTESIAN_POINT ( 'NONE',  ( 5.499999999999999112, -1.500000000000001110, -0.1000000000000000056 ) ) ;
#1148 = CIRCLE ( 'NONE', #1774, 0.1199999999999999678 ) ;
#1149 = ADVANCED_FACE ( 'NONE', ( #604 ), #1445, .F. ) ;
#1150 = DIRECTION ( 'NONE',  ( -0.000000000000000000, 0.000000000000000000, -1.000000000000000000 ) ) ;
#1151 = VERTEX_POINT ( 'NONE', #1407 ) ;
#1152 = DIRECTION ( 'NONE',  ( -0.000000000000000000, -0.000000000000000000, 1.000000000000000000 ) ) ;
#1153 = DIRECTION ( 'NONE',  ( 0.000000000000000000, -0.000000000000000000, 1.000000000000000000 ) ) ;
#1154 = VERTEX_POINT ( 'NONE', #184 ) ;
#1155 = DIRECTION ( 'NONE',  ( -1.000000000000000000, 0.000000000000000000, 0.000000000000000000 ) ) ;
#1156 = ORIENTED_EDGE ( 'NONE', *, *, #1725, .F. ) ;
#1157 = DIRECTION ( 'NONE',  ( -0.000000000000000000, 0.000000000000000000, -1.000000000000000000 ) ) ;
#1158 = CIRCLE ( 'NONE', #978, 0.1199999999999999678 ) ;
#1159 = FACE_OUTER_BOUND ( 'NONE', #1095, .T. ) ;
#1160 = LINE ( 'NONE', #1018, #96 ) ;
#1161 = ORIENTED_EDGE ( 'NONE', *, *, #1725, .T. ) ;
#1162 = DIRECTION ( 'NONE',  ( 0.000000000000000000, -0.000000000000000000, -1.000000000000000000 ) ) ;
#1163 = EDGE_LOOP ( 'NONE', ( #808, #553, #1058, #518, #284, #1361, #917, #483 ) ) ;
#1164 = CARTESIAN_POINT ( 'NONE',  ( 4.720000000000000639, -0.8800000000000002265, -2.600000000000000089 ) ) ;
#1165 = CIRCLE ( 'NONE', #369, 0.3500000000000003109 ) ;
#1166 = ADVANCED_BREP_SHAPE_REPRESENTATION ( 'CHASSIS FINAL Main Part 3D print', ( #68, #494 ), #1019 ) ;
#1167 = DIRECTION ( 'NONE',  ( 2.312964634635742957E-16, 1.000000000000000000, -0.000000000000000000 ) ) ;
#1168 = VECTOR ( 'NONE', #1435, 100.0000000000000000 ) ;
#1169 = ORIENTED_EDGE ( 'NONE', *, *, #1653, .T. ) ;
#1170 = DIRECTION ( 'NONE',  ( 1.000000000000000000, 0.000000000000000000, 0.000000000000000000 ) ) ;
#1171 = EDGE_CURVE ( 'NONE', #315, #185, #1266, .T. ) ;
#1172 = EDGE_LOOP ( 'NONE', ( #726, #973, #983, #1448 ) ) ;
#1173 = DIRECTION ( 'NONE',  ( -1.000000000000000000, 0.000000000000000000, 0.000000000000000000 ) ) ;
#1174 = ORIENTED_EDGE ( 'NONE', *, *, #1468, .T. ) ;
#1175 = CARTESIAN_POINT ( 'NONE',  ( -5.499999999999999112, 1.500000000000000888, -0.1000000000000000056 ) ) ;
#1176 = AXIS2_PLACEMENT_3D ( 'NONE', #355, #1353, #1483 ) ;
#1177 = AXIS2_PLACEMENT_3D ( 'NONE', #1556, #871, #727 ) ;
#1178 = AXIS2_PLACEMENT_3D ( 'NONE', #1304, #852, #724 ) ;
#1179 = PLANE ( 'NONE',  #997 ) ;
#1180 = LINE ( 'NONE', #854, #764 ) ;
#1181 = ORIENTED_EDGE ( 'NONE', *, *, #975, .T. ) ;
#1182 = PLANE ( 'NONE',  #244 ) ;
#1183 = EDGE_CURVE ( 'NONE', #398, #954, #1295, .T. ) ;
#1184 = EDGE_CURVE ( 'NONE', #1062, #954, #1717, .T. ) ;
#1185 = ORIENTED_EDGE ( 'NONE', *, *, #1007, .F. ) ;
#1186 = DIRECTION ( 'NONE',  ( 0.000000000000000000, 0.000000000000000000, 1.000000000000000000 ) ) ;
#1187 = CARTESIAN_POINT ( 'NONE',  ( -4.599999999999999645, 0.8800000000000000044, -0.5000000000000001110 ) ) ;
#1188 = ORIENTED_EDGE ( 'NONE', *, *, #1280, .F. ) ;
#1189 = DIRECTION ( 'NONE',  ( 1.652117596168387756E-16, 1.000000000000000000, 0.000000000000000000 ) ) ;
#1190 = VERTEX_POINT ( 'NONE', #441 ) ;
#1191 = ADVANCED_FACE ( 'NONE', ( #1684, #588, #1029 ), #568, .F. ) ;
#1192 = CARTESIAN_POINT ( 'NONE',  ( -1.569999999999999840, -1.999999999999999778, 0.000000000000000000 ) ) ;
#1193 = PERSON_AND_ORGANIZATION ( #597, #1739 ) ;
#1194 = DIRECTION ( 'NONE',  ( -1.000000000000000000, 0.000000000000000000, 0.000000000000000000 ) ) ;
#1195 = VECTOR ( 'NONE', #1499, 100.0000000000000000 ) ;
#1196 = EDGE_LOOP ( 'NONE', ( #501, #933, #1575, #1181 ) ) ;
#1197 = DIRECTION ( 'NONE',  ( -0.000000000000000000, -0.000000000000000000, -1.000000000000000000 ) ) ;
#1198 = AXIS2_PLACEMENT_3D ( 'NONE', #845, #1153, #1548 ) ;
#1199 = DIRECTION ( 'NONE',  ( -0.000000000000000000, -0.000000000000000000, -1.000000000000000000 ) ) ;
#1200 = EDGE_CURVE ( 'NONE', #102, #1032, #307, .T. ) ;
#1201 = DIRECTION ( 'NONE',  ( -0.000000000000000000, -0.000000000000000000, -1.000000000000000000 ) ) ;
#1202 = VECTOR ( 'NONE', #1537, 100.0000000000000000 ) ;
#1203 = ADVANCED_FACE ( 'NONE', ( #1128 ), #1554, .T. ) ;
#1204 = AXIS2_PLACEMENT_3D ( 'NONE', #766, #71, #626 ) ;
#1205 = DIRECTION ( 'NONE',  ( 1.000000000000000000, 0.000000000000000000, 0.000000000000000000 ) ) ;
#1206 = ORIENTED_EDGE ( 'NONE', *, *, #474, .F. ) ;
#1207 = DIRECTION ( 'NONE',  ( -0.000000000000000000, 0.000000000000000000, 1.000000000000000000 ) ) ;
#1208 = DIRECTION ( 'NONE',  ( 1.000000000000000000, -2.312964634635742957E-16, 0.000000000000000000 ) ) ;
#1209 = CARTESIAN_POINT ( 'NONE',  ( -5.150000000000000355, -1.499999999999998890, -0.5000000000000000000 ) ) ;
#1210 = DIRECTION ( 'NONE',  ( -0.000000000000000000, -0.000000000000000000, 1.000000000000000000 ) ) ;
#1211 = PERSON_AND_ORGANIZATION ( #597, #1739 ) ;
#1212 = ORIENTED_EDGE ( 'NONE', *, *, #312, .T. ) ;
#1213 = LINE ( 'NONE', #1748, #530 ) ;
#1214 = ADVANCED_FACE ( 'NONE', ( #1159 ), #288, .F. ) ;
#1215 = EDGE_CURVE ( 'NONE', #329, #250, #381, .T. ) ;
#1216 = AXIS2_PLACEMENT_3D ( 'NONE', #1355, #794, #1758 ) ;
#1217 = VERTEX_POINT ( 'NONE', #370 ) ;
#1218 = DIRECTION ( 'NONE',  ( -0.000000000000000000, -0.000000000000000000, 1.000000000000000000 ) ) ;
#1219 = LINE ( 'NONE', #376, #814 ) ;
#1220 = DIRECTION ( 'NONE',  ( 2.312964634635742957E-16, 1.000000000000000000, -0.000000000000000000 ) ) ;
#1221 = DIRECTION ( 'NONE',  ( -1.000000000000000000, 2.618450529776312260E-16, 0.000000000000000000 ) ) ;
#1222 = ORIENTED_EDGE ( 'NONE', *, *, #1335, .F. ) ;
#1223 = DIRECTION ( 'NONE',  ( -0.000000000000000000, -0.000000000000000000, 1.000000000000000000 ) ) ;
#1224 = ORIENTED_EDGE ( 'NONE', *, *, #1386, .T. ) ;
#1225 = AXIS2_PLACEMENT_3D ( 'NONE', #1673, #424, #682 ) ;
#1226 = EDGE_CURVE ( 'NONE', #949, #1300, #932, .T. ) ;
#1227 = CARTESIAN_POINT ( 'NONE',  ( 2.819999999999999396, -3.149999999999999911, 0.2999999999999999889 ) ) ;
#1228 = AXIS2_PLACEMENT_3D ( 'NONE', #1127, #39, #181 ) ;
#1229 = ORIENTED_EDGE ( 'NONE', *, *, #334, .T. ) ;
#1230 = CARTESIAN_POINT ( 'NONE',  ( 5.150000000000000355, 1.499999999999998890, -0.5000000000000000000 ) ) ;
#1231 = ORIENTED_EDGE ( 'NONE', *, *, #887, .T. ) ;
#1232 = DIRECTION ( 'NONE',  ( 1.000000000000000000, 0.000000000000000000, 0.000000000000000000 ) ) ;
#1233 = AXIS2_PLACEMENT_3D ( 'NONE', #892, #194, #756 ) ;
#1234 = ORIENTED_EDGE ( 'NONE', *, *, #1524, .T. ) ;
#1235 = CARTESIAN_POINT ( 'NONE',  ( -5.499999999999999112, 1.500000000000000888, -0.1000000000000000056 ) ) ;
#1236 = VECTOR ( 'NONE', #869, 100.0000000000000000 ) ;
#1237 = ORIENTED_EDGE ( 'NONE', *, *, #1021, .T. ) ;
#1238 = DIRECTION ( 'NONE',  ( -0.000000000000000000, -0.000000000000000000, -1.000000000000000000 ) ) ;
#1239 = EDGE_CURVE ( 'NONE', #609, #1032, #911, .T. ) ;
#1240 = EDGE_CURVE ( 'NONE', #1636, #1516, #1609, .T. ) ;
#1241 = DIRECTION ( 'NONE',  ( -0.000000000000000000, -0.000000000000000000, -1.000000000000000000 ) ) ;
#1242 = LINE ( 'NONE', #955, #232 ) ;
#1243 = EDGE_LOOP ( 'NONE', ( #957, #819 ) ) ;
#1244 = LINE ( 'NONE', #948, #1202 ) ;
#1245 = DIRECTION ( 'NONE',  ( 1.000000000000000000, 0.000000000000000000, 0.000000000000000000 ) ) ;
#1246 = EDGE_CURVE ( 'NONE', #105, #706, #1728, .T. ) ;
#1247 = FACE_OUTER_BOUND ( 'NONE', #1363, .T. ) ;
#1248 = CARTESIAN_POINT ( 'NONE',  ( 5.150000000000000355, -1.150000000000001021, -0.5000000000000000000 ) ) ;
#1249 = ORIENTED_EDGE ( 'NONE', *, *, #110, .T. ) ;
#1250 = CARTESIAN_POINT ( 'NONE',  ( 2.499999999999999556, -1.500000000000000222, -0.5000000000000000000 ) ) ;
#1251 = VECTOR ( 'NONE', #388, 100.0000000000000000 ) ;
#1252 = DIRECTION ( 'NONE',  ( -0.000000000000000000, -0.000000000000000000, 1.000000000000000000 ) ) ;
#1253 = CIRCLE ( 'NONE', #694, 0.1199999999999999678 ) ;
#1254 = CYLINDRICAL_SURFACE ( 'NONE', #611, 0.1700000000000000122 ) ;
#1255 = VECTOR ( 'NONE', #486, 100.0000000000000000 ) ;
#1256 = PLANE ( 'NONE',  #674 ) ;
#1257 = ADVANCED_FACE ( 'NONE', ( #343 ), #905, .F. ) ;
#1258 = ORIENTED_EDGE ( 'NONE', *, *, #862, .F. ) ;
#1259 = CARTESIAN_POINT ( 'NONE',  ( -2.649999999999999467, 3.150000000000000799, 0.2999999999999999889 ) ) ;
#1260 = AXIS2_PLACEMENT_3D ( 'NONE', #500, #1756, #80 ) ;
#1261 = CIRCLE ( 'NONE', #65, 0.3500000000000003109 ) ;
#1262 = VECTOR ( 'NONE', #1693, 100.0000000000000000 ) ;
#1263 = DIRECTION ( 'NONE',  ( -1.000000000000000000, 0.000000000000000000, 0.000000000000000000 ) ) ;
#1264 = VERTEX_POINT ( 'NONE', #1616 ) ;
#1265 = LINE ( 'NONE', #8, #1168 ) ;
#1266 = LINE ( 'NONE', #457, #940 ) ;
#1267 = EDGE_LOOP ( 'NONE', ( #480, #1698 ) ) ;
#1268 = CARTESIAN_POINT ( 'NONE',  ( -3.000000000000000000, 4.956352788505164254E-16, 0.000000000000000000 ) ) ;
#1269 = EDGE_CURVE ( 'NONE', #1767, #1151, #1148, .T. ) ;
#1270 = EDGE_CURVE ( 'NONE', #43, #1369, #1720, .T. ) ;
#1271 = ORIENTED_EDGE ( 'NONE', *, *, #1632, .F. ) ;
#1272 = CARTESIAN_POINT ( 'NONE',  ( -2.999999999999999112, 3.150000000000000799, 0.2999999999999999889 ) ) ;
#1273 = VECTOR ( 'NONE', #1197, 100.0000000000000000 ) ;
#1274 = ORIENTED_EDGE ( 'NONE', *, *, #1080, .F. ) ;
#1275 = LINE ( 'NONE', #1164, #280 ) ;
#1276 = CARTESIAN_POINT ( 'NONE',  ( -4.719999999999998863, 0.8800000000000000044, -0.1000000000000000056 ) ) ;
#1277 = EDGE_LOOP ( 'NONE', ( #1513, #1485 ) ) ;
#1278 = CARTESIAN_POINT ( 'NONE',  ( 1.229999999999999760, -1.999999999999999778, 0.2999999999999999889 ) ) ;
#1279 =( LENGTH_UNIT ( ) NAMED_UNIT ( * ) SI_UNIT ( .CENTI., .METRE. ) );
#1280 = EDGE_CURVE ( 'NONE', #747, #1617, #496, .T. ) ;
#1281 = ORIENTED_EDGE ( 'NONE', *, *, #1021, .F. ) ;
#1282 = DIRECTION ( 'NONE',  ( 0.000000000000000000, 0.000000000000000000, -1.000000000000000000 ) ) ;
#1283 = ADVANCED_FACE ( 'NONE', ( #1338, #477, #200, #1330, #1473, #77, #98, #1624, #1046 ), #1179, .F. ) ;
#1284 = ORIENTED_EDGE ( 'NONE', *, *, #912, .T. ) ;
#1285 = DIRECTION ( 'NONE',  ( 0.000000000000000000, 0.000000000000000000, -1.000000000000000000 ) ) ;
#1286 = VECTOR ( 'NONE', #752, 100.0000000000000000 ) ;
#1287 = CYLINDRICAL_SURFACE ( 'NONE', #703, 0.1700000000000000122 ) ;
#1288 = ORIENTED_EDGE ( 'NONE', *, *, #693, .T. ) ;
#1289 = CYLINDRICAL_SURFACE ( 'NONE', #823, 0.1700000000000000122 ) ;
#1290 = ORIENTED_EDGE ( 'NONE', *, *, #1215, .T. ) ;
#1291 = CARTESIAN_POINT ( 'NONE',  ( 1.399999999999999911, -1.999999999999999778, 0.2999999999999999889 ) ) ;
#1292 = CIRCLE ( 'NONE', #1352, 0.1199999999999999678 ) ;
#1293 = ORIENTED_EDGE ( 'NONE', *, *, #393, .F. ) ;
#1294 = CARTESIAN_POINT ( 'NONE',  ( 3.000000000000000444, 1.499999999999999334, -0.1000000000000000056 ) ) ;
#1295 = LINE ( 'NONE', #467, #1262 ) ;
#1296 = ORIENTED_EDGE ( 'NONE', *, *, #1408, .F. ) ;
#1297 = CARTESIAN_POINT ( 'NONE',  ( -1.229999999999999760, -1.999999999999999778, 0.2999999999999999889 ) ) ;
#1298 = ORIENTED_EDGE ( 'NONE', *, *, #1239, .T. ) ;
#1299 = FACE_OUTER_BOUND ( 'NONE', #904, .T. ) ;
#1300 = VERTEX_POINT ( 'NONE', #1192 ) ;
#1301 = DIRECTION ( 'NONE',  ( -2.753529326947312927E-16, -1.000000000000000000, 0.000000000000000000 ) ) ;
#1302 = AXIS2_PLACEMENT_3D ( 'NONE', #481, #160, #330 ) ;
#1303 = EDGE_CURVE ( 'NONE', #46, #1217, #1465, .T. ) ;
#1304 = CARTESIAN_POINT ( 'NONE',  ( 4.600000000000000533, 0.8799999999999998934, -2.600000000000000089 ) ) ;
#1305 = VERTEX_POINT ( 'NONE', #1753 ) ;
#1306 = CARTESIAN_POINT ( 'NONE',  ( -2.650000000000000355, -3.149999999999999911, 0.000000000000000000 ) ) ;
#1307 = ORIENTED_EDGE ( 'NONE', *, *, #1713, .F. ) ;
#1308 = CARTESIAN_POINT ( 'NONE',  ( 2.500000000000000000, 1.499999999999999556, 0.000000000000000000 ) ) ;
#1309 = ORIENTED_EDGE ( 'NONE', *, *, #345, .T. ) ;
#1310 = DIRECTION ( 'NONE',  ( 2.312964634635742957E-16, 1.000000000000000000, 0.000000000000000000 ) ) ;
#1311 = CIRCLE ( 'NONE', #523, 0.1199999999999999678 ) ;
#1312 = DIRECTION ( 'NONE',  ( -0.000000000000000000, 0.000000000000000000, 1.000000000000000000 ) ) ;
#1313 = CIRCLE ( 'NONE', #340, 0.1199999999999999678 ) ;
#1314 = ORIENTED_EDGE ( 'NONE', *, *, #562, .T. ) ;
#1315 = LINE ( 'NONE', #186, #380 ) ;
#1316 = EDGE_CURVE ( 'NONE', #945, #248, #1464, .T. ) ;
#1317 = VERTEX_POINT ( 'NONE', #86 ) ;
#1318 = CYLINDRICAL_SURFACE ( 'NONE', #1671, 0.1700000000000000122 ) ;
#1319 = VERTEX_POINT ( 'NONE', #916 ) ;
#1320 = VECTOR ( 'NONE', #1223, 100.0000000000000000 ) ;
#1321 = AXIS2_PLACEMENT_3D ( 'NONE', #575, #1700, #1016 ) ;
#1322 = CARTESIAN_POINT ( 'NONE',  ( 0.000000000000000000, 0.000000000000000000, 0.000000000000000000 ) ) ;
#1323 = COORDINATED_UNIVERSAL_TIME_OFFSET ( 5, 30, .AHEAD. ) ;
#1324 = FACE_OUTER_BOUND ( 'NONE', #968, .T. ) ;
#1325 = ORIENTED_EDGE ( 'NONE', *, *, #38, .F. ) ;
#1326 = CC_DESIGN_PERSON_AND_ORGANIZATION_ASSIGNMENT ( #1054, #336, ( #1371 ) ) ;
#1327 = ADVANCED_FACE ( 'NONE', ( #58 ), #1037, .F. ) ;
#1328 = CARTESIAN_POINT ( 'NONE',  ( 5.499999999999999112, -1.150000000000001021, -0.5000000000000000000 ) ) ;
#1329 = EDGE_LOOP ( 'NONE', ( #254, #1161, #510, #1314, #89, #59, #161, #1188, #10, #327, #1726, #738, #993, #1643, #341, #387 ) ) ;
#1330 = FACE_BOUND ( 'NONE', #1755, .T. ) ;
#1331 = PERSON_AND_ORGANIZATION_ROLE ( 'design_owner' ) ;
#1332 = CARTESIAN_POINT ( 'NONE',  ( 1.569999999999999840, -1.999999999999999778, 0.2999999999999999889 ) ) ;
#1333 = ORIENTED_EDGE ( 'NONE', *, *, #85, .F. ) ;
#1334 = DIRECTION ( 'NONE',  ( -0.000000000000000000, -0.000000000000000000, -1.000000000000000000 ) ) ;
#1335 = EDGE_CURVE ( 'NONE', #1434, #472, #209, .T. ) ;
#1336 = CARTESIAN_POINT ( 'NONE',  ( -3.000000000000000444, -1.499999999999999334, -0.1000000000000000056 ) ) ;
#1337 = ADVANCED_FACE ( 'NONE', ( #1453 ), #772, .F. ) ;
#1338 = FACE_BOUND ( 'NONE', #1141, .T. ) ;
#1339 = CIRCLE ( 'NONE', #490, 0.1700000000000000122 ) ;
#1340 = EDGE_LOOP ( 'NONE', ( #1619, #714 ) ) ;
#1341 = DIRECTION ( 'NONE',  ( -0.000000000000000000, -0.000000000000000000, -1.000000000000000000 ) ) ;
#1342 = VECTOR ( 'NONE', #691, 100.0000000000000000 ) ;
#1343 = EDGE_LOOP ( 'NONE', ( #1206, #843, #100, #164 ) ) ;
#1344 = CARTESIAN_POINT ( 'NONE',  ( 2.479999999999999538, -3.149999999999999911, 0.000000000000000000 ) ) ;
#1345 = DIRECTION ( 'NONE',  ( 1.000000000000000000, -2.753529326947312927E-16, 0.000000000000000000 ) ) ;
#1346 = DIRECTION ( 'NONE',  ( -0.000000000000000000, -0.000000000000000000, 1.000000000000000000 ) ) ;
#1347 = EDGE_CURVE ( 'NONE', #751, #374, #799, .T. ) ;
#1348 = EDGE_CURVE ( 'NONE', #1154, #1151, #130, .T. ) ;
#1349 = CARTESIAN_POINT ( 'NONE',  ( 3.000000000000000000, -8.260587980841938780E-16, 0.000000000000000000 ) ) ;
#1350 = AXIS2_PLACEMENT_3D ( 'NONE', #1047, #517, #1205 ) ;
#1351 = VECTOR ( 'NONE', #249, 100.0000000000000000 ) ;
#1352 = AXIS2_PLACEMENT_3D ( 'NONE', #1187, #1063, #646 ) ;
#1353 = DIRECTION ( 'NONE',  ( 0.000000000000000000, 0.000000000000000000, -1.000000000000000000 ) ) ;
#1354 = ORIENTED_EDGE ( 'NONE', *, *, #356, .T. ) ;
#1355 = CARTESIAN_POINT ( 'NONE',  ( -1.399999999999999911, -1.999999999999999778, 0.2999999999999999889 ) ) ;
#1356 = DIRECTION ( 'NONE',  ( 1.000000000000000000, 0.000000000000000000, 0.000000000000000000 ) ) ;
#1357 = CARTESIAN_POINT ( 'NONE',  ( 4.720000000000000639, 0.8799999999999998934, -0.5000000000000001110 ) ) ;
#1358 = LINE ( 'NONE', #1762, #1570 ) ;
#1359 = APPROVAL_DATE_TIME ( #800, #532 ) ;
#1360 = EDGE_CURVE ( 'NONE', #398, #240, #1393, .T. ) ;
#1361 = ORIENTED_EDGE ( 'NONE', *, *, #264, .F. ) ;
#1362 = FACE_OUTER_BOUND ( 'NONE', #571, .T. ) ;
#1363 = EDGE_LOOP ( 'NONE', ( #592, #262, #1070, #167 ) ) ;
#1364 = DIRECTION ( 'NONE',  ( 1.000000000000000000, 0.000000000000000000, 0.000000000000000000 ) ) ;
#1365 = ORIENTED_EDGE ( 'NONE', *, *, #754, .T. ) ;
#1366 = CARTESIAN_POINT ( 'NONE',  ( -5.500000000000000888, -1.499999999999999112, -0.1000000000000000056 ) ) ;
#1367 = ORIENTED_EDGE ( 'NONE', *, *, #1397, .T. ) ;
#1368 = CARTESIAN_POINT ( 'NONE',  ( 5.150000000000000355, 1.149999999999999023, -0.1000000000000000056 ) ) ;
#1369 = VERTEX_POINT ( 'NONE', #1230 ) ;
#1370 = DIRECTION ( 'NONE',  ( -0.000000000000000000, 0.000000000000000000, 1.000000000000000000 ) ) ;
#1371 = PRODUCT_DEFINITION_FORMATION_WITH_SPECIFIED_SOURCE ( 'ANY', '', #1030, .NOT_KNOWN. ) ;
#1372 = ORIENTED_EDGE ( 'NONE', *, *, #810, .T. ) ;
#1373 = CARTESIAN_POINT ( 'NONE',  ( -4.719999999999998863, 0.8800000000000000044, -0.5000000000000001110 ) ) ;
#1374 = DIRECTION ( 'NONE',  ( 0.000000000000000000, 0.000000000000000000, -1.000000000000000000 ) ) ;
#1375 = AXIS2_PLACEMENT_3D ( 'NONE', #559, #1503, #826 ) ;
#1376 = ORIENTED_EDGE ( 'NONE', *, *, #1770, .T. ) ;
#1377 = DIRECTION ( 'NONE',  ( -1.652117596168387756E-16, -1.000000000000000000, 0.000000000000000000 ) ) ;
#1378 = ADVANCED_FACE ( 'NONE', ( #267 ), #259, .F. ) ;
#1379 = DIRECTION ( 'NONE',  ( 0.000000000000000000, 0.000000000000000000, 1.000000000000000000 ) ) ;
#1380 = LINE ( 'NONE', #541, #1766 ) ;
#1381 = FACE_BOUND ( 'NONE', #35, .T. ) ;
#1382 = ORIENTED_EDGE ( 'NONE', *, *, #1574, .T. ) ;
#1383 = LINE ( 'NONE', #1250, #735 ) ;
#1384 = VECTOR ( 'NONE', #1587, 100.0000000000000000 ) ;
#1385 = DIRECTION ( 'NONE',  ( 0.000000000000000000, -0.000000000000000000, -1.000000000000000000 ) ) ;
#1386 = EDGE_CURVE ( 'NONE', #1305, #1154, #1253, .T. ) ;
#1387 = CARTESIAN_POINT ( 'NONE',  ( 5.150000000000000355, -1.500000000000000888, -0.5000000000000000000 ) ) ;
#1388 = ADVANCED_FACE ( 'NONE', ( #1247 ), #1254, .F. ) ;
#1389 = LINE ( 'NONE', #842, #1320 ) ;
#1390 = VERTEX_POINT ( 'NONE', #1518 ) ;
#1391 = DIRECTION ( 'NONE',  ( 0.000000000000000000, 0.000000000000000000, -1.000000000000000000 ) ) ;
#1392 = CARTESIAN_POINT ( 'NONE',  ( -5.499999999999999112, 1.150000000000001021, -0.5000000000000000000 ) ) ;
#1393 = CIRCLE ( 'NONE', #1108, 0.1700000000000000122 ) ;
#1394 = ORIENTED_EDGE ( 'NONE', *, *, #404, .F. ) ;
#1395 = CARTESIAN_POINT ( 'NONE',  ( 2.649999999999999467, -3.500000000000001776, 0.2999999999999999889 ) ) ;
#1396 = EDGE_CURVE ( 'NONE', #1405, #406, #1772, .T. ) ;
#1397 = EDGE_CURVE ( 'NONE', #1305, #1767, #971, .T. ) ;
#1398 = CARTESIAN_POINT ( 'NONE',  ( 5.499999999999999112, -1.500000000000001110, -0.5000000000000000000 ) ) ;
#1399 = VERTEX_POINT ( 'NONE', #1373 ) ;
#1400 = DIRECTION ( 'NONE',  ( -0.000000000000000000, -0.000000000000000000, -1.000000000000000000 ) ) ;
#1401 = VECTOR ( 'NONE', #1475, 100.0000000000000000 ) ;
#1402 = DATE_TIME_ROLE ( 'creation_date' ) ;
#1403 = AXIS2_PLACEMENT_3D ( 'NONE', #1562, #1150, #713 ) ;
#1404 = DIRECTION ( 'NONE',  ( 1.000000000000000000, 0.000000000000000000, 0.000000000000000000 ) ) ;
#1405 = VERTEX_POINT ( 'NONE', #1387 ) ;
#1406 = CARTESIAN_POINT ( 'NONE',  ( -1.399999999999999911, 2.000000000000000444, 0.2999999999999999889 ) ) ;
#1407 = CARTESIAN_POINT ( 'NONE',  ( -4.479999999999999538, -0.8800000000000000044, -0.1000000000000000056 ) ) ;
#1408 = EDGE_CURVE ( 'NONE', #250, #329, #725, .T. ) ;
#1409 = EDGE_LOOP ( 'NONE', ( #465, #913, #710, #895 ) ) ;
#1410 = CYLINDRICAL_SURFACE ( 'NONE', #676, 0.1700000000000000122 ) ;
#1411 = PERSON_AND_ORGANIZATION ( #597, #1739 ) ;
#1412 = ORIENTED_EDGE ( 'NONE', *, *, #1701, .F. ) ;
#1413 = CARTESIAN_POINT ( 'NONE',  ( -5.500000000000000000, -1.149999999999998801, -0.5000000000000000000 ) ) ;
#1414 = CIRCLE ( 'NONE', #1591, 0.1199999999999999678 ) ;
#1415 = ORIENTED_EDGE ( 'NONE', *, *, #705, .F. ) ;
#1416 = DIRECTION ( 'NONE',  ( 1.000000000000000000, 0.000000000000000000, 0.000000000000000000 ) ) ;
#1417 = DIRECTION ( 'NONE',  ( 0.000000000000000000, 0.000000000000000000, -1.000000000000000000 ) ) ;
#1418 = ORIENTED_EDGE ( 'NONE', *, *, #1010, .F. ) ;
#1419 = FACE_OUTER_BOUND ( 'NONE', #1533, .T. ) ;
#1420 = ORIENTED_EDGE ( 'NONE', *, *, #810, .F. ) ;
#1421 = EDGE_CURVE ( 'NONE', #1042, #46, #1509, .T. ) ;
#1422 = EDGE_CURVE ( 'NONE', #1469, #1122, #557, .T. ) ;
#1423 = DIRECTION ( 'NONE',  ( 0.000000000000000000, 0.000000000000000000, 1.000000000000000000 ) ) ;
#1424 = CLOSED_SHELL ( 'NONE', ( #99, #119, #297, #1565, #1149, #257, #630, #942, #673, #1388, #1, #323, #1257, #1283, #1203, #1327, #415, #552, #873, #158, #683, #1337, #1133, #286, #608, #214, #49, #1378, #236, #956, #191, #953, #1471, #1112, #460, #509, #223, #943, #596, #1665, #1191, #1064, #1781, #1214, #450, #15, #820, #888, #276, #1068 ) ) ;
#1425 = ORIENTED_EDGE ( 'NONE', *, *, #998, .T. ) ;
#1426 = DIRECTION ( 'NONE',  ( 1.000000000000000000, -2.753529326947312927E-16, 0.000000000000000000 ) ) ;
#1427 = CIRCLE ( 'NONE', #1228, 0.1199999999999999678 ) ;
#1428 = FACE_OUTER_BOUND ( 'NONE', #1733, .T. ) ;
#1429 = CARTESIAN_POINT ( 'NONE',  ( -1.399999999999999911, 2.000000000000000444, 0.2999999999999999889 ) ) ;
#1430 = EDGE_LOOP ( 'NONE', ( #435, #1156, #855, #1420 ) ) ;
#1431 = CYLINDRICAL_SURFACE ( 'NONE', #1125, 0.1199999999999999678 ) ;
#1432 = EDGE_CURVE ( 'NONE', #1437, #220, #1737, .T. ) ;
#1433 = AXIS2_PLACEMENT_3D ( 'NONE', #946, #261, #551 ) ;
#1434 = VERTEX_POINT ( 'NONE', #1118 ) ;
#1435 = DIRECTION ( 'NONE',  ( -0.000000000000000000, -0.000000000000000000, -1.000000000000000000 ) ) ;
#1436 = CARTESIAN_POINT ( 'NONE',  ( 5.499999999999999112, -1.500000000000001110, -0.1000000000000000056 ) ) ;
#1437 = VERTEX_POINT ( 'NONE', #114 ) ;
#1438 = DIRECTION ( 'NONE',  ( -0.000000000000000000, -0.000000000000000000, -1.000000000000000000 ) ) ;
#1439 = ORIENTED_EDGE ( 'NONE', *, *, #1280, .T. ) ;
#1440 = CARTESIAN_POINT ( 'NONE',  ( -5.499999999999999112, 1.500000000000000888, -0.5000000000000000000 ) ) ;
#1441 = VERTEX_POINT ( 'NONE', #122 ) ;
#1442 = CARTESIAN_POINT ( 'NONE',  ( 1.399999999999999911, 2.000000000000000444, 0.000000000000000000 ) ) ;
#1443 = AXIS2_PLACEMENT_3D ( 'NONE', #759, #36, #454 ) ;
#1444 = EDGE_CURVE ( 'NONE', #472, #141, #1358, .T. ) ;
#1445 = CYLINDRICAL_SURFACE ( 'NONE', #1321, 0.1700000000000000122 ) ;
#1446 = EDGE_LOOP ( 'NONE', ( #758, #1293 ) ) ;
#1447 = DIRECTION ( 'NONE',  ( 0.000000000000000000, -0.000000000000000000, -1.000000000000000000 ) ) ;
#1448 = ORIENTED_EDGE ( 'NONE', *, *, #1171, .F. ) ;
#1449 = DIRECTION ( 'NONE',  ( -0.000000000000000000, -0.000000000000000000, -1.000000000000000000 ) ) ;
#1450 = ORIENTED_EDGE ( 'NONE', *, *, #632, .T. ) ;
#1451 = LINE ( 'NONE', #521, #1656 ) ;
#1452 = AXIS2_PLACEMENT_3D ( 'NONE', #1082, #1761, #1606 ) ;
#1453 = FACE_OUTER_BOUND ( 'NONE', #1507, .T. ) ;
#1454 = EDGE_CURVE ( 'NONE', #447, #55, #1484, .T. ) ;
#1455 = EDGE_CURVE ( 'NONE', #740, #248, #382, .T. ) ;
#1456 = DATE_AND_TIME ( #634, #1571 ) ;
#1457 = AXIS2_PLACEMENT_3D ( 'NONE', #1561, #1301, #1426 ) ;
#1458 = ORIENTED_EDGE ( 'NONE', *, *, #1692, .F. ) ;
#1459 = FACE_OUTER_BOUND ( 'NONE', #1430, .T. ) ;
#1460 = ORIENTED_EDGE ( 'NONE', *, *, #1102, .F. ) ;
#1461 = CARTESIAN_POINT ( 'NONE',  ( -2.999999999999999112, 3.150000000000000799, 0.000000000000000000 ) ) ;
#1462 = ORIENTED_EDGE ( 'NONE', *, *, #1489, .F. ) ;
#1463 = VECTOR ( 'NONE', #636, 100.0000000000000000 ) ;
#1464 = CIRCLE ( 'NONE', #677, 0.1700000000000000122 ) ;
#1465 = LINE ( 'NONE', #353, #442 ) ;
#1466 = VERTEX_POINT ( 'NONE', #825 ) ;
#1467 = DIRECTION ( 'NONE',  ( -0.000000000000000000, -0.000000000000000000, 1.000000000000000000 ) ) ;
#1468 = EDGE_CURVE ( 'NONE', #153, #1369, #1380, .T. ) ;
#1469 = VERTEX_POINT ( 'NONE', #401 ) ;
#1470 = DIRECTION ( 'NONE',  ( -0.000000000000000000, -0.000000000000000000, -1.000000000000000000 ) ) ;
#1471 = ADVANCED_FACE ( 'NONE', ( #962 ), #275, .T. ) ;
#1472 = ORIENTED_EDGE ( 'NONE', *, *, #171, .F. ) ;
#1473 = FACE_BOUND ( 'NONE', #645, .T. ) ;
#1474 = ORIENTED_EDGE ( 'NONE', *, *, #519, .F. ) ;
#1475 = DIRECTION ( 'NONE',  ( 0.000000000000000000, 0.000000000000000000, -1.000000000000000000 ) ) ;
#1476 = EDGE_LOOP ( 'NONE', ( #1752, #919, #804, #637 ) ) ;
#1477 = FACE_OUTER_BOUND ( 'NONE', #378, .T. ) ;
#1478 = EDGE_CURVE ( 'NONE', #1190, #437, #574, .T. ) ;
#1479 = DIRECTION ( 'NONE',  ( -1.000000000000000000, 0.000000000000000000, 0.000000000000000000 ) ) ;
#1480 = UNCERTAINTY_MEASURE_WITH_UNIT (LENGTH_MEASURE( 1.000000000000000082E-05 ), #1279, 'distance_accuracy_value', 'NONE');
#1481 = CARTESIAN_POINT ( 'NONE',  ( -4.599999999999999645, -0.8800000000000000044, -0.1000000000000000056 ) ) ;
#1482 = CIRCLE ( 'NONE', #1225, 0.3500000000000003109 ) ;
#1483 = DIRECTION ( 'NONE',  ( -1.000000000000000000, 0.000000000000000000, 0.000000000000000000 ) ) ;
#1484 = CIRCLE ( 'NONE', #227, 0.3500000000000003109 ) ;
#1485 = ORIENTED_EDGE ( 'NONE', *, *, #311, .F. ) ;
#1486 = CARTESIAN_POINT ( 'NONE',  ( -1.399999999999999911, 2.000000000000000444, 0.2999999999999999889 ) ) ;
#1487 = DIRECTION ( 'NONE',  ( -1.000000000000000000, 1.652117596168387756E-16, 0.000000000000000000 ) ) ;
#1488 = DIRECTION ( 'NONE',  ( -0.000000000000000000, 0.000000000000000000, 1.000000000000000000 ) ) ;
#1489 = EDGE_CURVE ( 'NONE', #115, #623, #841, .T. ) ;
#1490 = CARTESIAN_POINT ( 'NONE',  ( -4.719999999999998863, -0.8800000000000000044, -2.600000000000000089 ) ) ;
#1491 = CIRCLE ( 'NONE', #1715, 0.3500000000000003109 ) ;
#1492 = AXIS2_PLACEMENT_3D ( 'NONE', #1235, #416, #672 ) ;
#1493 = ORIENTED_EDGE ( 'NONE', *, *, #1348, .F. ) ;
#1494 = FACE_BOUND ( 'NONE', #1446, .T. ) ;
#1495 = VERTEX_POINT ( 'NONE', #1699 ) ;
#1496 = DIRECTION ( 'NONE',  ( -1.000000000000000000, 0.000000000000000000, 0.000000000000000000 ) ) ;
#1497 = LINE ( 'NONE', #1069, #371 ) ;
#1498 = DIRECTION ( 'NONE',  ( 1.000000000000000000, 0.000000000000000000, 0.000000000000000000 ) ) ;
#1499 = DIRECTION ( 'NONE',  ( -0.000000000000000000, -0.000000000000000000, -1.000000000000000000 ) ) ;
#1500 = COORDINATED_UNIVERSAL_TIME_OFFSET ( 5, 30, .AHEAD. ) ;
#1501 = EDGE_CURVE ( 'NONE', #925, #1469, #57, .T. ) ;
#1502 = ORIENTED_EDGE ( 'NONE', *, *, #693, .F. ) ;
#1503 = DIRECTION ( 'NONE',  ( -1.000000000000000000, 2.312964634635742957E-16, 0.000000000000000000 ) ) ;
#1504 = VECTOR ( 'NONE', #1596, 100.0000000000000000 ) ;
#1505 = ORIENTED_EDGE ( 'NONE', *, *, #632, .F. ) ;
#1506 = CYLINDRICAL_SURFACE ( 'NONE', #1143, 0.1700000000000000122 ) ;
#1507 = EDGE_LOOP ( 'NONE', ( #560, #647, #445, #1521 ) ) ;
#1508 = CYLINDRICAL_SURFACE ( 'NONE', #1625, 0.1199999999999999678 ) ;
#1509 = LINE ( 'NONE', #1366, #1342 ) ;
#1510 = FACE_BOUND ( 'NONE', #91, .T. ) ;
#1511 = CIRCLE ( 'NONE', #309, 0.1199999999999999678 ) ;
#1512 = EDGE_CURVE ( 'NONE', #1300, #1317, #988, .T. ) ;
#1513 = ORIENTED_EDGE ( 'NONE', *, *, #777, .F. ) ;
#1514 = DIRECTION ( 'NONE',  ( 1.000000000000000000, 0.000000000000000000, 0.000000000000000000 ) ) ;
#1515 = CIRCLE ( 'NONE', #170, 0.1700000000000000122 ) ;
#1516 = VERTEX_POINT ( 'NONE', #1135 ) ;
#1517 = CARTESIAN_POINT ( 'NONE',  ( -1.399999999999999911, 2.000000000000000444, 0.2999999999999999889 ) ) ;
#1518 = CARTESIAN_POINT ( 'NONE',  ( 2.650000000000000799, 3.499999999999999556, 0.000000000000000000 ) ) ;
#1519 = SHAPE_DEFINITION_REPRESENTATION ( #1660, #1166 ) ;
#1520 = LINE ( 'NONE', #679, #1686 ) ;
#1521 = ORIENTED_EDGE ( 'NONE', *, *, #1184, .F. ) ;
#1522 = EDGE_CURVE ( 'NONE', #1190, #981, #1081, .T. ) ;
#1523 = CARTESIAN_POINT ( 'NONE',  ( 2.479999999999999538, -3.149999999999999911, 0.2999999999999999889 ) ) ;
#1524 = EDGE_CURVE ( 'NONE', #589, #1075, #840, .T. ) ;
#1525 = CARTESIAN_POINT ( 'NONE',  ( 2.499999999999999556, -1.500000000000000222, 0.000000000000000000 ) ) ;
#1526 = DIRECTION ( 'NONE',  ( -0.000000000000000000, 0.000000000000000000, 1.000000000000000000 ) ) ;
#1527 = CARTESIAN_POINT ( 'NONE',  ( 5.150000000000000355, -1.150000000000001021, 0.000000000000000000 ) ) ;
#1528 = ORIENTED_EDGE ( 'NONE', *, *, #1200, .F. ) ;
#1529 = CARTESIAN_POINT ( 'NONE',  ( 2.819999999999999396, -3.149999999999999911, 0.000000000000000000 ) ) ;
#1530 = AXIS2_PLACEMENT_3D ( 'NONE', #1704, #1449, #473 ) ;
#1531 = EDGE_LOOP ( 'NONE', ( #698, #1097, #1274, #1271 ) ) ;
#1532 = CARTESIAN_POINT ( 'NONE',  ( 2.500000000000000000, 1.499999999999999556, 0.000000000000000000 ) ) ;
#1533 = EDGE_LOOP ( 'NONE', ( #793, #1710, #1595, #778 ) ) ;
#1534 = CARTESIAN_POINT ( 'NONE',  ( 4.480000000000000426, 0.8799999999999998934, -2.600000000000000089 ) ) ;
#1535 = DIRECTION ( 'NONE',  ( 1.000000000000000000, 0.000000000000000000, 0.000000000000000000 ) ) ;
#1536 = VERTEX_POINT ( 'NONE', #878 ) ;
#1537 = DIRECTION ( 'NONE',  ( 0.000000000000000000, 0.000000000000000000, 1.000000000000000000 ) ) ;
#1538 = VECTOR ( 'NONE', #531, 100.0000000000000000 ) ;
#1539 = ORIENTED_EDGE ( 'NONE', *, *, #225, .T. ) ;
#1540 = CARTESIAN_POINT ( 'NONE',  ( 2.649999999999999467, -3.149999999999999911, 0.000000000000000000 ) ) ;
#1541 = VECTOR ( 'NONE', #807, 100.0000000000000000 ) ;
#1542 = ORIENTED_EDGE ( 'NONE', *, *, #1543, .T. ) ;
#1543 = EDGE_CURVE ( 'NONE', #1013, #79, #1275, .T. ) ;
#1544 = DIRECTION ( 'NONE',  ( -0.000000000000000000, 0.000000000000000000, 1.000000000000000000 ) ) ;
#1545 = CARTESIAN_POINT ( 'NONE',  ( 2.650000000000000799, 3.149999999999999911, 0.2999999999999999889 ) ) ;
#1546 = DIRECTION ( 'NONE',  ( 1.000000000000000000, 0.000000000000000000, 0.000000000000000000 ) ) ;
#1547 = CIRCLE ( 'NONE', #1433, 0.1700000000000000122 ) ;
#1548 = DIRECTION ( 'NONE',  ( -1.000000000000000000, 0.000000000000000000, 0.000000000000000000 ) ) ;
#1549 = ORIENTED_EDGE ( 'NONE', *, *, #1770, .F. ) ;
#1550 = AXIS2_PLACEMENT_3D ( 'NONE', #1545, #41, #598 ) ;
#1551 = CYLINDRICAL_SURFACE ( 'NONE', #607, 0.1199999999999999678 ) ;
#1552 = EDGE_LOOP ( 'NONE', ( #631, #208, #1439, #990, #790, #742, #107, #836 ) ) ;
#1553 = CARTESIAN_POINT ( 'NONE',  ( -1.399999999999999911, 2.000000000000000444, 0.000000000000000000 ) ) ;
#1554 = CYLINDRICAL_SURFACE ( 'NONE', #1550, 0.3499999999999996447 ) ;
#1555 = EDGE_CURVE ( 'NONE', #1731, #1134, #1313, .T. ) ;
#1556 = CARTESIAN_POINT ( 'NONE',  ( -5.150000000000000355, -1.149999999999999023, -0.5000000000000000000 ) ) ;
#1557 = COORDINATED_UNIVERSAL_TIME_OFFSET ( 5, 30, .AHEAD. ) ;
#1558 = ORIENTED_EDGE ( 'NONE', *, *, #1455, .F. ) ;
#1559 = CARTESIAN_POINT ( 'NONE',  ( 5.499999999999999112, -1.500000000000001110, -0.1000000000000000056 ) ) ;
#1560 = ORIENTED_EDGE ( 'NONE', *, *, #975, .F. ) ;
#1561 = CARTESIAN_POINT ( 'NONE',  ( 2.499999999999999556, -1.500000000000000222, 0.000000000000000000 ) ) ;
#1562 = CARTESIAN_POINT ( 'NONE',  ( -4.599999999999999645, 0.8800000000000000044, -0.5000000000000001110 ) ) ;
#1563 = ORIENTED_EDGE ( 'NONE', *, *, #334, .F. ) ;
#1564 = CARTESIAN_POINT ( 'NONE',  ( 2.649999999999999467, -3.149999999999999911, 0.2999999999999999889 ) ) ;
#1565 = ADVANCED_FACE ( 'NONE', ( #1014 ), #565, .F. ) ;
#1566 = ORIENTED_EDGE ( 'NONE', *, *, #1303, .F. ) ;
#1567 = DIRECTION ( 'NONE',  ( 0.000000000000000000, 0.000000000000000000, -1.000000000000000000 ) ) ;
#1568 = ORIENTED_EDGE ( 'NONE', *, *, #344, .T. ) ;
#1569 = CARTESIAN_POINT ( 'NONE',  ( 2.999999999999999556, -1.500000000000000444, 0.000000000000000000 ) ) ;
#1570 = VECTOR ( 'NONE', #667, 100.0000000000000000 ) ;
#1571 = LOCAL_TIME ( 15, 48, 51.00000000000000000, #1140 ) ;
#1572 = DIRECTION ( 'NONE',  ( -0.000000000000000000, 0.000000000000000000, 1.000000000000000000 ) ) ;
#1573 = FACE_OUTER_BOUND ( 'NONE', #1679, .T. ) ;
#1574 = EDGE_CURVE ( 'NONE', #79, #1319, #870, .T. ) ;
#1575 = ORIENTED_EDGE ( 'NONE', *, *, #484, .T. ) ;
#1576 = DIRECTION ( 'NONE',  ( -0.000000000000000000, 0.000000000000000000, 1.000000000000000000 ) ) ;
#1577 = AXIS2_PLACEMENT_3D ( 'NONE', #1722, #1741, #1626 ) ;
#1578 = CIRCLE ( 'NONE', #795, 0.1700000000000000122 ) ;
#1579 = EDGE_CURVE ( 'NONE', #141, #717, #734, .T. ) ;
#1580 = VECTOR ( 'NONE', #644, 100.0000000000000000 ) ;
#1581 = ORIENTED_EDGE ( 'NONE', *, *, #109, .T. ) ;
#1582 = LINE ( 'NONE', #104, #1048 ) ;
#1583 = CARTESIAN_POINT ( 'NONE',  ( -2.500000000000000000, -1.499999999999999334, 0.000000000000000000 ) ) ;
#1584 = ORIENTED_EDGE ( 'NONE', *, *, #438, .T. ) ;
#1585 = DIRECTION ( 'NONE',  ( -1.000000000000000000, 0.000000000000000000, 0.000000000000000000 ) ) ;
#1586 = ORIENTED_EDGE ( 'NONE', *, *, #801, .T. ) ;
#1587 = DIRECTION ( 'NONE',  ( -0.000000000000000000, -0.000000000000000000, -1.000000000000000000 ) ) ;
#1588 = ORIENTED_EDGE ( 'NONE', *, *, #312, .F. ) ;
#1589 = DIRECTION ( 'NONE',  ( 1.652117596168387756E-16, 1.000000000000000000, 0.000000000000000000 ) ) ;
#1590 = CC_DESIGN_PERSON_AND_ORGANIZATION_ASSIGNMENT ( #1695, #1331, ( #1030 ) ) ;
#1591 = AXIS2_PLACEMENT_3D ( 'NONE', #813, #1423, #168 ) ;
#1592 = DIRECTION ( 'NONE',  ( -2.618450529776312260E-16, -1.000000000000000000, 0.000000000000000000 ) ) ;
#1593 = ORIENTED_EDGE ( 'NONE', *, *, #171, .T. ) ;
#1594 = DIRECTION ( 'NONE',  ( -0.000000000000000000, 0.000000000000000000, 1.000000000000000000 ) ) ;
#1595 = ORIENTED_EDGE ( 'NONE', *, *, #1432, .F. ) ;
#1596 = DIRECTION ( 'NONE',  ( -0.000000000000000000, -0.000000000000000000, -1.000000000000000000 ) ) ;
#1597 = EDGE_LOOP ( 'NONE', ( #1307, #874, #201, #189, #1682, #577 ) ) ;
#1598 = EDGE_CURVE ( 'NONE', #329, #52, #1265, .T. ) ;
#1599 = DIRECTION ( 'NONE',  ( -0.000000000000000000, 0.000000000000000000, 1.000000000000000000 ) ) ;
#1600 = AXIS2_PLACEMENT_3D ( 'NONE', #145, #456, #711 ) ;
#1601 = CC_DESIGN_APPROVAL ( #532, ( #1110 ) ) ;
#1602 = VERTEX_POINT ( 'NONE', #1294 ) ;
#1603 = CARTESIAN_POINT ( 'NONE',  ( -2.819999999999999396, 3.150000000000000799, 0.000000000000000000 ) ) ;
#1604 = ORIENTED_EDGE ( 'NONE', *, *, #744, .F. ) ;
#1605 = CARTESIAN_POINT ( 'NONE',  ( 1.569999999999999840, -1.999999999999999778, 0.2999999999999999889 ) ) ;
#1606 = DIRECTION ( 'NONE',  ( 1.000000000000000000, 0.000000000000000000, 0.000000000000000000 ) ) ;
#1607 = CIRCLE ( 'NONE', #95, 0.1199999999999999678 ) ;
#1608 = VECTOR ( 'NONE', #131, 100.0000000000000000 ) ;
#1609 = LINE ( 'NONE', #506, #66 ) ;
#1610 = ORIENTED_EDGE ( 'NONE', *, *, #1360, .T. ) ;
#1611 = CARTESIAN_POINT ( 'NONE',  ( 2.500000000000000000, 1.499999999999999556, 0.000000000000000000 ) ) ;
#1612 = EDGE_CURVE ( 'NONE', #1073, #75, #1427, .T. ) ;
#1613 = VERTEX_POINT ( 'NONE', #858 ) ;
#1614 = DIRECTION ( 'NONE',  ( 1.000000000000000000, 0.000000000000000000, 0.000000000000000000 ) ) ;
#1615 = CARTESIAN_POINT ( 'NONE',  ( -2.999999999999999556, 1.500000000000000444, -0.1000000000000000056 ) ) ;
#1616 = CARTESIAN_POINT ( 'NONE',  ( -4.479999999999999538, 0.8800000000000000044, -0.5000000000000001110 ) ) ;
#1617 = VERTEX_POINT ( 'NONE', #743 ) ;
#1618 = FACE_OUTER_BOUND ( 'NONE', #427, .T. ) ;
#1619 = ORIENTED_EDGE ( 'NONE', *, *, #27, .T. ) ;
#1620 = EDGE_CURVE ( 'NONE', #900, #75, #428, .T. ) ;
#1621 = LINE ( 'NONE', #529, #301 ) ;
#1622 = DIRECTION ( 'NONE',  ( 2.312964634635742957E-16, 1.000000000000000000, -0.000000000000000000 ) ) ;
#1623 = EDGE_LOOP ( 'NONE', ( #1610, #289, #461, #786 ) ) ;
#1624 = FACE_BOUND ( 'NONE', #838, .T. ) ;
#1625 = AXIS2_PLACEMENT_3D ( 'NONE', #514, #1346, #242 ) ;
#1626 = DIRECTION ( 'NONE',  ( -2.312964634635742957E-16, -1.000000000000000000, 0.000000000000000000 ) ) ;
#1627 = VECTOR ( 'NONE', #1094, 100.0000000000000000 ) ;
#1628 = ORIENTED_EDGE ( 'NONE', *, *, #1501, .F. ) ;
#1629 = DIRECTION ( 'NONE',  ( -1.000000000000000000, 0.000000000000000000, 0.000000000000000000 ) ) ;
#1630 = LINE ( 'NONE', #512, #87 ) ;
#1631 = CARTESIAN_POINT ( 'NONE',  ( 4.480000000000000426, 0.8799999999999998934, -0.1000000000000000056 ) ) ;
#1632 = EDGE_CURVE ( 'NONE', #619, #1638, #603, .T. ) ;
#1633 = DIRECTION ( 'NONE',  ( 1.000000000000000000, 0.000000000000000000, 0.000000000000000000 ) ) ;
#1634 = VECTOR ( 'NONE', #791, 100.0000000000000000 ) ;
#1635 = AXIS2_PLACEMENT_3D ( 'NONE', #881, #192, #614 ) ;
#1636 = VERTEX_POINT ( 'NONE', #154 ) ;
#1637 = DIRECTION ( 'NONE',  ( 1.000000000000000000, 0.000000000000000000, 0.000000000000000000 ) ) ;
#1638 = VERTEX_POINT ( 'NONE', #996 ) ;
#1639 = CARTESIAN_POINT ( 'NONE',  ( 2.649999999999999467, -3.149999999999999911, 0.000000000000000000 ) ) ;
#1640 = CARTESIAN_POINT ( 'NONE',  ( -3.000000000000000000, 4.956352788505164254E-16, 0.2999999999999999889 ) ) ;
#1641 = APPROVAL ( #773, 'UNSPECIFIED' ) ;
#1642 = DIRECTION ( 'NONE',  ( -0.000000000000000000, -0.000000000000000000, -1.000000000000000000 ) ) ;
#1643 = ORIENTED_EDGE ( 'NONE', *, *, #1022, .T. ) ;
#1644 = PLANE ( 'NONE',  #1375 ) ;
#1645 = VECTOR ( 'NONE', #103, 100.0000000000000000 ) ;
#1646 = ORIENTED_EDGE ( 'NONE', *, *, #1555, .T. ) ;
#1647 = LINE ( 'NONE', #828, #1115 ) ;
#1648 = ORIENTED_EDGE ( 'NONE', *, *, #1783, .F. ) ;
#1649 = DIRECTION ( 'NONE',  ( 0.000000000000000000, 0.000000000000000000, -1.000000000000000000 ) ) ;
#1650 = DIRECTION ( 'NONE',  ( 1.000000000000000000, -2.753529326947312927E-16, 0.000000000000000000 ) ) ;
#1651 = EDGE_CURVE ( 'NONE', #437, #321, #140, .T. ) ;
#1652 = CARTESIAN_POINT ( 'NONE',  ( 2.499999999999999556, -1.500000000000000222, 0.000000000000000000 ) ) ;
#1653 = EDGE_CURVE ( 'NONE', #1638, #1613, #29, .T. ) ;
#1654 = VERTEX_POINT ( 'NONE', #650 ) ;
#1655 = PLANE ( 'NONE',  #907 ) ;
#1656 = VECTOR ( 'NONE', #1078, 100.0000000000000000 ) ;
#1657 = ORIENTED_EDGE ( 'NONE', *, *, #1651, .F. ) ;
#1658 = CYLINDRICAL_SURFACE ( 'NONE', #926, 0.1199999999999999678 ) ;
#1659 = DIRECTION ( 'NONE',  ( -0.000000000000000000, 0.000000000000000000, 1.000000000000000000 ) ) ;
#1660 = PRODUCT_DEFINITION_SHAPE ( 'NONE', 'NONE',  #1790 ) ;
#1661 = CARTESIAN_POINT ( 'NONE',  ( -2.649999999999999467, 3.150000000000000799, 0.000000000000000000 ) ) ;
#1662 = CIRCLE ( 'NONE', #468, 0.1199999999999999678 ) ;
#1663 = ORIENTED_EDGE ( 'NONE', *, *, #425, .F. ) ;
#1664 = CARTESIAN_POINT ( 'NONE',  ( 2.649999999999999467, -3.500000000000001776, 0.2999999999999999889 ) ) ;
#1665 = ADVANCED_FACE ( 'NONE', ( #659 ), #939, .F. ) ;
#1666 = DIRECTION ( 'NONE',  ( -1.000000000000000000, 2.753529326947312927E-16, 0.000000000000000000 ) ) ;
#1667 = DIRECTION ( 'NONE',  ( -0.000000000000000000, -0.000000000000000000, 1.000000000000000000 ) ) ;
#1668 = DIRECTION ( 'NONE',  ( -0.000000000000000000, 0.000000000000000000, 1.000000000000000000 ) ) ;
#1669 = ORIENTED_EDGE ( 'NONE', *, *, #129, .F. ) ;
#1670 = DIRECTION ( 'NONE',  ( 1.000000000000000000, 0.000000000000000000, 0.000000000000000000 ) ) ;
#1671 = AXIS2_PLACEMENT_3D ( 'NONE', #1291, #719, #1155 ) ;
#1672 = EDGE_CURVE ( 'NONE', #185, #141, #1497, .T. ) ;
#1673 = CARTESIAN_POINT ( 'NONE',  ( 5.150000000000000355, 1.149999999999999023, -0.5000000000000000000 ) ) ;
#1674 = ORIENTED_EDGE ( 'NONE', *, *, #225, .F. ) ;
#1675 = DIRECTION ( 'NONE',  ( 1.000000000000000000, 0.000000000000000000, 0.000000000000000000 ) ) ;
#1676 = LINE ( 'NONE', #48, #146 ) ;
#1677 = PLANE ( 'NONE',  #1492 ) ;
#1678 = DIRECTION ( 'NONE',  ( 1.000000000000000000, 0.000000000000000000, 0.000000000000000000 ) ) ;
#1679 = EDGE_LOOP ( 'NONE', ( #1145, #1290, #1539, #1549 ) ) ;
#1680 = PLANE ( 'NONE',  #1076 ) ;
#1681 = VECTOR ( 'NONE', #333, 100.0000000000000000 ) ;
#1682 = ORIENTED_EDGE ( 'NONE', *, *, #1769, .T. ) ;
#1683 = DIRECTION ( 'NONE',  ( 1.000000000000000000, 0.000000000000000000, 0.000000000000000000 ) ) ;
#1684 = FACE_BOUND ( 'NONE', #1243, .T. ) ;
#1685 = DIRECTION ( 'NONE',  ( 1.000000000000000000, 0.000000000000000000, 0.000000000000000000 ) ) ;
#1686 = VECTOR ( 'NONE', #1103, 100.0000000000000000 ) ;
#1687 =( NAMED_UNIT ( * ) SI_UNIT ( $, .STERADIAN. ) SOLID_ANGLE_UNIT ( ) );
#1688 = ORIENTED_EDGE ( 'NONE', *, *, #1701, .T. ) ;
#1689 = DIRECTION ( 'NONE',  ( -1.000000000000000000, 0.000000000000000000, 0.000000000000000000 ) ) ;
#1690 = EDGE_LOOP ( 'NONE', ( #1284, #960, #1628, #1011 ) ) ;
#1691 = DIRECTION ( 'NONE',  ( -0.000000000000000000, -0.000000000000000000, 1.000000000000000000 ) ) ;
#1692 = EDGE_CURVE ( 'NONE', #1516, #1217, #896, .T. ) ;
#1693 = DIRECTION ( 'NONE',  ( -0.000000000000000000, -0.000000000000000000, -1.000000000000000000 ) ) ;
#1694 = CARTESIAN_POINT ( 'NONE',  ( -2.499999999999999556, 1.500000000000000444, 0.000000000000000000 ) ) ;
#1695 = PERSON_AND_ORGANIZATION ( #597, #1739 ) ;
#1696 = ORIENTED_EDGE ( 'NONE', *, *, #767, .F. ) ;
#1697 = FACE_OUTER_BOUND ( 'NONE', #1531, .T. ) ;
#1698 = ORIENTED_EDGE ( 'NONE', *, *, #498, .F. ) ;
#1699 = CARTESIAN_POINT ( 'NONE',  ( -2.820000000000000284, -3.149999999999999911, 0.000000000000000000 ) ) ;
#1700 = DIRECTION ( 'NONE',  ( -0.000000000000000000, -0.000000000000000000, -1.000000000000000000 ) ) ;
#1701 = EDGE_CURVE ( 'NONE', #1032, #609, #1137, .T. ) ;
#1702 = DIRECTION ( 'NONE',  ( -0.000000000000000000, -0.000000000000000000, -1.000000000000000000 ) ) ;
#1703 = ORIENTED_EDGE ( 'NONE', *, *, #718, .F. ) ;
#1704 = CARTESIAN_POINT ( 'NONE',  ( 2.650000000000000799, 3.149999999999999911, 0.2999999999999999889 ) ) ;
#1705 = AXIS2_PLACEMENT_3D ( 'NONE', #837, #258, #675 ) ;
#1706 = EDGE_LOOP ( 'NONE', ( #564, #305, #1460, #499, #159, #229 ) ) ;
#1707 = DIRECTION ( 'NONE',  ( 0.000000000000000000, 0.000000000000000000, 1.000000000000000000 ) ) ;
#1708 = AXIS2_PLACEMENT_3D ( 'NONE', #306, #583, #162 ) ;
#1709 = DIRECTION ( 'NONE',  ( 2.312964634635742957E-16, 1.000000000000000000, 0.000000000000000000 ) ) ;
#1710 = ORIENTED_EDGE ( 'NONE', *, *, #245, .T. ) ;
#1711 = DIRECTION ( 'NONE',  ( -0.000000000000000000, -0.000000000000000000, -1.000000000000000000 ) ) ;
#1712 = ORIENTED_EDGE ( 'NONE', *, *, #1007, .T. ) ;
#1713 = EDGE_CURVE ( 'NONE', #43, #1602, #1451, .T. ) ;
#1714 = FACE_OUTER_BOUND ( 'NONE', #1476, .T. ) ;
#1715 = AXIS2_PLACEMENT_3D ( 'NONE', #1368, #395, #889 ) ;
#1716 = AXIS2_PLACEMENT_3D ( 'NONE', #1130, #1370, #1121 ) ;
#1717 = CIRCLE ( 'NONE', #618, 0.1700000000000000122 ) ;
#1718 = ORIENTED_EDGE ( 'NONE', *, *, #1735, .T. ) ;
#1719 = CARTESIAN_POINT ( 'NONE',  ( -4.719999999999998863, -0.8800000000000000044, -0.1000000000000000056 ) ) ;
#1720 = LINE ( 'NONE', #69, #558 ) ;
#1721 = ORIENTED_EDGE ( 'NONE', *, *, #61, .F. ) ;
#1722 = CARTESIAN_POINT ( 'NONE',  ( -2.500000000000000000, 6.112835105823034007E-16, 0.000000000000000000 ) ) ;
#1723 = ORIENTED_EDGE ( 'NONE', *, *, #148, .F. ) ;
#1724 = CARTESIAN_POINT ( 'NONE',  ( -1.569999999999999840, 2.000000000000000444, 0.000000000000000000 ) ) ;
#1725 = EDGE_CURVE ( 'NONE', #1126, #751, #1219, .T. ) ;
#1726 = ORIENTED_EDGE ( 'NONE', *, *, #1672, .T. ) ;
#1727 = CIRCLE ( 'NONE', #831, 0.1700000000000000122 ) ;
#1728 = LINE ( 'NONE', #753, #797 ) ;
#1729 = CARTESIAN_POINT ( 'NONE',  ( 3.000000000000000444, 1.499999999999999334, 0.000000000000000000 ) ) ;
#1730 = CYLINDRICAL_SURFACE ( 'NONE', #1144, 0.3500000000000003109 ) ;
#1731 = VERTEX_POINT ( 'NONE', #1760 ) ;
#1732 = DIRECTION ( 'NONE',  ( -1.000000000000000000, 1.652117596168387756E-16, 0.000000000000000000 ) ) ;
#1733 = EDGE_LOOP ( 'NONE', ( #1394, #1779, #113, #936 ) ) ;
#1734 = EDGE_CURVE ( 'NONE', #240, #1062, #1630, .T. ) ;
#1735 = EDGE_CURVE ( 'NONE', #1126, #1217, #1582, .T. ) ;
#1736 = DIRECTION ( 'NONE',  ( -0.000000000000000000, -0.000000000000000000, -1.000000000000000000 ) ) ;
#1737 = CIRCLE ( 'NONE', #169, 0.1700000000000000122 ) ;
#1738 = PERSON_AND_ORGANIZATION_ROLE ( 'creator' ) ;
#1739 = ORGANIZATION ( 'UNSPECIFIED', 'UNSPECIFIED', '' ) ;
#1740 = ORIENTED_EDGE ( 'NONE', *, *, #839, .T. ) ;
#1741 = DIRECTION ( 'NONE',  ( -1.000000000000000000, 2.312964634635742957E-16, 0.000000000000000000 ) ) ;
#1742 = ORIENTED_EDGE ( 'NONE', *, *, #1620, .F. ) ;
#1743 = FACE_OUTER_BOUND ( 'NONE', #780, .T. ) ;
#1744 = CARTESIAN_POINT ( 'NONE',  ( -2.480000000000000426, -3.149999999999999911, 0.000000000000000000 ) ) ;
#1745 = AXIS2_PLACEMENT_3D ( 'NONE', #918, #909, #1194 ) ;
#1746 = DIRECTION ( 'NONE',  ( 1.000000000000000000, 0.000000000000000000, 0.000000000000000000 ) ) ;
#1747 = EDGE_CURVE ( 'NONE', #507, #421, #886, .T. ) ;
#1748 = CARTESIAN_POINT ( 'NONE',  ( -2.500000000000000000, -1.499999999999999334, 0.000000000000000000 ) ) ;
#1749 = ORIENTED_EDGE ( 'NONE', *, *, #1408, .T. ) ;
#1750 = LINE ( 'NONE', #215, #1645 ) ;
#1751 = DIRECTION ( 'NONE',  ( 1.000000000000000000, 0.000000000000000000, 0.000000000000000000 ) ) ;
#1752 = ORIENTED_EDGE ( 'NONE', *, *, #245, .F. ) ;
#1753 = CARTESIAN_POINT ( 'NONE',  ( -4.719999999999998863, -0.8800000000000000044, -0.5000000000000001110 ) ) ;
#1754 = CIRCLE ( 'NONE', #542, 0.1700000000000000122 ) ;
#1755 = EDGE_LOOP ( 'NONE', ( #238, #1354 ) ) ;
#1756 = DIRECTION ( 'NONE',  ( -0.000000000000000000, 0.000000000000000000, 1.000000000000000000 ) ) ;
#1757 = ORIENTED_EDGE ( 'NONE', *, *, #300, .F. ) ;
#1758 = DIRECTION ( 'NONE',  ( 1.000000000000000000, 0.000000000000000000, 0.000000000000000000 ) ) ;
#1759 = EDGE_CURVE ( 'NONE', #1654, #1466, #325, .T. ) ;
#1760 = CARTESIAN_POINT ( 'NONE',  ( -4.479999999999999538, 0.8800000000000000044, -0.1000000000000000056 ) ) ;
#1761 = DIRECTION ( 'NONE',  ( -0.000000000000000000, 0.000000000000000000, 1.000000000000000000 ) ) ;
#1762 = CARTESIAN_POINT ( 'NONE',  ( 3.000000000000000000, -8.260587980841938780E-16, 0.000000000000000000 ) ) ;
#1763 = AXIS2_PLACEMENT_3D ( 'NONE', #1798, #556, #409 ) ;
#1764 = VERTEX_POINT ( 'NONE', #56 ) ;
#1765 = DIRECTION ( 'NONE',  ( -0.000000000000000000, -0.000000000000000000, -1.000000000000000000 ) ) ;
#1766 = VECTOR ( 'NONE', #1650, 100.0000000000000000 ) ;
#1767 = VERTEX_POINT ( 'NONE', #1719 ) ;
#1768 = DIRECTION ( 'NONE',  ( 1.000000000000000000, 0.000000000000000000, 0.000000000000000000 ) ) ;
#1769 = EDGE_CURVE ( 'NONE', #315, #747, #222, .T. ) ;
#1770 = EDGE_CURVE ( 'NONE', #52, #1495, #1515, .T. ) ;
#1771 = LINE ( 'NONE', #1209, #1538 ) ;
#1772 = LINE ( 'NONE', #548, #433 ) ;
#1773 = VECTOR ( 'NONE', #1765, 100.0000000000000000 ) ;
#1774 = AXIS2_PLACEMENT_3D ( 'NONE', #1481, #1186, #485 ) ;
#1775 = ORIENTED_EDGE ( 'NONE', *, *, #183, .F. ) ;
#1776 = CARTESIAN_POINT ( 'NONE',  ( 1.569999999999999840, 2.000000000000000444, 0.000000000000000000 ) ) ;
#1777 = ORIENTED_EDGE ( 'NONE', *, *, #1396, .T. ) ;
#1778 = DIRECTION ( 'NONE',  ( -1.000000000000000000, 0.000000000000000000, 0.000000000000000000 ) ) ;
#1779 = ORIENTED_EDGE ( 'NONE', *, *, #311, .T. ) ;
#1780 = DIRECTION ( 'NONE',  ( 1.000000000000000000, 0.000000000000000000, 0.000000000000000000 ) ) ;
#1781 = ADVANCED_FACE ( 'NONE', ( #366 ), #796, .F. ) ;
#1782 = CARTESIAN_POINT ( 'NONE',  ( 2.649999999999999467, -3.149999999999999911, 0.2999999999999999889 ) ) ;
#1783 = EDGE_CURVE ( 'NONE', #1441, #1042, #931, .T. ) ;
#1784 = CARTESIAN_POINT ( 'NONE',  ( 4.720000000000000639, -0.8800000000000002265, -0.5000000000000001110 ) ) ;
#1785 = VERTEX_POINT ( 'NONE', #716 ) ;
#1786 = CARTESIAN_POINT ( 'NONE',  ( 5.500000000000000000, 1.149999999999999023, -0.5000000000000000000 ) ) ;
#1787 = ORIENTED_EDGE ( 'NONE', *, *, #839, .F. ) ;
#1788 = DIRECTION ( 'NONE',  ( 0.000000000000000000, -0.000000000000000000, -1.000000000000000000 ) ) ;
#1789 = DIRECTION ( 'NONE',  ( -1.000000000000000000, 0.000000000000000000, 0.000000000000000000 ) ) ;
#1790 = PRODUCT_DEFINITION ( 'UNKNOWN', '', #1371, #585 ) ;
#1791 = EDGE_CURVE ( 'NONE', #1602, #747, #281, .T. ) ;
#1792 = DIRECTION ( 'NONE',  ( -1.000000000000000000, 0.000000000000000000, 0.000000000000000000 ) ) ;
#1793 = ORIENTED_EDGE ( 'NONE', *, *, #1303, .T. ) ;
#1794 = CYLINDRICAL_SURFACE ( 'NONE', #1027, 0.1700000000000000122 ) ;
#1795 = AXIS2_PLACEMENT_3D ( 'NONE', #633, #678, #106 ) ;
#1796 = EDGE_LOOP ( 'NONE', ( #995, #4, #310, #941 ) ) ;
#1797 = CC_DESIGN_APPROVAL ( #367, ( #1371 ) ) ;
#1798 = CARTESIAN_POINT ( 'NONE',  ( 2.650000000000000799, 3.149999999999999911, 0.2999999999999999889 ) ) ;
#1799 = CARTESIAN_POINT ( 'NONE',  ( 2.650000000000000799, 3.149999999999999911, 0.000000000000000000 ) ) ;
#1800 = CIRCLE ( 'NONE', #177, 0.1199999999999999678 ) ;
#1801 = CARTESIAN_POINT ( 'NONE',  ( -1.569999999999999840, 2.000000000000000444, 0.2999999999999999889 ) ) ;
ENDSEC;
END-ISO-10303-21;
